<step title="BackgroundTrace" date="2025-07-17T13:08:30.220" instance="15b9d3" url="/deploy" method="POST" >
  <step title="Updating shutdown sentinel last write time" date="2025-07-17T13:08:30.314" SemaphoreCount="7" /><!-- duration: 0ms -->
  <step title="LockFile &apos;C:\home\site\locks\deployments.lock&apos; acquired" date="2025-07-17T13:08:30.330" /><!-- duration: 16ms -->
  <step title="Creating temporary deployment" date="2025-07-17T13:08:30.345" /><!-- duration: 65ms -->
  <step title="Performing fetch based deployment" date="2025-07-17T13:08:30.423" >
    <step title="Fetching changes." date="2025-07-17T13:08:30.581" /><!-- duration: 19ms -->
    <step title="Before sending BuildRequestReceived status to /api/updatedeploystatus" date="2025-07-17T13:08:33.146" /><!-- duration: 28ms -->
    <step title="DeploymentManager.Deploy(id:bbac3ebb906f053fd2256c7e177ac1454e458c9d)" date="2025-07-17T13:08:33.315" >
      <step title="Collecting changeset information" date="2025-07-17T13:08:33.345" /><!-- duration: 125ms -->
      <step title="Updating submodules" date="2025-07-17T13:08:33.470" >
        <step title="Updating submodules." date="2025-07-17T13:08:34.143" /><!-- duration: 0ms -->
      </step><!-- duration: 692ms -->
      <step title="Preparing deployment for commit id &apos;bbac3ebb90&apos;." date="2025-07-17T13:08:34.267" /><!-- duration: 18ms -->
      <step title="Determining deployment builder" date="2025-07-17T13:08:34.439" >
        <step title="Builder is CustomBuilder" date="2025-07-17T13:08:34.457" /><!-- duration: 0ms -->
      </step><!-- duration: 64ms -->
      <step title="Copying SSH keys" date="2025-07-17T13:08:34.517" /><!-- duration: 16ms -->
      <step title="Building" date="2025-07-17T13:08:34.549" >
        <step title="Running custom deployment command..." date="2025-07-17T13:08:34.627" /><!-- duration: 16ms -->
        <step title="Running deployment command..." date="2025-07-17T13:08:34.736" /><!-- duration: 0ms -->
        <step title="Command: deploy.cmd" date="2025-07-17T13:08:34.800" /><!-- duration: 15ms -->
        <step title="Executing external process" date="2025-07-17T13:08:35.345" type="process" path="starter.cmd" arguments="deploy.cmd" >
          <step title="Handling ASP.NET Core Web Application deployment." date="2025-07-17T13:08:37.908" /><!-- duration: 17ms -->
          <step title="  Determining projects to restore..." date="2025-07-17T13:08:46.878" /><!-- duration: 30ms -->
          <step title="  All projects are up-to-date for restore." date="2025-07-17T13:08:49.647" /><!-- duration: 11ms -->
          <step title="C:\home\site\repository\Backend\Controllers\DiagnosticController.cs(29,58): warning CS8625: Cannot convert null literal to non-nullable reference type. [C:\home\site\repository\Backend\Backend.csproj]" date="2025-07-17T13:09:52.872" /><!-- duration: 19ms -->
          <step title="C:\home\site\repository\Backend\Services\ChatService.cs(39,69): warning CS8625: Cannot convert null literal to non-nullable reference type. [C:\home\site\repository\Backend\Backend.csproj]" date="2025-07-17T13:09:52.920" /><!-- duration: 13ms -->
          <step title="C:\home\site\repository\Backend\Models\ChatModels.cs(27,23): warning CS8618: Non-nullable property &apos;DocumentInfo&apos; must contain a non-null value when exiting constructor. Consider adding the &apos;required&apos; modifier or declaring the property as nullable. [C:\home\site\repository\Backend\Backend.csproj]" date="2025-07-17T13:09:52.949" /><!-- duration: 19ms -->
          <step title="C:\home\site\repository\Backend\Controllers\DocumentChatController.cs(159,47): warning CS8600: Converting null literal or possible null value to non-nullable type. [C:\home\site\repository\Backend\Backend.csproj]" date="2025-07-17T13:09:52.996" /><!-- duration: 0ms -->
          <step title="C:\home\site\repository\Backend\Controllers\DocumentChatController.cs(163,44): warning CS8600: Converting null literal or possible null value to non-nullable type. [C:\home\site\repository\Backend\Backend.csproj]" date="2025-07-17T13:09:53.027" /><!-- duration: 0ms -->
          <step title="C:\home\site\repository\Backend\Controllers\DocumentChatController.cs(231,36): warning CS8602: Dereference of a possibly null reference. [C:\home\site\repository\Backend\Backend.csproj]" date="2025-07-17T13:09:53.062" /><!-- duration: 28ms -->
          <step title="C:\home\site\repository\Backend\Controllers\DocumentChatController.cs(257,47): warning CS8600: Converting null literal or possible null value to non-nullable type. [C:\home\site\repository\Backend\Backend.csproj]" date="2025-07-17T13:09:53.214" /><!-- duration: 18ms -->
          <step title="C:\home\site\repository\Backend\Services\AzureFunctionService.cs(50,33): warning CS8600: Converting null literal or possible null value to non-nullable type. [C:\home\site\repository\Backend\Backend.csproj]" date="2025-07-17T13:09:53.308" /><!-- duration: 17ms -->
          <step title="C:\home\site\repository\Backend\Services\AzureFunctionService.cs(51,36): warning CS8600: Converting null literal or possible null value to non-nullable type. [C:\home\site\repository\Backend\Backend.csproj]" date="2025-07-17T13:09:53.371" /><!-- duration: 18ms -->
          <step title="C:\home\site\repository\Backend\Services\AzureFunctionService.cs(62,33): warning CS8600: Converting null literal or possible null value to non-nullable type. [C:\home\site\repository\Backend\Backend.csproj]" date="2025-07-17T13:09:53.436" /><!-- duration: 0ms -->
          <step title="C:\home\site\repository\Backend\Services\AzureFunctionService.cs(63,36): warning CS8600: Converting null literal or possible null value to non-nullable type. [C:\home\site\repository\Backend\Backend.csproj]" date="2025-07-17T13:09:53.464" /><!-- duration: 18ms -->
          <step title="C:\home\site\repository\Backend\Services\DocumentPersistenceService.cs(73,36): warning CS8600: Converting null literal or possible null value to non-nullable type. [C:\home\site\repository\Backend\Backend.csproj]" date="2025-07-17T13:09:53.501" /><!-- duration: 10ms -->
          <step title="C:\home\site\repository\Backend\Services\DocumentPersistenceService.cs(89,45): warning CS8601: Possible null reference assignment. [C:\home\site\repository\Backend\Backend.csproj]" date="2025-07-17T13:09:53.529" /><!-- duration: 13ms -->
          <step title="C:\home\site\repository\Backend\Services\DocumentPersistenceService.cs(92,43): warning CS8601: Possible null reference assignment. [C:\home\site\repository\Backend\Backend.csproj]" date="2025-07-17T13:09:53.558" /><!-- duration: 19ms -->
          <step title="C:\home\site\repository\Backend\Services\DocumentPersistenceService.cs(107,41): warning CS8601: Possible null reference assignment. [C:\home\site\repository\Backend\Backend.csproj]" date="2025-07-17T13:09:53.589" /><!-- duration: 0ms -->
          <step title="C:\home\site\repository\Backend\Services\DocumentPersistenceService.cs(110,39): warning CS8601: Possible null reference assignment. [C:\home\site\repository\Backend\Backend.csproj]" date="2025-07-17T13:09:53.606" /><!-- duration: 0ms -->
          <step title="C:\home\site\repository\Backend\Services\DocumentPersistenceService.cs(122,50): warning CS8602: Dereference of a possibly null reference. [C:\home\site\repository\Backend\Backend.csproj]" date="2025-07-17T13:09:53.624" /><!-- duration: 12ms -->
          <step title="C:\home\site\repository\Backend\Program.cs(107,25): warning CS8604: Possible null reference argument for parameter &apos;uriString&apos; in &apos;Uri.Uri(string uriString)&apos;. [C:\home\site\repository\Backend\Backend.csproj]" date="2025-07-17T13:09:53.636" /><!-- duration: 0ms -->
          <step title="C:\home\site\repository\Backend\Program.cs(108,46): warning CS8604: Possible null reference argument for parameter &apos;key&apos; in &apos;AzureKeyCredential.AzureKeyCredential(string key)&apos;. [C:\home\site\repository\Backend\Backend.csproj]" date="2025-07-17T13:09:53.652" /><!-- duration: 0ms -->
          <step title="C:\home\site\repository\Backend\Program.cs(162,9): warning CS8602: Dereference of a possibly null reference. [C:\home\site\repository\Backend\Backend.csproj]" date="2025-07-17T13:09:53.683" /><!-- duration: 0ms -->
          <step title="C:\home\site\repository\Backend\Services\ChatService.cs(106,42): warning CS8600: Converting null literal or possible null value to non-nullable type. [C:\home\site\repository\Backend\Backend.csproj]" date="2025-07-17T13:09:53.683" /><!-- duration: 16ms -->
          <step title="C:\home\site\repository\Backend\Services\ChatService.cs(107,39): warning CS8600: Converting null literal or possible null value to non-nullable type. [C:\home\site\repository\Backend\Backend.csproj]" date="2025-07-17T13:09:53.730" /><!-- duration: 16ms -->
          <step title="C:\home\site\repository\Backend\Services\ChatService.cs(135,100): warning CS8604: Possible null reference argument for parameter &apos;userMessage&apos; in &apos;string IDocumentContextService.PrepareDocumentContext(DocumentInfo documentInfo, string userMessage)&apos;. [C:\home\site\repository\Backend\Backend.csproj]" date="2025-07-17T13:09:53.761" /><!-- duration: 0ms -->
          <step title="C:\home\site\repository\Backend\Services\ChatService.cs(173,54): warning CS8600: Converting null literal or possible null value to non-nullable type. [C:\home\site\repository\Backend\Backend.csproj]" date="2025-07-17T13:09:53.777" /><!-- duration: 0ms -->
          <step title="C:\home\site\repository\Backend\Services\ChatService.cs(258,95): warning CS8604: Possible null reference argument for parameter &apos;userMessage&apos; in &apos;Task IAzureFunctionService.SaveConversationAsync(string userMessage, string aiResponse)&apos;. [C:\home\site\repository\Backend\Backend.csproj]" date="2025-07-17T13:09:53.812" /><!-- duration: 0ms -->
          <step title="C:\home\site\repository\Backend\Services\ChatService.cs(258,104): warning CS8604: Possible null reference argument for parameter &apos;aiResponse&apos; in &apos;Task IAzureFunctionService.SaveConversationAsync(string userMessage, string aiResponse)&apos;. [C:\home\site\repository\Backend\Backend.csproj]" date="2025-07-17T13:09:53.858" /><!-- duration: 0ms -->
          <step title="C:\home\site\repository\Backend\Services\ChatService.cs(296,28): warning CS8603: Possible null reference return. [C:\home\site\repository\Backend\Backend.csproj]" date="2025-07-17T13:09:53.871" /><!-- duration: 16ms -->
          <step title="C:\home\site\repository\Backend\Controllers\ChatController.cs(84,45): warning CS8600: Converting null literal or possible null value to non-nullable type. [C:\home\site\repository\Backend\Backend.csproj]" date="2025-07-17T13:09:53.902" /><!-- duration: 0ms -->
          <step title="C:\home\site\repository\Backend\Controllers\ChatController.cs(92,36): warning CS8600: Converting null literal or possible null value to non-nullable type. [C:\home\site\repository\Backend\Backend.csproj]" date="2025-07-17T13:09:53.918" /><!-- duration: 0ms -->
          <step title="C:\home\site\repository\Backend\Controllers\ChatController.cs(98,40): warning CS8600: Converting null literal or possible null value to non-nullable type. [C:\home\site\repository\Backend\Backend.csproj]" date="2025-07-17T13:09:53.933" /><!-- duration: 0ms -->
          <step title="C:\home\site\repository\Backend\Services\DocumentPersistenceService.cs(190,24): warning CS8603: Possible null reference return. [C:\home\site\repository\Backend\Backend.csproj]" date="2025-07-17T13:09:53.949" /><!-- duration: 16ms -->
          <step title="C:\home\site\repository\Backend\Services\DocumentPersistenceService.cs(227,32): warning CS8603: Possible null reference return. [C:\home\site\repository\Backend\Backend.csproj]" date="2025-07-17T13:09:54.030" /><!-- duration: 12ms -->
          <step title="C:\home\site\repository\Backend\Services\DocumentPersistenceService.cs(302,40): warning CS8603: Possible null reference return. [C:\home\site\repository\Backend\Backend.csproj]" date="2025-07-17T13:09:54.152" /><!-- duration: 0ms -->
          <step title="C:\home\site\repository\Backend\Services\DocumentPersistenceService.cs(318,32): warning CS8603: Possible null reference return. [C:\home\site\repository\Backend\Backend.csproj]" date="2025-07-17T13:09:54.183" /><!-- duration: 16ms -->
          <step title="C:\home\site\repository\Backend\Services\DocumentPersistenceService.cs(332,20): warning CS8603: Possible null reference return. [C:\home\site\repository\Backend\Backend.csproj]" date="2025-07-17T13:09:54.215" /><!-- duration: 0ms -->
          <step title="C:\home\site\repository\Backend\Services\DocumentContextService.cs(396,41): warning CS1998: This async method lacks &apos;await&apos; operators and will run synchronously. Consider using the &apos;await&apos; operator to await non-blocking API calls, or &apos;await Task.Run(...)&apos; to do CPU-bound work on a background thread. [C:\home\site\repository\Backend\Backend.csproj]" date="2025-07-17T13:09:54.247" /><!-- duration: 30ms -->
          <step title="C:\home\site\repository\Backend\Services\LegacyEndpointHandler.cs(75,41): warning CS8601: Possible null reference assignment. [C:\home\site\repository\Backend\Backend.csproj]" date="2025-07-17T13:09:54.295" /><!-- duration: 0ms -->
          <step title="C:\home\site\repository\Backend\Services\LegacyEndpointHandler.cs(124,39): warning CS8600: Converting null literal or possible null value to non-nullable type. [C:\home\site\repository\Backend\Backend.csproj]" date="2025-07-17T13:09:54.324" /><!-- duration: 0ms -->
          <step title="C:\home\site\repository\Backend\Services\LegacyEndpointHandler.cs(126,38): warning CS8602: Dereference of a possibly null reference. [C:\home\site\repository\Backend\Backend.csproj]" date="2025-07-17T13:09:54.341" /><!-- duration: 14ms -->
          <step title="C:\home\site\repository\Backend\Services\LegacyEndpointHandler.cs(236,36): warning CS8601: Possible null reference assignment. [C:\home\site\repository\Backend\Backend.csproj]" date="2025-07-17T13:09:54.371" /><!-- duration: 0ms -->
          <step title="C:\home\site\repository\Backend\Controllers\ChatController.cs(330,43): warning CS8600: Converting null literal or possible null value to non-nullable type. [C:\home\site\repository\Backend\Backend.csproj]" date="2025-07-17T13:09:54.386" /><!-- duration: 0ms -->
          <step title="C:\home\site\repository\Backend\Controllers\ChatController.cs(345,69): warning CS8604: Possible null reference argument for parameter &apos;message&apos; in &apos;Task&lt;IActionResult&gt; DocumentChatController.ChatWithFile(IFormFile file, string message, string? clientSessionId = null)&apos;. [C:\home\site\repository\Backend\Backend.csproj]" date="2025-07-17T13:09:54.402" /><!-- duration: 0ms -->
          <step title="C:\home\site\repository\Backend\Controllers\ChatController.cs(385,39): warning CS8600: Converting null literal or possible null value to non-nullable type. [C:\home\site\repository\Backend\Backend.csproj]" date="2025-07-17T13:09:54.418" /><!-- duration: 16ms -->
          <step title="C:\home\site\repository\Backend\Controllers\ChatController.cs(427,46): warning CS8600: Converting null literal or possible null value to non-nullable type. [C:\home\site\repository\Backend\Backend.csproj]" date="2025-07-17T13:09:54.433" /><!-- duration: 16ms -->
          <step title="C:\home\site\repository\Backend\Controllers\ConfigController.cs(82,35): warning CS8600: Converting null literal or possible null value to non-nullable type. [C:\home\site\repository\Backend\Backend.csproj]" date="2025-07-17T13:09:54.464" /><!-- duration: 18ms -->
          <step title="C:\home\site\repository\Backend\Controllers\ConfigController.cs(83,36): warning CS8600: Converting null literal or possible null value to non-nullable type. [C:\home\site\repository\Backend\Backend.csproj]" date="2025-07-17T13:09:54.511" /><!-- duration: 18ms -->
          <step title="C:\home\site\repository\Backend\Services\DocumentProcessingService.cs(127,28): warning CS8602: Dereference of a possibly null reference. [C:\home\site\repository\Backend\Backend.csproj]" date="2025-07-17T13:09:54.918" /><!-- duration: 47ms -->
          <step title="C:\home\site\repository\Backend\Services\DocumentProcessingService.cs(127,28): warning CS8602: Dereference of a possibly null reference. [C:\home\site\repository\Backend\Backend.csproj]" date="2025-07-17T13:09:54.981" /><!-- duration: 19ms -->
          <step title="C:\home\site\repository\Backend\Services\DocumentProcessingService.cs(147,45): warning CS8602: Dereference of a possibly null reference. [C:\home\site\repository\Backend\Backend.csproj]" date="2025-07-17T13:09:55.028" /><!-- duration: 0ms -->
          <step title="C:\home\site\repository\Backend\Services\DocumentProcessingService.cs(155,81): warning CS8604: Possible null reference argument for parameter &apos;id&apos; in &apos;OpenXmlPart OpenXmlPartContainer.GetPartById(string id)&apos;. [C:\home\site\repository\Backend\Backend.csproj]" date="2025-07-17T13:09:55.325" /><!-- duration: 77ms -->
          <step title="C:\home\site\repository\Backend\Services\DocumentProcessingService.cs(168,64): warning CS8604: Possible null reference argument for parameter &apos;sharedStringTable&apos; in &apos;string DocumentProcessingService.GetCellValue(Cell cell, SharedStringTable sharedStringTable)&apos;. [C:\home\site\repository\Backend\Backend.csproj]" date="2025-07-17T13:09:55.746" /><!-- duration: 47ms -->
          <step title="C:\home\site\repository\Backend\Controllers\DiagnosticController.cs(177,37): warning CS8600: Converting null literal or possible null value to non-nullable type. [C:\home\site\repository\Backend\Backend.csproj]" date="2025-07-17T13:09:55.887" /><!-- duration: 0ms -->
          <step title="C:\home\site\repository\Backend\Controllers\DiagnosticController.cs(263,124): warning CS8602: Dereference of a possibly null reference. [C:\home\site\repository\Backend\Backend.csproj]" date="2025-07-17T13:09:56.574" /><!-- duration: 501ms -->
          <step title="C:\home\site\repository\Backend\Controllers\DiagnosticController.cs(413,31): warning CS8602: Dereference of a possibly null reference. [C:\home\site\repository\Backend\Backend.csproj]" date="2025-07-17T13:09:57.839" /><!-- duration: 78ms -->
          <step title="C:\home\site\repository\Backend\Controllers\DiagnosticController.cs(461,54): warning CS8602: Dereference of a possibly null reference. [C:\home\site\repository\Backend\Backend.csproj]" date="2025-07-17T13:09:59.386" /><!-- duration: 16ms -->
          <step title="C:\home\site\repository\Backend\Controllers\DiagnosticController.cs(513,76): warning CS8600: Converting null literal or possible null value to non-nullable type. [C:\home\site\repository\Backend\Backend.csproj]" date="2025-07-17T13:09:59.654" /><!-- duration: 154ms -->
          <step title="C:\home\site\repository\Backend\Controllers\DiagnosticController.cs(514,79): warning CS8600: Converting null literal or possible null value to non-nullable type. [C:\home\site\repository\Backend\Backend.csproj]" date="2025-07-17T13:10:00.074" /><!-- duration: 64ms -->
          <step title="C:\home\site\repository\Backend\Controllers\DiagnosticController.cs(515,85): warning CS8600: Converting null literal or possible null value to non-nullable type. [C:\home\site\repository\Backend\Backend.csproj]" date="2025-07-17T13:10:00.250" /><!-- duration: 28ms -->
          <step title="C:\home\site\repository\Backend\Controllers\DiagnosticController.cs(529,80): warning CS8600: Converting null literal or possible null value to non-nullable type. [C:\home\site\repository\Backend\Backend.csproj]" date="2025-07-17T13:10:00.355" /><!-- duration: 64ms -->
          <step title="C:\home\site\repository\Backend\Controllers\DiagnosticController.cs(581,99): warning CS8604: Possible null reference argument for parameter &apos;oldValue&apos; in &apos;string string.Replace(string oldValue, string? newValue)&apos;. [C:\home\site\repository\Backend\Backend.csproj]" date="2025-07-17T13:10:00.480" /><!-- duration: 78ms -->
          <step title="C:\home\site\repository\Backend\Controllers\DiagnosticController.cs(593,48): warning CS8600: Converting null literal or possible null value to non-nullable type. [C:\home\site\repository\Backend\Backend.csproj]" date="2025-07-17T13:10:00.652" /><!-- duration: 16ms -->
          <step title="C:\home\site\repository\Backend\Controllers\DiagnosticController.cs(648,52): warning CS8600: Converting null literal or possible null value to non-nullable type. [C:\home\site\repository\Backend\Backend.csproj]" date="2025-07-17T13:10:00.750" /><!-- duration: 46ms -->
          <step title="C:\home\site\repository\Backend\Program.cs(65,14): warning ASP0000: Calling &apos;BuildServiceProvider&apos; from application code results in an additional copy of singleton services being created. Consider alternatives such as dependency injecting services as parameters to &apos;Configure&apos;. (https://aka.ms/AA5k895) [C:\home\site\repository\Backend\Backend.csproj]" date="2025-07-17T13:10:01.011" /><!-- duration: 391ms -->
          <step title="C:\home\site\repository\Backend\Controllers\ChatController.cs(412,31): warning CA2022: Avoid inexact read with &apos;System.IO.Stream.ReadAsync(byte[], int, int)&apos; (https://learn.microsoft.com/dotnet/fundamentals/code-analysis/quality-rules/ca2022) [C:\home\site\repository\Backend\Backend.csproj]" date="2025-07-17T13:10:01.496" /><!-- duration: 97ms -->
          <step title="  Backend -&gt; C:\home\site\repository\Backend\bin\Release\net9.0\Backend.dll" date="2025-07-17T13:10:01.751" /><!-- duration: 47ms -->
          <step title="  Backend -&gt; C:\local\Temp\8ddc53309366099\" date="2025-07-17T13:10:06.918" /><!-- duration: 192ms -->
          <step title="Creating app_offline.htm" date="2025-07-17T13:10:15.923" /><!-- duration: 10ms -->
          <step title="KuduSync.NET from: &apos;C:\local\Temp\8ddc53309366099&apos; to: &apos;C:\home\site\wwwroot&apos;" date="2025-07-17T13:10:15.968" /><!-- duration: 0ms -->
          <step title="Copying file: &apos;Backend.dll&apos;" date="2025-07-17T13:10:15.996" /><!-- duration: 19ms -->
          <step title="Copying file: &apos;Backend.exe&apos;" date="2025-07-17T13:10:16.044" /><!-- duration: 0ms -->
          <step title="Copying file: &apos;Backend.pdb&apos;" date="2025-07-17T13:10:16.296" /><!-- duration: 94ms -->
          <step title="Copying file: &apos;Backend.staticwebassets.endpoints.json&apos;" date="2025-07-17T13:10:16.482" /><!-- duration: 0ms -->
          <step title="Copying file: &apos;wwwroot\js\document-handler.js&apos;" date="2025-07-17T13:10:16.529" /><!-- duration: 0ms -->
          <step title="Copying file: &apos;wwwroot\js\document-handler.js.br&apos;" date="2025-07-17T13:10:16.558" /><!-- duration: 17ms -->
          <step title="Copying file: &apos;wwwroot\js\document-handler.js.gz&apos;" date="2025-07-17T13:10:16.590" /><!-- duration: 0ms -->
          <step title="Deleting app_offline.htm" date="2025-07-17T13:10:16.606" /><!-- duration: 17ms -->
          <step title="Finished successfully." date="2025-07-17T13:10:16.652" /><!-- duration: 0ms -->
        </step><!-- duration: 101354ms -->
        <step title="Running post deployment command(s)..." date="2025-07-17T13:10:16.996" /><!-- duration: 0ms -->
        <step title="Triggering recycle (preview mode disabled)." date="2025-07-17T13:10:17.608" /><!-- duration: 122ms -->
        <step title="Ignoring FS watcher based recycle request as this is a classic Windows app." date="2025-07-17T13:10:17.781" /><!-- duration: 28ms -->
        <step title="Deployment successful. DEPLOYMENTINFO: deployer = GitHub, os = windows, sku = Standard, siteName = site-net, siteHostName = site-net-rrai-blue-fsgabaardkdhhnhf.centralus-01.azurewebsites.net, deploymentStatus = Success" date="2025-07-17T13:10:18.466" /><!-- duration: 30ms -->
        <step title="Purge deployment items" date="2025-07-17T13:10:18.980" >
          <step title="Remove 5040e4f3d, Success, received at 7/15/2025 8:59:41 PM" date="2025-07-17T13:10:19.183" /><!-- duration: 16ms -->
        </step><!-- duration: 239ms -->
      </step><!-- duration: 104717ms -->
    </step><!-- duration: 105978ms -->
    <step title="Cleaning up temp files" date="2025-07-17T13:10:19.293" /><!-- duration: 249ms -->
    <step title="Skip function trigger and logicapp sync because function is not enabled." date="2025-07-17T13:10:19.626" /><!-- duration: 11ms -->
  </step><!-- duration: 109373ms -->
  <step title="LockFile &apos;C:\home\site\locks\deployments.lock&apos; released" date="2025-07-17T13:10:19.809" /><!-- duration: 0ms -->
  <step title="Deleting shutdown sentinel file" date="2025-07-17T13:10:19.824" SemaphoreCount="8" /><!-- duration: 15ms -->
</step><!-- duration: 109619ms -->
