<step title="BackgroundTrace" date="2025-07-15T19:41:20.023" instance="15b9d3" url="/deploy" method="POST" >
  <step title="Updating shutdown sentinel last write time" date="2025-07-15T19:41:20.038" SemaphoreCount="7" /><!-- duration: 32ms -->
  <step title="LockFile &apos;C:\home\site\locks\deployments.lock&apos; acquired" date="2025-07-15T19:41:20.070" /><!-- duration: 15ms -->
  <step title="Creating temporary deployment" date="2025-07-15T19:41:20.084" /><!-- duration: 47ms -->
  <step title="Performing fetch based deployment" date="2025-07-15T19:41:20.147" >
    <step title="Fetching changes." date="2025-07-15T19:41:20.276" /><!-- duration: 12ms -->
    <step title="Before sending BuildRequestReceived status to /api/updatedeploystatus" date="2025-07-15T19:41:22.210" /><!-- duration: 19ms -->
    <step title="DeploymentManager.Deploy(id:a614af0f0fc73792fc8f3f23980f5d28b7656d61)" date="2025-07-15T19:41:22.288" >
      <step title="Collecting changeset information" date="2025-07-15T19:41:22.323" /><!-- duration: 94ms -->
      <step title="Updating submodules" date="2025-07-15T19:41:22.444" >
        <step title="Updating submodules." date="2025-07-15T19:41:22.555" /><!-- duration: 19ms -->
      </step><!-- duration: 140ms -->
      <step title="Preparing deployment for commit id &apos;a614af0f0f&apos;." date="2025-07-15T19:41:22.741" /><!-- duration: 16ms -->
      <step title="Determining deployment builder" date="2025-07-15T19:41:22.869" >
        <step title="Builder is CustomBuilder" date="2025-07-15T19:41:22.881" /><!-- duration: 0ms -->
      </step><!-- duration: 12ms -->
      <step title="Copying SSH keys" date="2025-07-15T19:41:22.928" /><!-- duration: 16ms -->
      <step title="Building" date="2025-07-15T19:41:22.960" >
        <step title="Running custom deployment command..." date="2025-07-15T19:41:23.039" /><!-- duration: 0ms -->
        <step title="Running deployment command..." date="2025-07-15T19:41:23.163" /><!-- duration: 16ms -->
        <step title="Command: deploy.cmd" date="2025-07-15T19:41:23.210" /><!-- duration: 17ms -->
        <step title="Executing external process" date="2025-07-15T19:41:23.288" type="process" path="starter.cmd" arguments="deploy.cmd" >
          <step title="Handling ASP.NET Core Web Application deployment." date="2025-07-15T19:41:24.522" /><!-- duration: 18ms -->
          <step title="  Determining projects to restore..." date="2025-07-15T19:41:33.634" /><!-- duration: 13ms -->
          <step title="  All projects are up-to-date for restore." date="2025-07-15T19:41:36.382" /><!-- duration: 18ms -->
          <step title="C:\home\site\repository\Backend\Services\FileValidationService.cs(8,27): error CS1514: { expected [C:\home\site\repository\Backend\Backend.csproj]" date="2025-07-15T19:41:53.313" /><!-- duration: 82ms -->
          <step title="C:\home\site\repository\Backend\Services\RequestDiagnosticsService.cs(9,27): error CS1514: { expected [C:\home\site\repository\Backend\Backend.csproj]" date="2025-07-15T19:41:53.844" /><!-- duration: 83ms -->
          <step title="Failed exitCode=1, command=dotnet publish &quot;C:\home\site\repository\Backend\Backend.csproj&quot; --configuration Release --output &quot;C:\local\Temp\8ddc3d7943e4ed7&quot; --no-restore" date="2025-07-15T19:41:54.049" /><!-- duration: 13ms -->
          <step title="An error has occurred during web site deployment." date="2025-07-15T19:41:54.144" /><!-- duration: 48ms -->
          <step title="Process dump" date="2025-07-15T19:41:54.203" exitCode="255" type="processOutput" /><!-- duration: 17ms -->
        </step><!-- duration: 30933ms -->
        <step title="
C:\Program Files (x86)\SiteExtensions\Kudu\103.250502.001\bin\Scripts\starter.cmd deploy.cmd DEPLOYMENTINFO: deployer = GitHub, os = windows, sku = Standard, siteName = site-net, siteHostName = site-net-rrai-blue-fsgabaardkdhhnhf.centralus-01.azurewebsites.net, deploymentStatus = Error" date="2025-07-15T19:41:54.250" /><!-- duration: 18ms -->
        <step title="Error occurred" date="2025-07-15T19:41:54.268" type="error" text="
C:\Program Files (x86)\SiteExtensions\Kudu\103.250502.001\bin\Scripts\starter.cmd deploy.cmd" stackTrace="   at Kudu.Core.Infrastructure.Executable.ExecuteInternal(ITracer tracer, Func`2 onWriteOutput, Func`2 onWriteError, Encoding encoding, String arguments, Object[] args)
   at Kudu.Core.Infrastructure.Executable.ExecuteWithProgressWriter(ILogger logger, ITracer tracer, String arguments, Object[] args)
   at Kudu.Core.Deployment.Generator.ExternalCommandBuilder.RunCommand(DeploymentContext context, String command, Boolean ignoreManifest, String message)" /><!-- duration: 13ms -->
      </step><!-- duration: 31526ms -->
      <step title="Error occurred" date="2025-07-15T19:41:54.500" type="error" text="
C:\Program Files (x86)\SiteExtensions\Kudu\103.250502.001\bin\Scripts\starter.cmd deploy.cmd" stackTrace="   at Kudu.Core.Infrastructure.Executable.ExecuteInternal(ITracer tracer, Func`2 onWriteOutput, Func`2 onWriteError, Encoding encoding, String arguments, Object[] args)
   at Kudu.Core.Infrastructure.Executable.ExecuteWithProgressWriter(ILogger logger, ITracer tracer, String arguments, Object[] args)
   at Kudu.Core.Deployment.Generator.ExternalCommandBuilder.RunCommand(DeploymentContext context, String command, Boolean ignoreManifest, String message)
   at Kudu.Core.Deployment.Generator.CustomBuilder.Build(DeploymentContext context)
--- End of stack trace from previous location where exception was thrown ---
   at System.Runtime.CompilerServices.TaskAwaiter.ThrowForNonSuccess(Task task)
   at System.Runtime.CompilerServices.TaskAwaiter.HandleNonSuccessAndDebuggerNotification(Task task)
   at System.Runtime.CompilerServices.TaskAwaiter.ValidateEnd(Task task)
   at Kudu.Core.Deployment.DeploymentManager.&lt;Build&gt;d__38.MoveNext()" /><!-- duration: 0ms -->
      <step title="Deployment Failed. DEPLOYMENTINFO: deployer = GitHub, os = windows, sku = Standard, siteName = site-net, siteHostName = site-net-rrai-blue-fsgabaardkdhhnhf.centralus-01.azurewebsites.net, deploymentStatus = Failed" date="2025-07-15T19:41:54.533" /><!-- duration: 0ms -->
    </step><!-- duration: 32265ms -->
    <step title="Cleaning up temp files" date="2025-07-15T19:41:54.552" /><!-- duration: 10ms -->
  </step><!-- duration: 34447ms -->
  <step title="LockFile &apos;C:\home\site\locks\deployments.lock&apos; released" date="2025-07-15T19:41:54.610" /><!-- duration: 0ms -->
  <step title="Deleting shutdown sentinel file" date="2025-07-15T19:41:54.628" SemaphoreCount="8" /><!-- duration: 13ms -->
</step><!-- duration: 34634ms -->
