<step title="BackgroundTrace" date="2025-07-15T21:40:52.848" instance="15b9d3" url="/deploy" method="POST" >
  <step title="Updating shutdown sentinel last write time" date="2025-07-15T21:40:52.867" SemaphoreCount="7" /><!-- duration: 12ms -->
  <step title="LockFile &apos;C:\home\site\locks\deployments.lock&apos; acquired" date="2025-07-15T21:40:52.879" /><!-- duration: 0ms -->
  <step title="Creating temporary deployment" date="2025-07-15T21:40:52.879" /><!-- duration: 109ms -->
  <step title="Performing fetch based deployment" date="2025-07-15T21:40:53.004" >
    <step title="Fetching changes." date="2025-07-15T21:40:53.165" /><!-- duration: 11ms -->
    <step title="Before sending BuildRequestReceived status to /api/updatedeploystatus" date="2025-07-15T21:40:55.364" /><!-- duration: 0ms -->
    <step title="DeploymentManager.Deploy(id:b21ff7f556cbe3d7395396512c09128642e5539b)" date="2025-07-15T21:40:55.476" >
      <step title="Collecting changeset information" date="2025-07-15T21:40:55.505" /><!-- duration: 76ms -->
      <step title="Updating submodules" date="2025-07-15T21:40:55.598" >
        <step title="Updating submodules." date="2025-07-15T21:40:55.754" /><!-- duration: 0ms -->
      </step><!-- duration: 171ms -->
      <step title="Preparing deployment for commit id &apos;b21ff7f556&apos;." date="2025-07-15T21:40:55.910" /><!-- duration: 16ms -->
      <step title="Determining deployment builder" date="2025-07-15T21:40:55.972" >
        <step title="Builder is CustomBuilder" date="2025-07-15T21:40:55.972" /><!-- duration: 16ms -->
      </step><!-- duration: 16ms -->
      <step title="Copying SSH keys" date="2025-07-15T21:40:56.035" /><!-- duration: 16ms -->
      <step title="Building" date="2025-07-15T21:40:56.082" >
        <step title="Running custom deployment command..." date="2025-07-15T21:40:56.176" /><!-- duration: 47ms -->
        <step title="Running deployment command..." date="2025-07-15T21:40:56.347" /><!-- duration: 16ms -->
        <step title="Command: deploy.cmd" date="2025-07-15T21:40:56.363" /><!-- duration: 15ms -->
        <step title="Executing external process" date="2025-07-15T21:40:56.441" type="process" path="starter.cmd" arguments="deploy.cmd" >
          <step title="Handling ASP.NET Core Web Application deployment." date="2025-07-15T21:40:57.771" /><!-- duration: 0ms -->
          <step title="  Determining projects to restore..." date="2025-07-15T21:41:07.898" /><!-- duration: 12ms -->
          <step title="  All projects are up-to-date for restore." date="2025-07-15T21:41:11.035" /><!-- duration: 17ms -->
          <step title="C:\home\site\repository\Backend\Services\LegacyEndpointHandler.cs(75,41): warning CS8601: Possible null reference assignment. [C:\home\site\repository\Backend\Backend.csproj]" date="2025-07-15T21:41:37.238" /><!-- duration: 18ms -->
          <step title="C:\home\site\repository\Backend\Services\LegacyEndpointHandler.cs(124,39): warning CS8600: Converting null literal or possible null value to non-nullable type. [C:\home\site\repository\Backend\Backend.csproj]" date="2025-07-15T21:41:37.304" /><!-- duration: 0ms -->
          <step title="C:\home\site\repository\Backend\Services\LegacyEndpointHandler.cs(126,38): warning CS8602: Dereference of a possibly null reference. [C:\home\site\repository\Backend\Backend.csproj]" date="2025-07-15T21:41:37.333" /><!-- duration: 31ms -->
          <step title="C:\home\site\repository\Backend\Services\LegacyEndpointHandler.cs(236,36): warning CS8601: Possible null reference assignment. [C:\home\site\repository\Backend\Backend.csproj]" date="2025-07-15T21:41:37.428" /><!-- duration: 13ms -->
          <step title="C:\home\site\repository\Backend\Services\DocumentProcessingService.cs(127,28): warning CS8602: Dereference of a possibly null reference. [C:\home\site\repository\Backend\Backend.csproj]" date="2025-07-15T21:41:37.473" /><!-- duration: 0ms -->
          <step title="C:\home\site\repository\Backend\Services\DocumentProcessingService.cs(127,28): warning CS8602: Dereference of a possibly null reference. [C:\home\site\repository\Backend\Backend.csproj]" date="2025-07-15T21:41:37.520" /><!-- duration: 16ms -->
          <step title="C:\home\site\repository\Backend\Services\DocumentProcessingService.cs(147,45): warning CS8602: Dereference of a possibly null reference. [C:\home\site\repository\Backend\Backend.csproj]" date="2025-07-15T21:41:37.555" /><!-- duration: 11ms -->
          <step title="C:\home\site\repository\Backend\Services\DocumentProcessingService.cs(155,81): warning CS8604: Possible null reference argument for parameter &apos;id&apos; in &apos;OpenXmlPart OpenXmlPartContainer.GetPartById(string id)&apos;. [C:\home\site\repository\Backend\Backend.csproj]" date="2025-07-15T21:41:37.603" /><!-- duration: 10ms -->
          <step title="C:\home\site\repository\Backend\Services\DocumentProcessingService.cs(168,64): warning CS8604: Possible null reference argument for parameter &apos;sharedStringTable&apos; in &apos;string DocumentProcessingService.GetCellValue(Cell cell, SharedStringTable sharedStringTable)&apos;. [C:\home\site\repository\Backend\Backend.csproj]" date="2025-07-15T21:41:37.632" /><!-- duration: 0ms -->
          <step title="C:\home\site\repository\Backend\Services\DocumentPersistenceService.cs(73,36): warning CS8600: Converting null literal or possible null value to non-nullable type. [C:\home\site\repository\Backend\Backend.csproj]" date="2025-07-15T21:41:37.661" /><!-- duration: 0ms -->
          <step title="C:\home\site\repository\Backend\Services\DocumentPersistenceService.cs(89,45): warning CS8601: Possible null reference assignment. [C:\home\site\repository\Backend\Backend.csproj]" date="2025-07-15T21:41:37.692" /><!-- duration: 17ms -->
          <step title="C:\home\site\repository\Backend\Services\DocumentPersistenceService.cs(92,43): warning CS8601: Possible null reference assignment. [C:\home\site\repository\Backend\Backend.csproj]" date="2025-07-15T21:41:37.738" /><!-- duration: 0ms -->
          <step title="C:\home\site\repository\Backend\Services\DocumentPersistenceService.cs(107,41): warning CS8601: Possible null reference assignment. [C:\home\site\repository\Backend\Backend.csproj]" date="2025-07-15T21:41:37.758" /><!-- duration: 12ms -->
          <step title="C:\home\site\repository\Backend\Services\DocumentPersistenceService.cs(110,39): warning CS8601: Possible null reference assignment. [C:\home\site\repository\Backend\Backend.csproj]" date="2025-07-15T21:41:37.788" /><!-- duration: 13ms -->
          <step title="C:\home\site\repository\Backend\Services\DocumentPersistenceService.cs(122,50): warning CS8602: Dereference of a possibly null reference. [C:\home\site\repository\Backend\Backend.csproj]" date="2025-07-15T21:41:37.817" /><!-- duration: 19ms -->
          <step title="C:\home\site\repository\Backend\Services\DocumentPersistenceService.cs(190,24): warning CS8603: Possible null reference return. [C:\home\site\repository\Backend\Backend.csproj]" date="2025-07-15T21:41:37.848" /><!-- duration: 63ms -->
          <step title="C:\home\site\repository\Backend\Services\DocumentPersistenceService.cs(227,32): warning CS8603: Possible null reference return. [C:\home\site\repository\Backend\Backend.csproj]" date="2025-07-15T21:41:38.035" /><!-- duration: 63ms -->
          <step title="C:\home\site\repository\Backend\Services\DocumentPersistenceService.cs(302,40): warning CS8603: Possible null reference return. [C:\home\site\repository\Backend\Backend.csproj]" date="2025-07-15T21:41:38.160" /><!-- duration: 94ms -->
          <step title="C:\home\site\repository\Backend\Services\DocumentPersistenceService.cs(318,32): warning CS8603: Possible null reference return. [C:\home\site\repository\Backend\Backend.csproj]" date="2025-07-15T21:41:38.383" /><!-- duration: 47ms -->
          <step title="C:\home\site\repository\Backend\Services\DocumentPersistenceService.cs(332,20): warning CS8603: Possible null reference return. [C:\home\site\repository\Backend\Backend.csproj]" date="2025-07-15T21:41:38.488" /><!-- duration: 47ms -->
          <step title="C:\home\site\repository\Backend\Program.cs(93,25): warning CS8604: Possible null reference argument for parameter &apos;uriString&apos; in &apos;Uri.Uri(string uriString)&apos;. [C:\home\site\repository\Backend\Backend.csproj]" date="2025-07-15T21:41:38.582" /><!-- duration: 47ms -->
          <step title="C:\home\site\repository\Backend\Program.cs(94,46): warning CS8604: Possible null reference argument for parameter &apos;key&apos; in &apos;AzureKeyCredential.AzureKeyCredential(string key)&apos;. [C:\home\site\repository\Backend\Backend.csproj]" date="2025-07-15T21:41:38.677" /><!-- duration: 30ms -->
          <step title="C:\home\site\repository\Backend\Program.cs(148,9): warning CS8602: Dereference of a possibly null reference. [C:\home\site\repository\Backend\Backend.csproj]" date="2025-07-15T21:41:38.785" /><!-- duration: 18ms -->
          <step title="C:\home\site\repository\Backend\Controllers\DocumentChatController.cs(159,47): warning CS8600: Converting null literal or possible null value to non-nullable type. [C:\home\site\repository\Backend\Backend.csproj]" date="2025-07-15T21:41:38.863" /><!-- duration: 16ms -->
          <step title="C:\home\site\repository\Backend\Controllers\DocumentChatController.cs(163,44): warning CS8600: Converting null literal or possible null value to non-nullable type. [C:\home\site\repository\Backend\Backend.csproj]" date="2025-07-15T21:41:38.946" /><!-- duration: 11ms -->
          <step title="C:\home\site\repository\Backend\Controllers\DocumentChatController.cs(231,36): warning CS8602: Dereference of a possibly null reference. [C:\home\site\repository\Backend\Backend.csproj]" date="2025-07-15T21:41:39.004" /><!-- duration: 63ms -->
          <step title="C:\home\site\repository\Backend\Controllers\DocumentChatController.cs(257,47): warning CS8600: Converting null literal or possible null value to non-nullable type. [C:\home\site\repository\Backend\Backend.csproj]" date="2025-07-15T21:41:39.240" /><!-- duration: 48ms -->
          <step title="C:\home\site\repository\Backend\Controllers\ConfigController.cs(82,35): warning CS8600: Converting null literal or possible null value to non-nullable type. [C:\home\site\repository\Backend\Backend.csproj]" date="2025-07-15T21:41:39.431" /><!-- duration: 89ms -->
          <step title="C:\home\site\repository\Backend\Controllers\ConfigController.cs(83,36): warning CS8600: Converting null literal or possible null value to non-nullable type. [C:\home\site\repository\Backend\Backend.csproj]" date="2025-07-15T21:41:39.707" /><!-- duration: 112ms -->
          <step title="C:\home\site\repository\Backend\Controllers\ChatController.cs(84,45): warning CS8600: Converting null literal or possible null value to non-nullable type. [C:\home\site\repository\Backend\Backend.csproj]" date="2025-07-15T21:41:39.912" /><!-- duration: 45ms -->
          <step title="C:\home\site\repository\Backend\Controllers\ChatController.cs(92,36): warning CS8600: Converting null literal or possible null value to non-nullable type. [C:\home\site\repository\Backend\Backend.csproj]" date="2025-07-15T21:41:40.165" /><!-- duration: 342ms -->
          <step title="C:\home\site\repository\Backend\Controllers\ChatController.cs(98,40): warning CS8600: Converting null literal or possible null value to non-nullable type. [C:\home\site\repository\Backend\Backend.csproj]" date="2025-07-15T21:41:40.834" /><!-- duration: 77ms -->
          <step title="C:\home\site\repository\Backend\Controllers\ChatController.cs(330,43): warning CS8600: Converting null literal or possible null value to non-nullable type. [C:\home\site\repository\Backend\Backend.csproj]" date="2025-07-15T21:41:41.007" /><!-- duration: 77ms -->
          <step title="C:\home\site\repository\Backend\Controllers\ChatController.cs(345,69): warning CS8604: Possible null reference argument for parameter &apos;message&apos; in &apos;Task&lt;IActionResult&gt; DocumentChatController.ChatWithFile(IFormFile file, string message, string? clientSessionId = null)&apos;. [C:\home\site\repository\Backend\Backend.csproj]" date="2025-07-15T21:41:41.837" /><!-- duration: 59ms -->
          <step title="C:\home\site\repository\Backend\Controllers\ChatController.cs(385,39): warning CS8600: Converting null literal or possible null value to non-nullable type. [C:\home\site\repository\Backend\Backend.csproj]" date="2025-07-15T21:41:42.145" /><!-- duration: 255ms -->
          <step title="C:\home\site\repository\Backend\Controllers\ChatController.cs(427,46): warning CS8600: Converting null literal or possible null value to non-nullable type. [C:\home\site\repository\Backend\Backend.csproj]" date="2025-07-15T21:41:42.630" /><!-- duration: 48ms -->
          <step title="C:\home\site\repository\Backend\Services\DocumentContextService.cs(396,41): warning CS1998: This async method lacks &apos;await&apos; operators and will run synchronously. Consider using the &apos;await&apos; operator to await non-blocking API calls, or &apos;await Task.Run(...)&apos; to do CPU-bound work on a background thread. [C:\home\site\repository\Backend\Backend.csproj]" date="2025-07-15T21:41:42.822" /><!-- duration: 89ms -->
          <step title="C:\home\site\repository\Backend\Services\ChatService.cs(87,42): warning CS8600: Converting null literal or possible null value to non-nullable type. [C:\home\site\repository\Backend\Backend.csproj]" date="2025-07-15T21:41:43.022" /><!-- duration: 123ms -->
          <step title="C:\home\site\repository\Backend\Services\ChatService.cs(88,39): warning CS8600: Converting null literal or possible null value to non-nullable type. [C:\home\site\repository\Backend\Backend.csproj]" date="2025-07-15T21:41:43.285" /><!-- duration: 161ms -->
          <step title="C:\home\site\repository\Backend\Services\ChatService.cs(116,100): warning CS8604: Possible null reference argument for parameter &apos;userMessage&apos; in &apos;string IDocumentContextService.PrepareDocumentContext(DocumentInfo documentInfo, string userMessage)&apos;. [C:\home\site\repository\Backend\Backend.csproj]" date="2025-07-15T21:41:43.676" /><!-- duration: 176ms -->
          <step title="C:\home\site\repository\Backend\Services\ChatService.cs(154,54): warning CS8600: Converting null literal or possible null value to non-nullable type. [C:\home\site\repository\Backend\Backend.csproj]" date="2025-07-15T21:41:44.285" /><!-- duration: 94ms -->
          <step title="C:\home\site\repository\Backend\Services\ChatService.cs(194,28): warning CS8603: Possible null reference return. [C:\home\site\repository\Backend\Backend.csproj]" date="2025-07-15T21:41:44.582" /><!-- duration: 125ms -->
          <step title="C:\home\site\repository\Backend\Models\ChatModels.cs(27,23): warning CS8618: Non-nullable property &apos;DocumentInfo&apos; must contain a non-null value when exiting constructor. Consider adding the &apos;required&apos; modifier or declaring the property as nullable. [C:\home\site\repository\Backend\Backend.csproj]" date="2025-07-15T21:41:44.895" /><!-- duration: 47ms -->
          <step title="C:\home\site\repository\Backend\Services\AzureFunctionService.cs(143,49): warning CS8604: Possible null reference argument for parameter &apos;oldValue&apos; in &apos;string string.Replace(string oldValue, string? newValue)&apos;. [C:\home\site\repository\Backend\Backend.csproj]" date="2025-07-15T21:41:45.084" /><!-- duration: 171ms -->
          <step title="C:\home\site\repository\Backend\Controllers\ChatController.cs(412,31): warning CA2022: Avoid inexact read with &apos;System.IO.Stream.ReadAsync(byte[], int, int)&apos; (https://learn.microsoft.com/dotnet/fundamentals/code-analysis/quality-rules/ca2022) [C:\home\site\repository\Backend\Backend.csproj]" date="2025-07-15T21:41:45.429" /><!-- duration: 107ms -->
          <step title="  Backend -&gt; C:\home\site\repository\Backend\bin\Release\net9.0\Backend.dll" date="2025-07-15T21:41:45.645" /><!-- duration: 63ms -->
          <step title="  Backend -&gt; C:\local\Temp\8ddc3e847bf86ad\" date="2025-07-15T21:41:57.618" /><!-- duration: 28ms -->
          <step title="Creating app_offline.htm" date="2025-07-15T21:42:06.692" /><!-- duration: 31ms -->
          <step title="KuduSync.NET from: &apos;C:\local\Temp\8ddc3e847bf86ad&apos; to: &apos;C:\home\site\wwwroot&apos;" date="2025-07-15T21:42:06.770" /><!-- duration: 35ms -->
          <step title="Copying file: &apos;Backend.dll&apos;" date="2025-07-15T21:42:06.910" /><!-- duration: 17ms -->
          <step title="Copying file: &apos;Backend.exe&apos;" date="2025-07-15T21:42:06.957" /><!-- duration: 17ms -->
          <step title="Copying file: &apos;Backend.pdb&apos;" date="2025-07-15T21:42:07.161" /><!-- duration: 158ms -->
          <step title="Copying file: &apos;Backend.staticwebassets.endpoints.json&apos;" date="2025-07-15T21:42:07.364" /><!-- duration: 0ms -->
          <step title="Copying file: &apos;wwwroot\index.html&apos;" date="2025-07-15T21:42:07.428" /><!-- duration: 17ms -->
          <step title="Copying file: &apos;wwwroot\index.html.br&apos;" date="2025-07-15T21:42:07.473" /><!-- duration: 19ms -->
          <step title="Copying file: &apos;wwwroot\index.html.gz&apos;" date="2025-07-15T21:42:07.520" /><!-- duration: 19ms -->
          <step title="Copying file: &apos;wwwroot\js\script.js&apos;" date="2025-07-15T21:42:07.551" /><!-- duration: 16ms -->
          <step title="Copying file: &apos;wwwroot\js\script.js.br&apos;" date="2025-07-15T21:42:07.598" /><!-- duration: 0ms -->
          <step title="Copying file: &apos;wwwroot\js\script.js.gz&apos;" date="2025-07-15T21:42:07.633" /><!-- duration: 11ms -->
          <step title="Deleting app_offline.htm" date="2025-07-15T21:42:07.680" /><!-- duration: 0ms -->
          <step title="Finished successfully." date="2025-07-15T21:42:07.727" /><!-- duration: 11ms -->
        </step><!-- duration: 71344ms -->
        <step title="Running post deployment command(s)..." date="2025-07-15T21:42:08.084" /><!-- duration: 13ms -->
        <step title="Triggering recycle (preview mode disabled)." date="2025-07-15T21:42:08.285" /><!-- duration: 82ms -->
        <step title="Ignoring FS watcher based recycle request as this is a classic Windows app." date="2025-07-15T21:42:08.368" /><!-- duration: 28ms -->
        <step title="Deployment successful. DEPLOYMENTINFO: deployer = GitHub, os = windows, sku = Standard, siteName = site-net, siteHostName = site-net-rrai-blue-fsgabaardkdhhnhf.centralus-01.azurewebsites.net, deploymentStatus = Success" date="2025-07-15T21:42:08.707" /><!-- duration: 0ms -->
        <step title="Purge deployment items" date="2025-07-15T21:42:09.160" >
          <step title="Remove a09af1d39, Success, received at 7/15/2025 1:14:09 PM" date="2025-07-15T21:42:09.410" /><!-- duration: 36ms -->
        </step><!-- duration: 315ms -->
      </step><!-- duration: 73440ms -->
    </step><!-- duration: 74075ms -->
    <step title="Cleaning up temp files" date="2025-07-15T21:42:09.570" /><!-- duration: 184ms -->
    <step title="Skip function trigger and logicapp sync because function is not enabled." date="2025-07-15T21:42:09.790" /><!-- duration: 11ms -->
  </step><!-- duration: 76861ms -->
  <step title="LockFile &apos;C:\home\site\locks\deployments.lock&apos; released" date="2025-07-15T21:42:09.895" /><!-- duration: 18ms -->
  <step title="Deleting shutdown sentinel file" date="2025-07-15T21:42:09.926" SemaphoreCount="8" /><!-- duration: 33ms -->
</step><!-- duration: 77157ms -->
