<step title="BackgroundTrace" date="2025-07-17T12:20:20.337" instance="15b9d3" url="/deploy" method="POST" >
  <step title="Updating shutdown sentinel last write time" date="2025-07-17T12:20:20.695" SemaphoreCount="7" /><!-- duration: 13ms -->
  <step title="LockFile &apos;C:\home\site\locks\deployments.lock&apos; acquired" date="2025-07-17T12:20:20.724" /><!-- duration: 19ms -->
  <step title="Creating temporary deployment" date="2025-07-17T12:20:20.754" /><!-- duration: 78ms -->
  <step title="Performing fetch based deployment" date="2025-07-17T12:20:20.865" >
    <step title="Fetching changes." date="2025-07-17T12:20:21.239" /><!-- duration: 16ms -->
    <step title="Before sending BuildRequestReceived status to /api/updatedeploystatus" date="2025-07-17T12:20:23.598" /><!-- duration: 0ms -->
    <step title="DeploymentManager.Deploy(id:85fe05b55e6a74f8b088fb2c07bf197ec3a5a74e)" date="2025-07-17T12:20:23.817" >
      <step title="Collecting changeset information" date="2025-07-17T12:20:23.864" /><!-- duration: 78ms -->
      <step title="Updating submodules" date="2025-07-17T12:20:24.055" >
        <step title="Updating submodules." date="2025-07-17T12:20:24.177" /><!-- duration: 0ms -->
      </step><!-- duration: 140ms -->
      <step title="Preparing deployment for commit id &apos;85fe05b55e&apos;." date="2025-07-17T12:20:26.958" /><!-- duration: 18ms -->
      <step title="Determining deployment builder" date="2025-07-17T12:20:27.133" >
        <step title="Builder is CustomBuilder" date="2025-07-17T12:20:27.161" /><!-- duration: 18ms -->
      </step><!-- duration: 46ms -->
      <step title="Copying SSH keys" date="2025-07-17T12:20:27.270" /><!-- duration: 18ms -->
      <step title="Building" date="2025-07-17T12:20:27.301" >
        <step title="Running custom deployment command..." date="2025-07-17T12:20:27.379" /><!-- duration: 0ms -->
        <step title="Running deployment command..." date="2025-07-17T12:20:27.536" /><!-- duration: 31ms -->
        <step title="Command: deploy.cmd" date="2025-07-17T12:20:27.567" /><!-- duration: 0ms -->
        <step title="Executing external process" date="2025-07-17T12:20:27.852" type="process" path="starter.cmd" arguments="deploy.cmd" >
          <step title="Handling ASP.NET Core Web Application deployment." date="2025-07-17T12:20:31.429" /><!-- duration: 123ms -->
          <step title="  Determining projects to restore..." date="2025-07-17T12:20:37.442" /><!-- duration: 16ms -->
          <step title="  All projects are up-to-date for restore." date="2025-07-17T12:20:39.802" /><!-- duration: 0ms -->
          <step title="  Backend -&gt; C:\home\site\repository\Backend\bin\Release\net9.0\Backend.dll" date="2025-07-17T12:20:54.500" /><!-- duration: 12ms -->
          <step title="  Backend -&gt; C:\local\Temp\8ddc52c503e3e59\" date="2025-07-17T12:20:58.121" /><!-- duration: 0ms -->
          <step title="Creating app_offline.htm" date="2025-07-17T12:21:00.766" /><!-- duration: 0ms -->
          <step title="KuduSync.NET from: &apos;C:\local\Temp\8ddc52c503e3e59&apos; to: &apos;C:\home\site\wwwroot&apos;" date="2025-07-17T12:21:00.794" /><!-- duration: 0ms -->
          <step title="Deleting app_offline.htm" date="2025-07-17T12:21:00.813" /><!-- duration: 11ms -->
          <step title="Finished successfully." date="2025-07-17T12:21:01.184" /><!-- duration: 0ms -->
        </step><!-- duration: 33396ms -->
        <step title="Running post deployment command(s)..." date="2025-07-17T12:21:01.548" /><!-- duration: 11ms -->
        <step title="Triggering recycle (preview mode disabled)." date="2025-07-17T12:21:01.718" /><!-- duration: 0ms -->
        <step title="Ignoring FS watcher based recycle request as this is a classic Windows app." date="2025-07-17T12:21:01.731" /><!-- duration: 16ms -->
        <step title="Deployment successful. DEPLOYMENTINFO: deployer = GitHub, os = windows, sku = Standard, siteName = site-net, siteHostName = site-net-rrai-blue-fsgabaardkdhhnhf.centralus-01.azurewebsites.net, deploymentStatus = Success" date="2025-07-17T12:21:02.152" /><!-- duration: 18ms -->
      </step><!-- duration: 36011ms -->
    </step><!-- duration: 39523ms -->
    <step title="Cleaning up temp files" date="2025-07-17T12:21:03.340" /><!-- duration: 187ms -->
    <step title="Skip function trigger and logicapp sync because function is not enabled." date="2025-07-17T12:21:03.610" /><!-- duration: 11ms -->
  </step><!-- duration: 42898ms -->
  <step title="LockFile &apos;C:\home\site\locks\deployments.lock&apos; released" date="2025-07-17T12:21:03.782" /><!-- duration: 421ms -->
  <step title="Deleting shutdown sentinel file" date="2025-07-17T12:21:05.809" SemaphoreCount="8" /><!-- duration: 128ms -->
</step><!-- duration: 45737ms -->
