<step title="BackgroundTrace" date="2025-07-15T21:13:45.626" instance="15b9d3" url="/deploy" method="POST" >
  <step title="Updating shutdown sentinel last write time" date="2025-07-15T21:13:45.642" SemaphoreCount="7" /><!-- duration: 17ms -->
  <step title="LockFile &apos;C:\home\site\locks\deployments.lock&apos; acquired" date="2025-07-15T21:13:45.659" /><!-- duration: 14ms -->
  <step title="Creating temporary deployment" date="2025-07-15T21:13:45.673" /><!-- duration: 63ms -->
  <step title="Performing fetch based deployment" date="2025-07-15T21:13:45.735" >
    <step title="Fetching changes." date="2025-07-15T21:13:45.878" /><!-- duration: 29ms -->
    <step title="Before sending BuildRequestReceived status to /api/updatedeploystatus" date="2025-07-15T21:13:46.924" /><!-- duration: 61ms -->
    <step title="DeploymentManager.Deploy(id:a97d253386431315a9e6994c63c65a139939aaa4)" date="2025-07-15T21:13:47.157" >
      <step title="Collecting changeset information" date="2025-07-15T21:13:47.300" /><!-- duration: 94ms -->
      <step title="Updating submodules" date="2025-07-15T21:13:47.501" >
        <step title="Updating submodules." date="2025-07-15T21:13:47.626" /><!-- duration: 0ms -->
      </step><!-- duration: 142ms -->
      <step title="Preparing deployment for commit id &apos;a97d253386&apos;." date="2025-07-15T21:13:47.782" /><!-- duration: 16ms -->
      <step title="Determining deployment builder" date="2025-07-15T21:13:47.986" >
        <step title="Builder is CustomBuilder" date="2025-07-15T21:13:48.017" /><!-- duration: 16ms -->
      </step><!-- duration: 66ms -->
      <step title="Copying SSH keys" date="2025-07-15T21:13:48.110" /><!-- duration: 32ms -->
      <step title="Building" date="2025-07-15T21:13:48.189" >
        <step title="Running custom deployment command..." date="2025-07-15T21:13:48.579" /><!-- duration: 0ms -->
        <step title="Running deployment command..." date="2025-07-15T21:13:48.704" /><!-- duration: 16ms -->
        <step title="Command: deploy.cmd" date="2025-07-15T21:13:48.720" /><!-- duration: 19ms -->
        <step title="Executing external process" date="2025-07-15T21:13:48.798" type="process" path="starter.cmd" arguments="deploy.cmd" >
          <step title="Handling ASP.NET Core Web Application deployment." date="2025-07-15T21:13:49.876" /><!-- duration: 0ms -->
          <step title="  Determining projects to restore..." date="2025-07-15T21:13:58.876" /><!-- duration: 17ms -->
          <step title="  All projects are up-to-date for restore." date="2025-07-15T21:14:01.282" /><!-- duration: 17ms -->
          <step title="  Backend -&gt; C:\home\site\repository\Backend\bin\Release\net9.0\Backend.dll" date="2025-07-15T21:14:20.931" /><!-- duration: 0ms -->
          <step title="  Backend -&gt; C:\local\Temp\8ddc3e47d6b9204\" date="2025-07-15T21:14:26.464" /><!-- duration: 0ms -->
          <step title="Creating app_offline.htm" date="2025-07-15T21:14:29.881" /><!-- duration: 0ms -->
          <step title="KuduSync.NET from: &apos;C:\local\Temp\8ddc3e47d6b9204&apos; to: &apos;C:\home\site\wwwroot&apos;" date="2025-07-15T21:14:29.912" /><!-- duration: 16ms -->
          <step title="Deleting app_offline.htm" date="2025-07-15T21:14:29.947" /><!-- duration: 0ms -->
          <step title="Finished successfully." date="2025-07-15T21:14:30.053" /><!-- duration: 16ms -->
        </step><!-- duration: 41335ms -->
        <step title="Running post deployment command(s)..." date="2025-07-15T21:14:30.303" /><!-- duration: 34ms -->
        <step title="Triggering recycle (preview mode disabled)." date="2025-07-15T21:14:30.600" /><!-- duration: 31ms -->
        <step title="Ignoring FS watcher based recycle request as this is a classic Windows app." date="2025-07-15T21:14:30.647" /><!-- duration: 0ms -->
        <step title="Deployment successful. DEPLOYMENTINFO: deployer = GitHub, os = windows, sku = Standard, siteName = site-net, siteHostName = site-net-rrai-blue-fsgabaardkdhhnhf.centralus-01.azurewebsites.net, deploymentStatus = Success" date="2025-07-15T21:14:31.022" /><!-- duration: 16ms -->
      </step><!-- duration: 43588ms -->
    </step><!-- duration: 44630ms -->
    <step title="Cleaning up temp files" date="2025-07-15T21:14:31.805" /><!-- duration: 172ms -->
    <step title="Skip function trigger and logicapp sync because function is not enabled." date="2025-07-15T21:14:32.054" /><!-- duration: 0ms -->
  </step><!-- duration: 46396ms -->
  <step title="LockFile &apos;C:\home\site\locks\deployments.lock&apos; released" date="2025-07-15T21:14:32.149" /><!-- duration: 19ms -->
  <step title="Deleting shutdown sentinel file" date="2025-07-15T21:14:32.196" SemaphoreCount="8" /><!-- duration: 29ms -->
</step><!-- duration: 46708ms -->
