<step title="BackgroundTrace" date="2025-07-15T21:19:40.540" instance="15b9d3" url="/deploy" method="POST" >
  <step title="Updating shutdown sentinel last write time" date="2025-07-15T21:19:40.572" SemaphoreCount="7" /><!-- duration: 18ms -->
  <step title="LockFile &apos;C:\home\site\locks\deployments.lock&apos; acquired" date="2025-07-15T21:19:40.602" /><!-- duration: 0ms -->
  <step title="Creating temporary deployment" date="2025-07-15T21:19:40.602" /><!-- duration: 47ms -->
  <step title="Performing fetch based deployment" date="2025-07-15T21:19:40.667" >
    <step title="Fetching changes." date="2025-07-15T21:19:40.775" /><!-- duration: 15ms -->
    <step title="Before sending BuildRequestReceived status to /api/updatedeploystatus" date="2025-07-15T21:19:42.700" /><!-- duration: 18ms -->
    <step title="DeploymentManager.Deploy(id:4a576ff4adb2856593a0623ea0d81b542f30b049)" date="2025-07-15T21:19:42.842" >
      <step title="Collecting changeset information" date="2025-07-15T21:19:42.857" /><!-- duration: 47ms -->
      <step title="Updating submodules" date="2025-07-15T21:19:42.919" >
        <step title="Updating submodules." date="2025-07-15T21:19:43.014" /><!-- duration: 0ms -->
      </step><!-- duration: 125ms -->
      <step title="Preparing deployment for commit id &apos;4a576ff4ad&apos;." date="2025-07-15T21:19:43.138" /><!-- duration: 0ms -->
      <step title="Determining deployment builder" date="2025-07-15T21:19:43.220" >
        <step title="Builder is CustomBuilder" date="2025-07-15T21:19:43.232" /><!-- duration: 17ms -->
      </step><!-- duration: 28ms -->
      <step title="Copying SSH keys" date="2025-07-15T21:19:43.295" /><!-- duration: 19ms -->
      <step title="Building" date="2025-07-15T21:19:43.325" >
        <step title="Running custom deployment command..." date="2025-07-15T21:19:43.420" /><!-- duration: 15ms -->
        <step title="Running deployment command..." date="2025-07-15T21:19:43.562" /><!-- duration: 13ms -->
        <step title="Command: deploy.cmd" date="2025-07-15T21:19:43.638" /><!-- duration: 16ms -->
        <step title="Executing external process" date="2025-07-15T21:19:43.704" type="process" path="starter.cmd" arguments="deploy.cmd" >
          <step title="Handling ASP.NET Core Web Application deployment." date="2025-07-15T21:19:46.923" /><!-- duration: 0ms -->
          <step title="  Determining projects to restore..." date="2025-07-15T21:19:53.530" /><!-- duration: 0ms -->
          <step title="  All projects are up-to-date for restore." date="2025-07-15T21:19:55.810" /><!-- duration: 0ms -->
          <step title="C:\home\site\repository\Backend\Controllers\ChatController.cs(84,45): warning CS8600: Converting null literal or possible null value to non-nullable type. [C:\home\site\repository\Backend\Backend.csproj]" date="2025-07-15T21:20:25.648" /><!-- duration: 16ms -->
          <step title="C:\home\site\repository\Backend\Controllers\ChatController.cs(92,36): warning CS8600: Converting null literal or possible null value to non-nullable type. [C:\home\site\repository\Backend\Backend.csproj]" date="2025-07-15T21:20:25.695" /><!-- duration: 0ms -->
          <step title="C:\home\site\repository\Backend\Controllers\ChatController.cs(98,40): warning CS8600: Converting null literal or possible null value to non-nullable type. [C:\home\site\repository\Backend\Backend.csproj]" date="2025-07-15T21:20:25.711" /><!-- duration: 18ms -->
          <step title="C:\home\site\repository\Backend\Models\ChatModels.cs(27,23): warning CS8618: Non-nullable property &apos;DocumentInfo&apos; must contain a non-null value when exiting constructor. Consider adding the &apos;required&apos; modifier or declaring the property as nullable. [C:\home\site\repository\Backend\Backend.csproj]" date="2025-07-15T21:20:25.757" /><!-- duration: 0ms -->
          <step title="C:\home\site\repository\Backend\Controllers\DocumentChatController.cs(159,47): warning CS8600: Converting null literal or possible null value to non-nullable type. [C:\home\site\repository\Backend\Backend.csproj]" date="2025-07-15T21:20:25.788" /><!-- duration: 0ms -->
          <step title="C:\home\site\repository\Backend\Controllers\DocumentChatController.cs(163,44): warning CS8600: Converting null literal or possible null value to non-nullable type. [C:\home\site\repository\Backend\Backend.csproj]" date="2025-07-15T21:20:25.822" /><!-- duration: 0ms -->
          <step title="C:\home\site\repository\Backend\Controllers\DocumentChatController.cs(231,36): warning CS8602: Dereference of a possibly null reference. [C:\home\site\repository\Backend\Backend.csproj]" date="2025-07-15T21:20:25.840" /><!-- duration: 10ms -->
          <step title="C:\home\site\repository\Backend\Controllers\DocumentChatController.cs(257,47): warning CS8600: Converting null literal or possible null value to non-nullable type. [C:\home\site\repository\Backend\Backend.csproj]" date="2025-07-15T21:20:25.886" /><!-- duration: 0ms -->
          <step title="C:\home\site\repository\Backend\Program.cs(49,18): error CS0311: The type &apos;Backend.Services.SemanticChunker&apos; cannot be used as type parameter &apos;TImplementation&apos; in the generic type or method &apos;ServiceCollectionServiceExtensions.AddSingleton&lt;TService, TImplementation&gt;(IServiceCollection)&apos;. There is no implicit reference conversion from &apos;Backend.Services.SemanticChunker&apos; to &apos;Backend.Services.Interfaces.ISemanticChunker&apos;. [C:\home\site\repository\Backend\Backend.csproj]" date="2025-07-15T21:20:25.913" /><!-- duration: 19ms -->
          <step title="C:\home\site\repository\Backend\Program.cs(51,18): error CS0311: The type &apos;Backend.Services.DocumentChunkingService&apos; cannot be used as type parameter &apos;TImplementation&apos; in the generic type or method &apos;ServiceCollectionServiceExtensions.AddSingleton&lt;TService, TImplementation&gt;(IServiceCollection)&apos;. There is no implicit reference conversion from &apos;Backend.Services.DocumentChunkingService&apos; to &apos;Backend.Services.Interfaces.IDocumentChunkingService&apos;. [C:\home\site\repository\Backend\Backend.csproj]" date="2025-07-15T21:20:25.945" /><!-- duration: 0ms -->
          <step title="C:\home\site\repository\Backend\Program.cs(52,59): error CS0234: The type or namespace name &apos;IDocumentSearchService&apos; does not exist in the namespace &apos;Backend.Services.Interfaces&apos; (are you missing an assembly reference?) [C:\home\site\repository\Backend\Backend.csproj]" date="2025-07-15T21:20:25.980" /><!-- duration: 11ms -->
          <step title="C:\home\site\repository\Backend\Program.cs(52,18): error CS0311: The type &apos;Backend.Services.DocumentSearchService&apos; cannot be used as type parameter &apos;TImplementation&apos; in the generic type or method &apos;ServiceCollectionServiceExtensions.AddSingleton&lt;TService, TImplementation&gt;(IServiceCollection)&apos;. There is no implicit reference conversion from &apos;Backend.Services.DocumentSearchService&apos; to &apos;Backend.Services.Interfaces.IDocumentSearchService&apos;. [C:\home\site\repository\Backend\Backend.csproj]" date="2025-07-15T21:20:26.010" /><!-- duration: 12ms -->
          <step title="C:\home\site\repository\Backend\Program.cs(63,18): error CS0311: The type &apos;Backend.Services.OpenAIService&apos; cannot be used as type parameter &apos;TImplementation&apos; in the generic type or method &apos;ServiceCollectionServiceExtensions.AddScoped&lt;TService, TImplementation&gt;(IServiceCollection)&apos;. There is no implicit reference conversion from &apos;Backend.Services.OpenAIService&apos; to &apos;Backend.Services.Interfaces.IOpenAIService&apos;. [C:\home\site\repository\Backend\Backend.csproj]" date="2025-07-15T21:20:26.039" /><!-- duration: 19ms -->
          <step title="C:\home\site\repository\Backend\Program.cs(64,18): error CS0311: The type &apos;Backend.Services.AzureFunctionService&apos; cannot be used as type parameter &apos;TImplementation&apos; in the generic type or method &apos;ServiceCollectionServiceExtensions.AddScoped&lt;TService, TImplementation&gt;(IServiceCollection)&apos;. There is no implicit reference conversion from &apos;Backend.Services.AzureFunctionService&apos; to &apos;Backend.Services.Interfaces.IAzureFunctionService&apos;. [C:\home\site\repository\Backend\Backend.csproj]" date="2025-07-15T21:20:26.085" /><!-- duration: 0ms -->
          <step title="C:\home\site\repository\Backend\Program.cs(93,25): warning CS8604: Possible null reference argument for parameter &apos;uriString&apos; in &apos;Uri.Uri(string uriString)&apos;. [C:\home\site\repository\Backend\Backend.csproj]" date="2025-07-15T21:20:26.116" /><!-- duration: 16ms -->
          <step title="C:\home\site\repository\Backend\Program.cs(94,46): warning CS8604: Possible null reference argument for parameter &apos;key&apos; in &apos;AzureKeyCredential.AzureKeyCredential(string key)&apos;. [C:\home\site\repository\Backend\Backend.csproj]" date="2025-07-15T21:20:26.152" /><!-- duration: 0ms -->
          <step title="C:\home\site\repository\Backend\Program.cs(148,9): warning CS8602: Dereference of a possibly null reference. [C:\home\site\repository\Backend\Backend.csproj]" date="2025-07-15T21:20:26.181" /><!-- duration: 0ms -->
          <step title="C:\home\site\repository\Backend\Controllers\ConfigController.cs(82,35): warning CS8600: Converting null literal or possible null value to non-nullable type. [C:\home\site\repository\Backend\Backend.csproj]" date="2025-07-15T21:20:26.199" /><!-- duration: 11ms -->
          <step title="C:\home\site\repository\Backend\Controllers\ConfigController.cs(83,36): warning CS8600: Converting null literal or possible null value to non-nullable type. [C:\home\site\repository\Backend\Backend.csproj]" date="2025-07-15T21:20:26.246" /><!-- duration: 0ms -->
          <step title="C:\home\site\repository\Backend\Services\ChatService.cs(87,42): warning CS8600: Converting null literal or possible null value to non-nullable type. [C:\home\site\repository\Backend\Backend.csproj]" date="2025-07-15T21:20:26.274" /><!-- duration: 0ms -->
          <step title="C:\home\site\repository\Backend\Services\ChatService.cs(88,39): warning CS8600: Converting null literal or possible null value to non-nullable type. [C:\home\site\repository\Backend\Backend.csproj]" date="2025-07-15T21:20:26.304" /><!-- duration: 0ms -->
          <step title="C:\home\site\repository\Backend\Services\ChatService.cs(116,100): warning CS8604: Possible null reference argument for parameter &apos;userMessage&apos; in &apos;string IDocumentContextService.PrepareDocumentContext(DocumentInfo documentInfo, string userMessage)&apos;. [C:\home\site\repository\Backend\Backend.csproj]" date="2025-07-15T21:20:26.322" /><!-- duration: 13ms -->
          <step title="C:\home\site\repository\Backend\Services\ChatService.cs(154,54): warning CS8600: Converting null literal or possible null value to non-nullable type. [C:\home\site\repository\Backend\Backend.csproj]" date="2025-07-15T21:20:26.369" /><!-- duration: 13ms -->
          <step title="C:\home\site\repository\Backend\Services\ChatService.cs(194,28): warning CS8603: Possible null reference return. [C:\home\site\repository\Backend\Backend.csproj]" date="2025-07-15T21:20:26.398" /><!-- duration: 18ms -->
          <step title="C:\home\site\repository\Backend\Services\AzureFunctionService.cs(142,49): warning CS8604: Possible null reference argument for parameter &apos;oldValue&apos; in &apos;string string.Replace(string oldValue, string? newValue)&apos;. [C:\home\site\repository\Backend\Backend.csproj]" date="2025-07-15T21:20:26.463" /><!-- duration: 13ms -->
          <step title="C:\home\site\repository\Backend\Controllers\ChatController.cs(330,43): warning CS8600: Converting null literal or possible null value to non-nullable type. [C:\home\site\repository\Backend\Backend.csproj]" date="2025-07-15T21:20:26.509" /><!-- duration: 0ms -->
          <step title="C:\home\site\repository\Backend\Controllers\ChatController.cs(345,69): warning CS8604: Possible null reference argument for parameter &apos;message&apos; in &apos;Task&lt;IActionResult&gt; DocumentChatController.ChatWithFile(IFormFile file, string message, string? clientSessionId = null)&apos;. [C:\home\site\repository\Backend\Backend.csproj]" date="2025-07-15T21:20:26.523" /><!-- duration: 0ms -->
          <step title="C:\home\site\repository\Backend\Controllers\ChatController.cs(385,39): warning CS8600: Converting null literal or possible null value to non-nullable type. [C:\home\site\repository\Backend\Backend.csproj]" date="2025-07-15T21:20:26.585" /><!-- duration: 78ms -->
          <step title="C:\home\site\repository\Backend\Controllers\ChatController.cs(427,46): warning CS8600: Converting null literal or possible null value to non-nullable type. [C:\home\site\repository\Backend\Backend.csproj]" date="2025-07-15T21:20:27.385" /><!-- duration: 106ms -->
          <step title="C:\home\site\repository\Backend\Services\DocumentPersistenceService.cs(73,36): warning CS8600: Converting null literal or possible null value to non-nullable type. [C:\home\site\repository\Backend\Backend.csproj]" date="2025-07-15T21:20:27.744" /><!-- duration: 28ms -->
          <step title="C:\home\site\repository\Backend\Services\DocumentPersistenceService.cs(89,45): warning CS8601: Possible null reference assignment. [C:\home\site\repository\Backend\Backend.csproj]" date="2025-07-15T21:20:27.851" /><!-- duration: 35ms -->
          <step title="C:\home\site\repository\Backend\Services\DocumentPersistenceService.cs(92,43): warning CS8601: Possible null reference assignment. [C:\home\site\repository\Backend\Backend.csproj]" date="2025-07-15T21:20:27.976" /><!-- duration: 47ms -->
          <step title="C:\home\site\repository\Backend\Services\DocumentPersistenceService.cs(107,41): warning CS8601: Possible null reference assignment. [C:\home\site\repository\Backend\Backend.csproj]" date="2025-07-15T21:20:29.229" /><!-- duration: 13ms -->
          <step title="C:\home\site\repository\Backend\Services\DocumentPersistenceService.cs(110,39): warning CS8601: Possible null reference assignment. [C:\home\site\repository\Backend\Backend.csproj]" date="2025-07-15T21:20:29.257" /><!-- duration: 18ms -->
          <step title="C:\home\site\repository\Backend\Services\DocumentPersistenceService.cs(122,50): warning CS8602: Dereference of a possibly null reference. [C:\home\site\repository\Backend\Backend.csproj]" date="2025-07-15T21:20:29.293" /><!-- duration: 11ms -->
          <step title="C:\home\site\repository\Backend\Services\DocumentPersistenceService.cs(190,24): warning CS8603: Possible null reference return. [C:\home\site\repository\Backend\Backend.csproj]" date="2025-07-15T21:20:29.322" /><!-- duration: 0ms -->
          <step title="C:\home\site\repository\Backend\Services\DocumentPersistenceService.cs(227,32): warning CS8603: Possible null reference return. [C:\home\site\repository\Backend\Backend.csproj]" date="2025-07-15T21:20:29.351" /><!-- duration: 0ms -->
          <step title="C:\home\site\repository\Backend\Services\DocumentPersistenceService.cs(302,40): warning CS8603: Possible null reference return. [C:\home\site\repository\Backend\Backend.csproj]" date="2025-07-15T21:20:29.382" /><!-- duration: 16ms -->
          <step title="C:\home\site\repository\Backend\Services\DocumentPersistenceService.cs(318,32): warning CS8603: Possible null reference return. [C:\home\site\repository\Backend\Backend.csproj]" date="2025-07-15T21:20:29.417" /><!-- duration: 12ms -->
          <step title="C:\home\site\repository\Backend\Services\DocumentPersistenceService.cs(332,20): warning CS8603: Possible null reference return. [C:\home\site\repository\Backend\Backend.csproj]" date="2025-07-15T21:20:29.464" /><!-- duration: 0ms -->
          <step title="C:\home\site\repository\Backend\Services\DocumentContextService.cs(396,41): warning CS1998: This async method lacks &apos;await&apos; operators and will run synchronously. Consider using the &apos;await&apos; operator to await non-blocking API calls, or &apos;await Task.Run(...)&apos; to do CPU-bound work on a background thread. [C:\home\site\repository\Backend\Backend.csproj]" date="2025-07-15T21:20:29.492" /><!-- duration: 0ms -->
          <step title="C:\home\site\repository\Backend\Services\DocumentProcessingService.cs(127,28): warning CS8602: Dereference of a possibly null reference. [C:\home\site\repository\Backend\Backend.csproj]" date="2025-07-15T21:20:29.523" /><!-- duration: 16ms -->
          <step title="C:\home\site\repository\Backend\Services\DocumentProcessingService.cs(127,28): warning CS8602: Dereference of a possibly null reference. [C:\home\site\repository\Backend\Backend.csproj]" date="2025-07-15T21:20:29.557" /><!-- duration: 12ms -->
          <step title="C:\home\site\repository\Backend\Services\DocumentProcessingService.cs(147,45): warning CS8602: Dereference of a possibly null reference. [C:\home\site\repository\Backend\Backend.csproj]" date="2025-07-15T21:20:29.585" /><!-- duration: 17ms -->
          <step title="C:\home\site\repository\Backend\Services\DocumentProcessingService.cs(155,81): warning CS8604: Possible null reference argument for parameter &apos;id&apos; in &apos;OpenXmlPart OpenXmlPartContainer.GetPartById(string id)&apos;. [C:\home\site\repository\Backend\Backend.csproj]" date="2025-07-15T21:20:29.620" /><!-- duration: 12ms -->
          <step title="C:\home\site\repository\Backend\Services\DocumentProcessingService.cs(168,64): warning CS8604: Possible null reference argument for parameter &apos;sharedStringTable&apos; in &apos;string DocumentProcessingService.GetCellValue(Cell cell, SharedStringTable sharedStringTable)&apos;. [C:\home\site\repository\Backend\Backend.csproj]" date="2025-07-15T21:20:29.648" /><!-- duration: 19ms -->
          <step title="C:\home\site\repository\Backend\Services\LegacyEndpointHandler.cs(75,41): warning CS8601: Possible null reference assignment. [C:\home\site\repository\Backend\Backend.csproj]" date="2025-07-15T21:20:29.695" /><!-- duration: 0ms -->
          <step title="C:\home\site\repository\Backend\Services\LegacyEndpointHandler.cs(124,39): warning CS8600: Converting null literal or possible null value to non-nullable type. [C:\home\site\repository\Backend\Backend.csproj]" date="2025-07-15T21:20:29.714" /><!-- duration: 12ms -->
          <step title="C:\home\site\repository\Backend\Services\LegacyEndpointHandler.cs(126,38): warning CS8602: Dereference of a possibly null reference. [C:\home\site\repository\Backend\Backend.csproj]" date="2025-07-15T21:20:29.742" /><!-- duration: 19ms -->
          <step title="C:\home\site\repository\Backend\Services\LegacyEndpointHandler.cs(236,36): warning CS8601: Possible null reference assignment. [C:\home\site\repository\Backend\Backend.csproj]" date="2025-07-15T21:20:29.790" /><!-- duration: 0ms -->
          <step title="C:\home\site\repository\Backend\Controllers\ChatController.cs(412,31): warning CA2022: Avoid inexact read with &apos;System.IO.Stream.ReadAsync(byte[], int, int)&apos; (https://learn.microsoft.com/dotnet/fundamentals/code-analysis/quality-rules/ca2022) [C:\home\site\repository\Backend\Backend.csproj]" date="2025-07-15T21:20:29.837" /><!-- duration: 0ms -->
          <step title="Failed exitCode=1, command=dotnet publish &quot;C:\home\site\repository\Backend\Backend.csproj&quot; --configuration Release --output &quot;C:\local\Temp\8ddc3e551235f54&quot; --no-restore" date="2025-07-15T21:20:29.866" /><!-- duration: 0ms -->
          <step title="An error has occurred during web site deployment." date="2025-07-15T21:20:29.916" /><!-- duration: 13ms -->
          <step title="Process dump" date="2025-07-15T21:20:29.964" exitCode="255" type="processOutput" /><!-- duration: 28ms -->
        </step><!-- duration: 46308ms -->
        <step title="
C:\Program Files (x86)\SiteExtensions\Kudu\103.250502.001\bin\Scripts\starter.cmd deploy.cmd DEPLOYMENTINFO: deployer = GitHub, os = windows, sku = Standard, siteName = site-net, siteHostName = site-net-rrai-blue-fsgabaardkdhhnhf.centralus-01.azurewebsites.net, deploymentStatus = Error" date="2025-07-15T21:20:30.040" /><!-- duration: 19ms -->
        <step title="Error occurred" date="2025-07-15T21:20:30.148" type="error" text="
C:\Program Files (x86)\SiteExtensions\Kudu\103.250502.001\bin\Scripts\starter.cmd deploy.cmd" stackTrace="   at Kudu.Core.Infrastructure.Executable.ExecuteInternal(ITracer tracer, Func`2 onWriteOutput, Func`2 onWriteError, Encoding encoding, String arguments, Object[] args)
   at Kudu.Core.Infrastructure.Executable.ExecuteWithProgressWriter(ILogger logger, ITracer tracer, String arguments, Object[] args)
   at Kudu.Core.Deployment.Generator.ExternalCommandBuilder.RunCommand(DeploymentContext context, String command, Boolean ignoreManifest, String message)" /><!-- duration: 19ms -->
      </step><!-- duration: 47275ms -->
      <step title="Error occurred" date="2025-07-15T21:20:30.601" type="error" text="
C:\Program Files (x86)\SiteExtensions\Kudu\103.250502.001\bin\Scripts\starter.cmd deploy.cmd" stackTrace="   at Kudu.Core.Infrastructure.Executable.ExecuteInternal(ITracer tracer, Func`2 onWriteOutput, Func`2 onWriteError, Encoding encoding, String arguments, Object[] args)
   at Kudu.Core.Infrastructure.Executable.ExecuteWithProgressWriter(ILogger logger, ITracer tracer, String arguments, Object[] args)
   at Kudu.Core.Deployment.Generator.ExternalCommandBuilder.RunCommand(DeploymentContext context, String command, Boolean ignoreManifest, String message)
   at Kudu.Core.Deployment.Generator.CustomBuilder.Build(DeploymentContext context)
--- End of stack trace from previous location where exception was thrown ---
   at System.Runtime.CompilerServices.TaskAwaiter.ThrowForNonSuccess(Task task)
   at System.Runtime.CompilerServices.TaskAwaiter.HandleNonSuccessAndDebuggerNotification(Task task)
   at System.Runtime.CompilerServices.TaskAwaiter.ValidateEnd(Task task)
   at Kudu.Core.Deployment.DeploymentManager.&lt;Build&gt;d__38.MoveNext()" /><!-- duration: 20ms -->
      <step title="Deployment Failed. DEPLOYMENTINFO: deployer = GitHub, os = windows, sku = Standard, siteName = site-net, siteHostName = site-net-rrai-blue-fsgabaardkdhhnhf.centralus-01.azurewebsites.net, deploymentStatus = Failed" date="2025-07-15T21:20:30.650" /><!-- duration: 0ms -->
    </step><!-- duration: 47821ms -->
    <step title="Cleaning up temp files" date="2025-07-15T21:20:30.679" /><!-- duration: 19ms -->
  </step><!-- duration: 50107ms -->
  <step title="LockFile &apos;C:\home\site\locks\deployments.lock&apos; released" date="2025-07-15T21:20:30.804" /><!-- duration: 0ms -->
  <step title="Deleting shutdown sentinel file" date="2025-07-15T21:20:30.821" SemaphoreCount="8" /><!-- duration: 19ms -->
</step><!-- duration: 50311ms -->
