<step title="BackgroundTrace" date="2025-07-15T18:06:16.409" instance="15b9d3" url="/deploy" method="POST" >
  <step title="Updating shutdown sentinel last write time" date="2025-07-15T18:06:16.441" SemaphoreCount="7" /><!-- duration: 0ms -->
  <step title="LockFile &apos;C:\home\site\locks\deployments.lock&apos; acquired" date="2025-07-15T18:06:16.441" /><!-- duration: 15ms -->
  <step title="Creating temporary deployment" date="2025-07-15T18:06:16.456" /><!-- duration: 63ms -->
  <step title="Performing fetch based deployment" date="2025-07-15T18:06:16.534" >
    <step title="Fetching changes." date="2025-07-15T18:06:16.675" /><!-- duration: 31ms -->
    <step title="Before sending BuildRequestReceived status to /api/updatedeploystatus" date="2025-07-15T18:06:18.726" /><!-- duration: 0ms -->
    <step title="DeploymentManager.Deploy(id:50ce045a234eb78ce57c2be462eb9407520233e0)" date="2025-07-15T18:06:18.811" >
      <step title="Collecting changeset information" date="2025-07-15T18:06:18.820" /><!-- duration: 94ms -->
      <step title="Updating submodules" date="2025-07-15T18:06:18.933" >
        <step title="Updating submodules." date="2025-07-15T18:06:19.039" /><!-- duration: 16ms -->
      </step><!-- duration: 216ms -->
      <step title="Preparing deployment for commit id &apos;50ce045a23&apos;." date="2025-07-15T18:06:19.242" /><!-- duration: 0ms -->
      <step title="Determining deployment builder" date="2025-07-15T18:06:19.338" >
        <step title="Builder is CustomBuilder" date="2025-07-15T18:06:19.351" /><!-- duration: 16ms -->
      </step><!-- duration: 48ms -->
      <step title="Copying SSH keys" date="2025-07-15T18:06:19.415" /><!-- duration: 31ms -->
      <step title="Building" date="2025-07-15T18:06:19.445" >
        <step title="Running custom deployment command..." date="2025-07-15T18:06:19.523" /><!-- duration: 0ms -->
        <step title="Running deployment command..." date="2025-07-15T18:06:19.617" /><!-- duration: 19ms -->
        <step title="Command: deploy.cmd" date="2025-07-15T18:06:19.665" /><!-- duration: 15ms -->
        <step title="Executing external process" date="2025-07-15T18:06:19.760" type="process" path="starter.cmd" arguments="deploy.cmd" >
          <step title="Handling ASP.NET Core Web Application deployment." date="2025-07-15T18:06:20.947" /><!-- duration: 13ms -->
          <step title="  Determining projects to restore..." date="2025-07-15T18:06:29.851" /><!-- duration: 17ms -->
          <step title="  All projects are up-to-date for restore." date="2025-07-15T18:06:32.514" /><!-- duration: 19ms -->
          <step title="C:\home\site\repository\Backend\Services\PromptEngineeringService.cs(12,45): error CS0246: The type or namespace name &apos;IPromptEngineeringService&apos; could not be found (are you missing a using directive or an assembly reference?) [C:\home\site\repository\Backend\Backend.csproj]" date="2025-07-15T18:06:50.411" /><!-- duration: 19ms -->
          <step title="C:\home\site\repository\Backend\Controllers\DocumentChatController.cs(44,134): warning CS8625: Cannot convert null literal to non-nullable reference type. [C:\home\site\repository\Backend\Backend.csproj]" date="2025-07-15T18:06:50.459" /><!-- duration: 13ms -->
          <step title="Failed exitCode=1, command=dotnet publish &quot;C:\home\site\repository\Backend\Backend.csproj&quot; --configuration Release --output &quot;C:\local\Temp\8ddc3ca4caf932a&quot; --no-restore" date="2025-07-15T18:06:51.331" /><!-- duration: 17ms -->
          <step title="An error has occurred during web site deployment." date="2025-07-15T18:06:51.378" /><!-- duration: 18ms -->
          <step title="Process dump" date="2025-07-15T18:06:51.472" exitCode="255" type="processOutput" /><!-- duration: 0ms -->
        </step><!-- duration: 31732ms -->
        <step title="
C:\Program Files (x86)\SiteExtensions\Kudu\103.250502.001\bin\Scripts\starter.cmd deploy.cmd DEPLOYMENTINFO: deployer = GitHub, os = windows, sku = Standard, siteName = site-net, siteHostName = site-net-rrai-blue-fsgabaardkdhhnhf.centralus-01.azurewebsites.net, deploymentStatus = Error" date="2025-07-15T18:06:51.520" /><!-- duration: 0ms -->
        <step title="Error occurred" date="2025-07-15T18:06:51.539" type="error" text="
C:\Program Files (x86)\SiteExtensions\Kudu\103.250502.001\bin\Scripts\starter.cmd deploy.cmd" stackTrace="   at Kudu.Core.Infrastructure.Executable.ExecuteInternal(ITracer tracer, Func`2 onWriteOutput, Func`2 onWriteError, Encoding encoding, String arguments, Object[] args)
   at Kudu.Core.Infrastructure.Executable.ExecuteWithProgressWriter(ILogger logger, ITracer tracer, String arguments, Object[] args)
   at Kudu.Core.Deployment.Generator.ExternalCommandBuilder.RunCommand(DeploymentContext context, String command, Boolean ignoreManifest, String message)" /><!-- duration: 11ms -->
      </step><!-- duration: 32308ms -->
      <step title="Error occurred" date="2025-07-15T18:06:51.753" type="error" text="
C:\Program Files (x86)\SiteExtensions\Kudu\103.250502.001\bin\Scripts\starter.cmd deploy.cmd" stackTrace="   at Kudu.Core.Infrastructure.Executable.ExecuteInternal(ITracer tracer, Func`2 onWriteOutput, Func`2 onWriteError, Encoding encoding, String arguments, Object[] args)
   at Kudu.Core.Infrastructure.Executable.ExecuteWithProgressWriter(ILogger logger, ITracer tracer, String arguments, Object[] args)
   at Kudu.Core.Deployment.Generator.ExternalCommandBuilder.RunCommand(DeploymentContext context, String command, Boolean ignoreManifest, String message)
   at Kudu.Core.Deployment.Generator.CustomBuilder.Build(DeploymentContext context)
--- End of stack trace from previous location where exception was thrown ---
   at System.Runtime.CompilerServices.TaskAwaiter.ThrowForNonSuccess(Task task)
   at System.Runtime.CompilerServices.TaskAwaiter.HandleNonSuccessAndDebuggerNotification(Task task)
   at System.Runtime.CompilerServices.TaskAwaiter.ValidateEnd(Task task)
   at Kudu.Core.Deployment.DeploymentManager.&lt;Build&gt;d__38.MoveNext()" /><!-- duration: 0ms -->
      <step title="Deployment Failed. DEPLOYMENTINFO: deployer = GitHub, os = windows, sku = Standard, siteName = site-net, siteHostName = site-net-rrai-blue-fsgabaardkdhhnhf.centralus-01.azurewebsites.net, deploymentStatus = Failed" date="2025-07-15T18:06:51.800" /><!-- duration: 0ms -->
    </step><!-- duration: 33005ms -->
    <step title="Cleaning up temp files" date="2025-07-15T18:06:51.833" /><!-- duration: 0ms -->
  </step><!-- duration: 35375ms -->
  <step title="LockFile &apos;C:\home\site\locks\deployments.lock&apos; released" date="2025-07-15T18:06:51.925" /><!-- duration: 0ms -->
  <step title="Deleting shutdown sentinel file" date="2025-07-15T18:06:51.925" SemaphoreCount="8" /><!-- duration: 31ms -->
</step><!-- duration: 35578ms -->
