<step title="BackgroundTrace" date="2025-07-15T20:30:30.920" instance="15b9d3" url="/deploy" method="POST" >
  <step title="Updating shutdown sentinel last write time" date="2025-07-15T20:30:30.983" SemaphoreCount="7" /><!-- duration: 0ms -->
  <step title="LockFile &apos;C:\home\site\locks\deployments.lock&apos; acquired" date="2025-07-15T20:30:30.983" /><!-- duration: 16ms -->
  <step title="Creating temporary deployment" date="2025-07-15T20:30:30.999" /><!-- duration: 62ms -->
  <step title="Performing fetch based deployment" date="2025-07-15T20:30:31.077" >
    <step title="Fetching changes." date="2025-07-15T20:30:31.249" /><!-- duration: 35ms -->
    <step title="Before sending BuildRequestReceived status to /api/updatedeploystatus" date="2025-07-15T20:30:33.484" /><!-- duration: 16ms -->
    <step title="DeploymentManager.Deploy(id:a7de46bedb0f3a84add71edffb2cc367b8bcea38)" date="2025-07-15T20:30:33.802" >
      <step title="Collecting changeset information" date="2025-07-15T20:30:33.890" /><!-- duration: 391ms -->
      <step title="Updating submodules" date="2025-07-15T20:30:34.296" >
        <step title="Updating submodules." date="2025-07-15T20:30:34.393" /><!-- duration: 13ms -->
      </step><!-- duration: 125ms -->
      <step title="Preparing deployment for commit id &apos;a7de46bedb&apos;." date="2025-07-15T20:30:34.546" /><!-- duration: 0ms -->
      <step title="Determining deployment builder" date="2025-07-15T20:30:34.659" >
        <step title="Builder is CustomBuilder" date="2025-07-15T20:30:34.671" /><!-- duration: 33ms -->
      </step><!-- duration: 60ms -->
      <step title="Copying SSH keys" date="2025-07-15T20:30:34.769" /><!-- duration: 12ms -->
      <step title="Building" date="2025-07-15T20:30:34.796" >
        <step title="Running custom deployment command..." date="2025-07-15T20:30:34.876" /><!-- duration: 0ms -->
        <step title="Running deployment command..." date="2025-07-15T20:30:35.000" /><!-- duration: 16ms -->
        <step title="Command: deploy.cmd" date="2025-07-15T20:30:35.033" /><!-- duration: 18ms -->
        <step title="Executing external process" date="2025-07-15T20:30:35.126" type="process" path="starter.cmd" arguments="deploy.cmd" >
          <step title="Handling ASP.NET Core Web Application deployment." date="2025-07-15T20:30:36.395" /><!-- duration: 11ms -->
          <step title="  Determining projects to restore..." date="2025-07-15T20:30:44.502" /><!-- duration: 19ms -->
          <step title="  All projects are up-to-date for restore." date="2025-07-15T20:30:46.829" /><!-- duration: 19ms -->
          <step title="C:\home\site\repository\Backend\Program.cs(49,9): warning CS8604: Possible null reference argument for parameter &apos;openAIClient&apos; in &apos;ChatService.ChatService(OpenAIClient openAIClient, OpenAIConfiguration openAIConfig, DocumentChunkingService documentChunkingService, IDocumentContextService documentContextService, IChatAnalysisService chatAnalysisService, IPromptEngineeringService promptEngineeringService, ILogger&lt;ChatService&gt; logger)&apos;. [C:\home\site\repository\Backend\Backend.csproj]" date="2025-07-15T20:31:13.190" /><!-- duration: 0ms -->
          <step title="C:\home\site\repository\Backend\Program.cs(104,25): warning CS8604: Possible null reference argument for parameter &apos;uriString&apos; in &apos;Uri.Uri(string uriString)&apos;. [C:\home\site\repository\Backend\Backend.csproj]" date="2025-07-15T20:31:13.219" /><!-- duration: 17ms -->
          <step title="C:\home\site\repository\Backend\Program.cs(105,46): warning CS8604: Possible null reference argument for parameter &apos;key&apos; in &apos;AzureKeyCredential.AzureKeyCredential(string key)&apos;. [C:\home\site\repository\Backend\Backend.csproj]" date="2025-07-15T20:31:13.254" /><!-- duration: 0ms -->
          <step title="C:\home\site\repository\Backend\Program.cs(159,9): warning CS8602: Dereference of a possibly null reference. [C:\home\site\repository\Backend\Backend.csproj]" date="2025-07-15T20:31:13.282" /><!-- duration: 0ms -->
          <step title="C:\home\site\repository\Backend\Controllers\ChatController.cs(84,45): warning CS8600: Converting null literal or possible null value to non-nullable type. [C:\home\site\repository\Backend\Backend.csproj]" date="2025-07-15T20:31:13.359" /><!-- duration: 16ms -->
          <step title="C:\home\site\repository\Backend\Controllers\ChatController.cs(92,36): warning CS8600: Converting null literal or possible null value to non-nullable type. [C:\home\site\repository\Backend\Backend.csproj]" date="2025-07-15T20:31:13.406" /><!-- duration: 16ms -->
          <step title="C:\home\site\repository\Backend\Controllers\ChatController.cs(98,40): warning CS8600: Converting null literal or possible null value to non-nullable type. [C:\home\site\repository\Backend\Backend.csproj]" date="2025-07-15T20:31:13.457" /><!-- duration: 0ms -->
          <step title="C:\home\site\repository\Backend\Controllers\ChatController.cs(328,38): error CS0103: The name &apos;_documentChatController&apos; does not exist in the current context [C:\home\site\repository\Backend\Backend.csproj]" date="2025-07-15T20:31:13.485" /><!-- duration: 18ms -->
          <step title="C:\home\site\repository\Backend\Controllers\ChatController.cs(368,39): warning CS8600: Converting null literal or possible null value to non-nullable type. [C:\home\site\repository\Backend\Backend.csproj]" date="2025-07-15T20:31:13.550" /><!-- duration: 12ms -->
          <step title="C:\home\site\repository\Backend\Controllers\ChatController.cs(410,46): warning CS8600: Converting null literal or possible null value to non-nullable type. [C:\home\site\repository\Backend\Backend.csproj]" date="2025-07-15T20:31:13.597" /><!-- duration: 13ms -->
          <step title="C:\home\site\repository\Backend\Controllers\DocumentChatController.cs(159,47): warning CS8600: Converting null literal or possible null value to non-nullable type. [C:\home\site\repository\Backend\Backend.csproj]" date="2025-07-15T20:31:13.625" /><!-- duration: 18ms -->
          <step title="C:\home\site\repository\Backend\Controllers\DocumentChatController.cs(163,44): warning CS8600: Converting null literal or possible null value to non-nullable type. [C:\home\site\repository\Backend\Backend.csproj]" date="2025-07-15T20:31:13.672" /><!-- duration: 18ms -->
          <step title="C:\home\site\repository\Backend\Controllers\DocumentChatController.cs(231,36): warning CS8602: Dereference of a possibly null reference. [C:\home\site\repository\Backend\Backend.csproj]" date="2025-07-15T20:31:13.708" /><!-- duration: 11ms -->
          <step title="C:\home\site\repository\Backend\Controllers\DocumentChatController.cs(257,47): warning CS8600: Converting null literal or possible null value to non-nullable type. [C:\home\site\repository\Backend\Backend.csproj]" date="2025-07-15T20:31:13.736" /><!-- duration: 14ms -->
          <step title="C:\home\site\repository\Backend\Models\ChatModels.cs(27,23): warning CS8618: Non-nullable property &apos;DocumentInfo&apos; must contain a non-null value when exiting constructor. Consider adding the &apos;required&apos; modifier or declaring the property as nullable. [C:\home\site\repository\Backend\Backend.csproj]" date="2025-07-15T20:31:13.783" /><!-- duration: 0ms -->
          <step title="C:\home\site\repository\Backend\Services\AzureFunctionService.cs(142,49): warning CS8604: Possible null reference argument for parameter &apos;oldValue&apos; in &apos;string string.Replace(string oldValue, string? newValue)&apos;. [C:\home\site\repository\Backend\Backend.csproj]" date="2025-07-15T20:31:13.812" /><!-- duration: 0ms -->
          <step title="C:\home\site\repository\Backend\Controllers\ConfigController.cs(82,35): warning CS8600: Converting null literal or possible null value to non-nullable type. [C:\home\site\repository\Backend\Backend.csproj]" date="2025-07-15T20:31:13.831" /><!-- duration: 13ms -->
          <step title="C:\home\site\repository\Backend\Controllers\ConfigController.cs(83,36): warning CS8600: Converting null literal or possible null value to non-nullable type. [C:\home\site\repository\Backend\Backend.csproj]" date="2025-07-15T20:31:13.859" /><!-- duration: 18ms -->
          <step title="C:\home\site\repository\Backend\Services\ChatService.cs(81,42): warning CS8600: Converting null literal or possible null value to non-nullable type. [C:\home\site\repository\Backend\Backend.csproj]" date="2025-07-15T20:31:13.891" /><!-- duration: 16ms -->
          <step title="C:\home\site\repository\Backend\Services\ChatService.cs(82,39): warning CS8600: Converting null literal or possible null value to non-nullable type. [C:\home\site\repository\Backend\Backend.csproj]" date="2025-07-15T20:31:13.922" /><!-- duration: 16ms -->
          <step title="C:\home\site\repository\Backend\Services\ChatService.cs(110,100): warning CS8604: Possible null reference argument for parameter &apos;userMessage&apos; in &apos;string IDocumentContextService.PrepareDocumentContext(DocumentInfo documentInfo, string userMessage)&apos;. [C:\home\site\repository\Backend\Backend.csproj]" date="2025-07-15T20:31:13.954" /><!-- duration: 0ms -->
          <step title="C:\home\site\repository\Backend\Services\ChatService.cs(148,54): warning CS8600: Converting null literal or possible null value to non-nullable type. [C:\home\site\repository\Backend\Backend.csproj]" date="2025-07-15T20:31:13.984" /><!-- duration: 0ms -->
          <step title="C:\home\site\repository\Backend\Services\ChatService.cs(188,28): warning CS8603: Possible null reference return. [C:\home\site\repository\Backend\Backend.csproj]" date="2025-07-15T20:31:14.016" /><!-- duration: 15ms -->
          <step title="C:\home\site\repository\Backend\Services\LegacyEndpointHandler.cs(75,41): warning CS8601: Possible null reference assignment. [C:\home\site\repository\Backend\Backend.csproj]" date="2025-07-15T20:31:14.078" /><!-- duration: 17ms -->
          <step title="C:\home\site\repository\Backend\Services\LegacyEndpointHandler.cs(124,39): warning CS8600: Converting null literal or possible null value to non-nullable type. [C:\home\site\repository\Backend\Backend.csproj]" date="2025-07-15T20:31:14.125" /><!-- duration: 16ms -->
          <step title="C:\home\site\repository\Backend\Services\LegacyEndpointHandler.cs(126,38): warning CS8602: Dereference of a possibly null reference. [C:\home\site\repository\Backend\Backend.csproj]" date="2025-07-15T20:31:14.159" /><!-- duration: 13ms -->
          <step title="C:\home\site\repository\Backend\Services\LegacyEndpointHandler.cs(188,40): warning CS8602: Dereference of a possibly null reference. [C:\home\site\repository\Backend\Backend.csproj]" date="2025-07-15T20:31:14.328" /><!-- duration: 441ms -->
          <step title="C:\home\site\repository\Backend\Services\DocumentPersistenceService.cs(73,36): warning CS8600: Converting null literal or possible null value to non-nullable type. [C:\home\site\repository\Backend\Backend.csproj]" date="2025-07-15T20:31:15.500" /><!-- duration: 130ms -->
          <step title="C:\home\site\repository\Backend\Services\DocumentPersistenceService.cs(89,45): warning CS8601: Possible null reference assignment. [C:\home\site\repository\Backend\Backend.csproj]" date="2025-07-15T20:31:15.781" /><!-- duration: 94ms -->
          <step title="C:\home\site\repository\Backend\Services\DocumentPersistenceService.cs(92,43): warning CS8601: Possible null reference assignment. [C:\home\site\repository\Backend\Backend.csproj]" date="2025-07-15T20:31:15.971" /><!-- duration: 19ms -->
          <step title="C:\home\site\repository\Backend\Services\DocumentPersistenceService.cs(107,41): warning CS8601: Possible null reference assignment. [C:\home\site\repository\Backend\Backend.csproj]" date="2025-07-15T20:31:16.031" /><!-- duration: 16ms -->
          <step title="C:\home\site\repository\Backend\Services\DocumentPersistenceService.cs(110,39): warning CS8601: Possible null reference assignment. [C:\home\site\repository\Backend\Backend.csproj]" date="2025-07-15T20:31:16.188" /><!-- duration: 47ms -->
          <step title="C:\home\site\repository\Backend\Services\DocumentPersistenceService.cs(122,50): warning CS8602: Dereference of a possibly null reference. [C:\home\site\repository\Backend\Backend.csproj]" date="2025-07-15T20:31:16.312" /><!-- duration: 48ms -->
          <step title="C:\home\site\repository\Backend\Services\DocumentPersistenceService.cs(190,24): warning CS8603: Possible null reference return. [C:\home\site\repository\Backend\Backend.csproj]" date="2025-07-15T20:31:16.407" /><!-- duration: 0ms -->
          <step title="C:\home\site\repository\Backend\Services\DocumentPersistenceService.cs(227,32): warning CS8603: Possible null reference return. [C:\home\site\repository\Backend\Backend.csproj]" date="2025-07-15T20:31:16.426" /><!-- duration: 11ms -->
          <step title="C:\home\site\repository\Backend\Services\DocumentPersistenceService.cs(302,40): warning CS8603: Possible null reference return. [C:\home\site\repository\Backend\Backend.csproj]" date="2025-07-15T20:31:16.454" /><!-- duration: 18ms -->
          <step title="C:\home\site\repository\Backend\Services\DocumentPersistenceService.cs(318,32): warning CS8603: Possible null reference return. [C:\home\site\repository\Backend\Backend.csproj]" date="2025-07-15T20:31:16.500" /><!-- duration: 18ms -->
          <step title="C:\home\site\repository\Backend\Services\DocumentPersistenceService.cs(332,20): warning CS8603: Possible null reference return. [C:\home\site\repository\Backend\Backend.csproj]" date="2025-07-15T20:31:16.547" /><!-- duration: 0ms -->
          <step title="C:\home\site\repository\Backend\Services\DocumentContextService.cs(396,41): warning CS1998: This async method lacks &apos;await&apos; operators and will run synchronously. Consider using the &apos;await&apos; operator to await non-blocking API calls, or &apos;await Task.Run(...)&apos; to do CPU-bound work on a background thread. [C:\home\site\repository\Backend\Backend.csproj]" date="2025-07-15T20:31:16.583" /><!-- duration: 10ms -->
          <step title="C:\home\site\repository\Backend\Services\DocumentProcessingService.cs(127,28): warning CS8602: Dereference of a possibly null reference. [C:\home\site\repository\Backend\Backend.csproj]" date="2025-07-15T20:31:16.625" /><!-- duration: 0ms -->
          <step title="C:\home\site\repository\Backend\Services\DocumentProcessingService.cs(127,28): warning CS8602: Dereference of a possibly null reference. [C:\home\site\repository\Backend\Backend.csproj]" date="2025-07-15T20:31:16.659" /><!-- duration: 0ms -->
          <step title="C:\home\site\repository\Backend\Services\DocumentProcessingService.cs(147,45): warning CS8602: Dereference of a possibly null reference. [C:\home\site\repository\Backend\Backend.csproj]" date="2025-07-15T20:31:16.688" /><!-- duration: 0ms -->
          <step title="C:\home\site\repository\Backend\Services\DocumentProcessingService.cs(155,81): warning CS8604: Possible null reference argument for parameter &apos;id&apos; in &apos;OpenXmlPart OpenXmlPartContainer.GetPartById(string id)&apos;. [C:\home\site\repository\Backend\Backend.csproj]" date="2025-07-15T20:31:16.705" /><!-- duration: 14ms -->
          <step title="C:\home\site\repository\Backend\Services\DocumentProcessingService.cs(168,64): warning CS8604: Possible null reference argument for parameter &apos;sharedStringTable&apos; in &apos;string DocumentProcessingService.GetCellValue(Cell cell, SharedStringTable sharedStringTable)&apos;. [C:\home\site\repository\Backend\Backend.csproj]" date="2025-07-15T20:31:16.752" /><!-- duration: 0ms -->
          <step title="C:\home\site\repository\Backend\Controllers\ChatController.cs(395,31): warning CA2022: Avoid inexact read with &apos;System.IO.Stream.ReadAsync(byte[], int, int)&apos; (https://learn.microsoft.com/dotnet/fundamentals/code-analysis/quality-rules/ca2022) [C:\home\site\repository\Backend\Backend.csproj]" date="2025-07-15T20:31:16.799" /><!-- duration: 0ms -->
          <step title="Failed exitCode=1, command=dotnet publish &quot;C:\home\site\repository\Backend\Backend.csproj&quot; --configuration Release --output &quot;C:\local\Temp\8ddc3de73aa8056&quot; --no-restore" date="2025-07-15T20:31:16.828" /><!-- duration: 0ms -->
          <step title="An error has occurred during web site deployment." date="2025-07-15T20:31:16.847" /><!-- duration: 12ms -->
          <step title="Process dump" date="2025-07-15T20:31:16.876" exitCode="255" type="processOutput" /><!-- duration: 0ms -->
        </step><!-- duration: 41781ms -->
        <step title="
C:\Program Files (x86)\SiteExtensions\Kudu\103.250502.001\bin\Scripts\starter.cmd deploy.cmd DEPLOYMENTINFO: deployer = GitHub, os = windows, sku = Standard, siteName = site-net, siteHostName = site-net-rrai-blue-fsgabaardkdhhnhf.centralus-01.azurewebsites.net, deploymentStatus = Error" date="2025-07-15T20:31:16.970" /><!-- duration: 19ms -->
        <step title="Error occurred" date="2025-07-15T20:31:17.000" type="error" text="
C:\Program Files (x86)\SiteExtensions\Kudu\103.250502.001\bin\Scripts\starter.cmd deploy.cmd" stackTrace="   at Kudu.Core.Infrastructure.Executable.ExecuteInternal(ITracer tracer, Func`2 onWriteOutput, Func`2 onWriteError, Encoding encoding, String arguments, Object[] args)
   at Kudu.Core.Infrastructure.Executable.ExecuteWithProgressWriter(ILogger logger, ITracer tracer, String arguments, Object[] args)
   at Kudu.Core.Deployment.Generator.ExternalCommandBuilder.RunCommand(DeploymentContext context, String command, Boolean ignoreManifest, String message)" /><!-- duration: 47ms -->
      </step><!-- duration: 42722ms -->
      <step title="Error occurred" date="2025-07-15T20:31:17.531" type="error" text="
C:\Program Files (x86)\SiteExtensions\Kudu\103.250502.001\bin\Scripts\starter.cmd deploy.cmd" stackTrace="   at Kudu.Core.Infrastructure.Executable.ExecuteInternal(ITracer tracer, Func`2 onWriteOutput, Func`2 onWriteError, Encoding encoding, String arguments, Object[] args)
   at Kudu.Core.Infrastructure.Executable.ExecuteWithProgressWriter(ILogger logger, ITracer tracer, String arguments, Object[] args)
   at Kudu.Core.Deployment.Generator.ExternalCommandBuilder.RunCommand(DeploymentContext context, String command, Boolean ignoreManifest, String message)
   at Kudu.Core.Deployment.Generator.CustomBuilder.Build(DeploymentContext context)
--- End of stack trace from previous location where exception was thrown ---
   at System.Runtime.CompilerServices.TaskAwaiter.ThrowForNonSuccess(Task task)
   at System.Runtime.CompilerServices.TaskAwaiter.HandleNonSuccessAndDebuggerNotification(Task task)
   at System.Runtime.CompilerServices.TaskAwaiter.ValidateEnd(Task task)
   at Kudu.Core.Deployment.DeploymentManager.&lt;Build&gt;d__38.MoveNext()" /><!-- duration: 16ms -->
      <step title="Deployment Failed. DEPLOYMENTINFO: deployer = GitHub, os = windows, sku = Standard, siteName = site-net, siteHostName = site-net-rrai-blue-fsgabaardkdhhnhf.centralus-01.azurewebsites.net, deploymentStatus = Failed" date="2025-07-15T20:31:17.565" /><!-- duration: 13ms -->
    </step><!-- duration: 43792ms -->
    <step title="Cleaning up temp files" date="2025-07-15T20:31:17.613" /><!-- duration: 12ms -->
  </step><!-- duration: 46613ms -->
  <step title="LockFile &apos;C:\home\site\locks\deployments.lock&apos; released" date="2025-07-15T20:31:17.719" /><!-- duration: 18ms -->
  <step title="Deleting shutdown sentinel file" date="2025-07-15T20:31:17.750" SemaphoreCount="8" /><!-- duration: 0ms -->
</step><!-- duration: 46845ms -->
