<step title="BackgroundTrace" date="2025-07-16T21:18:06.111" instance="15b9d3" url="/deploy" method="POST" >
  <step title="Updating shutdown sentinel last write time" date="2025-07-16T21:18:06.142" SemaphoreCount="7" /><!-- duration: 0ms -->
  <step title="LockFile &apos;C:\home\site\locks\deployments.lock&apos; acquired" date="2025-07-16T21:18:06.158" /><!-- duration: 0ms -->
  <step title="Creating temporary deployment" date="2025-07-16T21:18:06.174" /><!-- duration: 62ms -->
  <step title="Performing fetch based deployment" date="2025-07-16T21:18:06.253" >
    <step title="Fetching changes." date="2025-07-16T21:18:06.408" /><!-- duration: 35ms -->
    <step title="Before sending BuildRequestReceived status to /api/updatedeploystatus" date="2025-07-16T21:18:08.616" /><!-- duration: 11ms -->
    <step title="DeploymentManager.Deploy(id:0c73ffd31f7aceaae5899203fdf07f1126c3a2aa)" date="2025-07-16T21:18:08.737" >
      <step title="Collecting changeset information" date="2025-07-16T21:18:08.752" /><!-- duration: 94ms -->
      <step title="Updating submodules" date="2025-07-16T21:18:08.862" >
        <step title="Updating submodules." date="2025-07-16T21:18:08.960" /><!-- duration: 0ms -->
      </step><!-- duration: 109ms -->
      <step title="Preparing deployment for commit id &apos;0c73ffd31f&apos;." date="2025-07-16T21:18:09.489" /><!-- duration: 13ms -->
      <step title="Determining deployment builder" date="2025-07-16T21:18:09.614" >
        <step title="Builder is CustomBuilder" date="2025-07-16T21:18:09.627" /><!-- duration: 0ms -->
      </step><!-- duration: 13ms -->
      <step title="Copying SSH keys" date="2025-07-16T21:18:09.674" /><!-- duration: 0ms -->
      <step title="Building" date="2025-07-16T21:18:09.690" >
        <step title="Running custom deployment command..." date="2025-07-16T21:18:09.784" /><!-- duration: 0ms -->
        <step title="Running deployment command..." date="2025-07-16T21:18:09.877" /><!-- duration: 0ms -->
        <step title="Command: deploy.cmd" date="2025-07-16T21:18:09.910" /><!-- duration: 0ms -->
        <step title="Executing external process" date="2025-07-16T21:18:10.034" type="process" path="starter.cmd" arguments="deploy.cmd" >
          <step title="Handling ASP.NET Core Web Application deployment." date="2025-07-16T21:18:11.350" /><!-- duration: 0ms -->
          <step title="  Determining projects to restore..." date="2025-07-16T21:18:20.956" /><!-- duration: 0ms -->
          <step title="  All projects are up-to-date for restore." date="2025-07-16T21:18:23.615" /><!-- duration: 0ms -->
          <step title="C:\home\site\repository\Backend\Controllers\DiagnosticController.cs(29,58): warning CS8625: Cannot convert null literal to non-nullable reference type. [C:\home\site\repository\Backend\Backend.csproj]" date="2025-07-16T21:18:55.556" /><!-- duration: 12ms -->
          <step title="C:\home\site\repository\Backend\Services\ChatService.cs(39,69): warning CS8625: Cannot convert null literal to non-nullable reference type. [C:\home\site\repository\Backend\Backend.csproj]" date="2025-07-16T21:18:55.584" /><!-- duration: 19ms -->
          <step title="C:\home\site\repository\Backend\Program.cs(107,25): warning CS8604: Possible null reference argument for parameter &apos;uriString&apos; in &apos;Uri.Uri(string uriString)&apos;. [C:\home\site\repository\Backend\Backend.csproj]" date="2025-07-16T21:18:55.634" /><!-- duration: 28ms -->
          <step title="C:\home\site\repository\Backend\Program.cs(108,46): warning CS8604: Possible null reference argument for parameter &apos;key&apos; in &apos;AzureKeyCredential.AzureKeyCredential(string key)&apos;. [C:\home\site\repository\Backend\Backend.csproj]" date="2025-07-16T21:18:55.693" /><!-- duration: 17ms -->
          <step title="C:\home\site\repository\Backend\Program.cs(162,9): warning CS8602: Dereference of a possibly null reference. [C:\home\site\repository\Backend\Backend.csproj]" date="2025-07-16T21:18:55.758" /><!-- duration: 19ms -->
          <step title="C:\home\site\repository\Backend\Controllers\DocumentChatController.cs(159,47): warning CS8600: Converting null literal or possible null value to non-nullable type. [C:\home\site\repository\Backend\Backend.csproj]" date="2025-07-16T21:18:55.805" /><!-- duration: 13ms -->
          <step title="C:\home\site\repository\Backend\Controllers\DocumentChatController.cs(163,44): warning CS8600: Converting null literal or possible null value to non-nullable type. [C:\home\site\repository\Backend\Backend.csproj]" date="2025-07-16T21:18:55.882" /><!-- duration: 19ms -->
          <step title="C:\home\site\repository\Backend\Controllers\DocumentChatController.cs(231,36): warning CS8602: Dereference of a possibly null reference. [C:\home\site\repository\Backend\Backend.csproj]" date="2025-07-16T21:18:55.912" /><!-- duration: 0ms -->
          <step title="C:\home\site\repository\Backend\Controllers\DocumentChatController.cs(257,47): warning CS8600: Converting null literal or possible null value to non-nullable type. [C:\home\site\repository\Backend\Backend.csproj]" date="2025-07-16T21:18:55.912" /><!-- duration: 16ms -->
          <step title="C:\home\site\repository\Backend\Controllers\DiagnosticController.cs(177,37): warning CS8600: Converting null literal or possible null value to non-nullable type. [C:\home\site\repository\Backend\Backend.csproj]" date="2025-07-16T21:18:55.943" /><!-- duration: 0ms -->
          <step title="C:\home\site\repository\Backend\Controllers\DiagnosticController.cs(270,54): warning CS8602: Dereference of a possibly null reference. [C:\home\site\repository\Backend\Backend.csproj]" date="2025-07-16T21:18:55.959" /><!-- duration: 0ms -->
          <step title="C:\home\site\repository\Backend\Controllers\DiagnosticController.cs(322,76): warning CS8600: Converting null literal or possible null value to non-nullable type. [C:\home\site\repository\Backend\Backend.csproj]" date="2025-07-16T21:18:55.976" /><!-- duration: 14ms -->
          <step title="C:\home\site\repository\Backend\Controllers\DiagnosticController.cs(323,79): warning CS8600: Converting null literal or possible null value to non-nullable type. [C:\home\site\repository\Backend\Backend.csproj]" date="2025-07-16T21:18:56.006" /><!-- duration: 0ms -->
          <step title="C:\home\site\repository\Backend\Controllers\DiagnosticController.cs(324,85): warning CS8600: Converting null literal or possible null value to non-nullable type. [C:\home\site\repository\Backend\Backend.csproj]" date="2025-07-16T21:18:56.023" /><!-- duration: 0ms -->
          <step title="C:\home\site\repository\Backend\Controllers\DiagnosticController.cs(338,80): warning CS8600: Converting null literal or possible null value to non-nullable type. [C:\home\site\repository\Backend\Backend.csproj]" date="2025-07-16T21:18:56.037" /><!-- duration: 0ms -->
          <step title="C:\home\site\repository\Backend\Controllers\DiagnosticController.cs(390,99): warning CS8604: Possible null reference argument for parameter &apos;oldValue&apos; in &apos;string string.Replace(string oldValue, string? newValue)&apos;. [C:\home\site\repository\Backend\Backend.csproj]" date="2025-07-16T21:18:56.052" /><!-- duration: 79ms -->
          <step title="C:\home\site\repository\Backend\Controllers\DiagnosticController.cs(402,48): warning CS8600: Converting null literal or possible null value to non-nullable type. [C:\home\site\repository\Backend\Backend.csproj]" date="2025-07-16T21:18:56.162" /><!-- duration: 17ms -->
          <step title="C:\home\site\repository\Backend\Controllers\DiagnosticController.cs(457,52): warning CS8600: Converting null literal or possible null value to non-nullable type. [C:\home\site\repository\Backend\Backend.csproj]" date="2025-07-16T21:18:56.226" /><!-- duration: 29ms -->
          <step title="C:\home\site\repository\Backend\Controllers\ConfigController.cs(82,35): warning CS8600: Converting null literal or possible null value to non-nullable type. [C:\home\site\repository\Backend\Backend.csproj]" date="2025-07-16T21:18:56.287" /><!-- duration: 17ms -->
          <step title="C:\home\site\repository\Backend\Controllers\ConfigController.cs(83,36): warning CS8600: Converting null literal or possible null value to non-nullable type. [C:\home\site\repository\Backend\Backend.csproj]" date="2025-07-16T21:18:56.318" /><!-- duration: 16ms -->
          <step title="C:\home\site\repository\Backend\Services\LegacyEndpointHandler.cs(75,41): warning CS8601: Possible null reference assignment. [C:\home\site\repository\Backend\Backend.csproj]" date="2025-07-16T21:18:56.351" /><!-- duration: 14ms -->
          <step title="C:\home\site\repository\Backend\Services\LegacyEndpointHandler.cs(124,39): warning CS8600: Converting null literal or possible null value to non-nullable type. [C:\home\site\repository\Backend\Backend.csproj]" date="2025-07-16T21:18:56.365" /><!-- duration: 0ms -->
          <step title="C:\home\site\repository\Backend\Services\LegacyEndpointHandler.cs(126,38): warning CS8602: Dereference of a possibly null reference. [C:\home\site\repository\Backend\Backend.csproj]" date="2025-07-16T21:18:56.396" /><!-- duration: 0ms -->
          <step title="C:\home\site\repository\Backend\Services\LegacyEndpointHandler.cs(236,36): warning CS8601: Possible null reference assignment. [C:\home\site\repository\Backend\Backend.csproj]" date="2025-07-16T21:18:56.443" /><!-- duration: 15ms -->
          <step title="C:\home\site\repository\Backend\Controllers\ChatController.cs(84,45): warning CS8600: Converting null literal or possible null value to non-nullable type. [C:\home\site\repository\Backend\Backend.csproj]" date="2025-07-16T21:18:56.477" /><!-- duration: 13ms -->
          <step title="C:\home\site\repository\Backend\Controllers\ChatController.cs(92,36): warning CS8600: Converting null literal or possible null value to non-nullable type. [C:\home\site\repository\Backend\Backend.csproj]" date="2025-07-16T21:18:56.506" /><!-- duration: 0ms -->
          <step title="C:\home\site\repository\Backend\Controllers\ChatController.cs(98,40): warning CS8600: Converting null literal or possible null value to non-nullable type. [C:\home\site\repository\Backend\Backend.csproj]" date="2025-07-16T21:18:56.521" /><!-- duration: 16ms -->
          <step title="C:\home\site\repository\Backend\Controllers\ChatController.cs(330,43): warning CS8600: Converting null literal or possible null value to non-nullable type. [C:\home\site\repository\Backend\Backend.csproj]" date="2025-07-16T21:18:56.553" /><!-- duration: 16ms -->
          <step title="C:\home\site\repository\Backend\Controllers\ChatController.cs(345,69): warning CS8604: Possible null reference argument for parameter &apos;message&apos; in &apos;Task&lt;IActionResult&gt; DocumentChatController.ChatWithFile(IFormFile file, string message, string? clientSessionId = null)&apos;. [C:\home\site\repository\Backend\Backend.csproj]" date="2025-07-16T21:18:56.585" /><!-- duration: 0ms -->
          <step title="C:\home\site\repository\Backend\Controllers\ChatController.cs(385,39): warning CS8600: Converting null literal or possible null value to non-nullable type. [C:\home\site\repository\Backend\Backend.csproj]" date="2025-07-16T21:18:56.599" /><!-- duration: 0ms -->
          <step title="C:\home\site\repository\Backend\Controllers\ChatController.cs(427,46): warning CS8600: Converting null literal or possible null value to non-nullable type. [C:\home\site\repository\Backend\Backend.csproj]" date="2025-07-16T21:18:56.615" /><!-- duration: 18ms -->
          <step title="C:\home\site\repository\Backend\Models\ChatModels.cs(27,23): warning CS8618: Non-nullable property &apos;DocumentInfo&apos; must contain a non-null value when exiting constructor. Consider adding the &apos;required&apos; modifier or declaring the property as nullable. [C:\home\site\repository\Backend\Backend.csproj]" date="2025-07-16T21:18:56.665" /><!-- duration: 0ms -->
          <step title="C:\home\site\repository\Backend\Services\ChatService.cs(106,42): warning CS8600: Converting null literal or possible null value to non-nullable type. [C:\home\site\repository\Backend\Backend.csproj]" date="2025-07-16T21:18:56.709" /><!-- duration: 16ms -->
          <step title="C:\home\site\repository\Backend\Services\ChatService.cs(107,39): warning CS8600: Converting null literal or possible null value to non-nullable type. [C:\home\site\repository\Backend\Backend.csproj]" date="2025-07-16T21:18:56.743" /><!-- duration: 0ms -->
          <step title="C:\home\site\repository\Backend\Services\ChatService.cs(135,100): warning CS8604: Possible null reference argument for parameter &apos;userMessage&apos; in &apos;string IDocumentContextService.PrepareDocumentContext(DocumentInfo documentInfo, string userMessage)&apos;. [C:\home\site\repository\Backend\Backend.csproj]" date="2025-07-16T21:18:56.773" /><!-- duration: 0ms -->
          <step title="C:\home\site\repository\Backend\Services\ChatService.cs(173,54): warning CS8600: Converting null literal or possible null value to non-nullable type. [C:\home\site\repository\Backend\Backend.csproj]" date="2025-07-16T21:18:56.802" /><!-- duration: 19ms -->
          <step title="C:\home\site\repository\Backend\Services\ChatService.cs(239,77): warning CS8604: Possible null reference argument for parameter &apos;userMessage&apos; in &apos;Task IAzureFunctionService.SaveConversationAsync(string userMessage, string aiResponse)&apos;. [C:\home\site\repository\Backend\Backend.csproj]" date="2025-07-16T21:18:56.849" /><!-- duration: 19ms -->
          <step title="C:\home\site\repository\Backend\Services\ChatService.cs(239,86): warning CS8604: Possible null reference argument for parameter &apos;aiResponse&apos; in &apos;Task IAzureFunctionService.SaveConversationAsync(string userMessage, string aiResponse)&apos;. [C:\home\site\repository\Backend\Backend.csproj]" date="2025-07-16T21:18:56.881" /><!-- duration: 16ms -->
          <step title="C:\home\site\repository\Backend\Services\ChatService.cs(269,28): warning CS8603: Possible null reference return. [C:\home\site\repository\Backend\Backend.csproj]" date="2025-07-16T21:18:56.916" /><!-- duration: 0ms -->
          <step title="C:\home\site\repository\Backend\Services\DocumentProcessingService.cs(127,28): warning CS8602: Dereference of a possibly null reference. [C:\home\site\repository\Backend\Backend.csproj]" date="2025-07-16T21:18:56.974" /><!-- duration: 18ms -->
          <step title="C:\home\site\repository\Backend\Services\DocumentProcessingService.cs(127,28): warning CS8602: Dereference of a possibly null reference. [C:\home\site\repository\Backend\Backend.csproj]" date="2025-07-16T21:18:57.039" /><!-- duration: 0ms -->
          <step title="C:\home\site\repository\Backend\Services\DocumentProcessingService.cs(147,45): warning CS8602: Dereference of a possibly null reference. [C:\home\site\repository\Backend\Backend.csproj]" date="2025-07-16T21:18:57.146" /><!-- duration: 17ms -->
          <step title="C:\home\site\repository\Backend\Services\DocumentProcessingService.cs(155,81): warning CS8604: Possible null reference argument for parameter &apos;id&apos; in &apos;OpenXmlPart OpenXmlPartContainer.GetPartById(string id)&apos;. [C:\home\site\repository\Backend\Backend.csproj]" date="2025-07-16T21:18:57.182" /><!-- duration: 75ms -->
          <step title="C:\home\site\repository\Backend\Services\DocumentProcessingService.cs(168,64): warning CS8604: Possible null reference argument for parameter &apos;sharedStringTable&apos; in &apos;string DocumentProcessingService.GetCellValue(Cell cell, SharedStringTable sharedStringTable)&apos;. [C:\home\site\repository\Backend\Backend.csproj]" date="2025-07-16T21:18:57.724" /><!-- duration: 159ms -->
          <step title="C:\home\site\repository\Backend\Services\DocumentPersistenceService.cs(73,36): warning CS8600: Converting null literal or possible null value to non-nullable type. [C:\home\site\repository\Backend\Backend.csproj]" date="2025-07-16T21:18:58.021" /><!-- duration: 159ms -->
          <step title="C:\home\site\repository\Backend\Services\DocumentPersistenceService.cs(89,45): warning CS8601: Possible null reference assignment. [C:\home\site\repository\Backend\Backend.csproj]" date="2025-07-16T21:18:58.756" /><!-- duration: 77ms -->
          <step title="C:\home\site\repository\Backend\Services\DocumentPersistenceService.cs(92,43): warning CS8601: Possible null reference assignment. [C:\home\site\repository\Backend\Backend.csproj]" date="2025-07-16T21:18:59.037" /><!-- duration: 82ms -->
          <step title="C:\home\site\repository\Backend\Services\DocumentPersistenceService.cs(107,41): warning CS8601: Possible null reference assignment. [C:\home\site\repository\Backend\Backend.csproj]" date="2025-07-16T21:18:59.195" /><!-- duration: 66ms -->
          <step title="C:\home\site\repository\Backend\Services\DocumentPersistenceService.cs(110,39): warning CS8601: Possible null reference assignment. [C:\home\site\repository\Backend\Backend.csproj]" date="2025-07-16T21:18:59.336" /><!-- duration: 29ms -->
          <step title="C:\home\site\repository\Backend\Services\DocumentPersistenceService.cs(122,50): warning CS8602: Dereference of a possibly null reference. [C:\home\site\repository\Backend\Backend.csproj]" date="2025-07-16T21:18:59.557" /><!-- duration: 141ms -->
          <step title="C:\home\site\repository\Backend\Services\DocumentPersistenceService.cs(190,24): warning CS8603: Possible null reference return. [C:\home\site\repository\Backend\Backend.csproj]" date="2025-07-16T21:18:59.851" /><!-- duration: 125ms -->
          <step title="C:\home\site\repository\Backend\Services\DocumentPersistenceService.cs(227,32): warning CS8603: Possible null reference return. [C:\home\site\repository\Backend\Backend.csproj]" date="2025-07-16T21:19:00.084" /><!-- duration: 82ms -->
          <step title="C:\home\site\repository\Backend\Services\DocumentPersistenceService.cs(302,40): warning CS8603: Possible null reference return. [C:\home\site\repository\Backend\Backend.csproj]" date="2025-07-16T21:19:00.260" /><!-- duration: 47ms -->
          <step title="C:\home\site\repository\Backend\Services\DocumentPersistenceService.cs(318,32): warning CS8603: Possible null reference return. [C:\home\site\repository\Backend\Backend.csproj]" date="2025-07-16T21:19:00.599" /><!-- duration: 112ms -->
          <step title="C:\home\site\repository\Backend\Services\DocumentPersistenceService.cs(332,20): warning CS8603: Possible null reference return. [C:\home\site\repository\Backend\Backend.csproj]" date="2025-07-16T21:19:00.881" /><!-- duration: 31ms -->
          <step title="C:\home\site\repository\Backend\Services\DocumentContextService.cs(396,41): warning CS1998: This async method lacks &apos;await&apos; operators and will run synchronously. Consider using the &apos;await&apos; operator to await non-blocking API calls, or &apos;await Task.Run(...)&apos; to do CPU-bound work on a background thread. [C:\home\site\repository\Backend\Backend.csproj]" date="2025-07-16T21:19:01.006" /><!-- duration: 47ms -->
          <step title="C:\home\site\repository\Backend\Program.cs(65,14): warning ASP0000: Calling &apos;BuildServiceProvider&apos; from application code results in an additional copy of singleton services being created. Consider alternatives such as dependency injecting services as parameters to &apos;Configure&apos;. (https://aka.ms/AA5k895) [C:\home\site\repository\Backend\Backend.csproj]" date="2025-07-16T21:19:01.147" /><!-- duration: 30ms -->
          <step title="C:\home\site\repository\Backend\Controllers\ChatController.cs(412,31): warning CA2022: Avoid inexact read with &apos;System.IO.Stream.ReadAsync(byte[], int, int)&apos; (https://learn.microsoft.com/dotnet/fundamentals/code-analysis/quality-rules/ca2022) [C:\home\site\repository\Backend\Backend.csproj]" date="2025-07-16T21:19:01.224" /><!-- duration: 19ms -->
          <step title="  Backend -&gt; C:\home\site\repository\Backend\bin\Release\net9.0\Backend.dll" date="2025-07-16T21:19:01.271" /><!-- duration: 31ms -->
          <step title="  Backend -&gt; C:\local\Temp\8ddc4ae43bf3014\" date="2025-07-16T21:19:07.647" /><!-- duration: 0ms -->
          <step title="Creating app_offline.htm" date="2025-07-16T21:19:17.961" /><!-- duration: 0ms -->
          <step title="KuduSync.NET from: &apos;C:\local\Temp\8ddc4ae43bf3014&apos; to: &apos;C:\home\site\wwwroot&apos;" date="2025-07-16T21:19:17.992" /><!-- duration: 19ms -->
          <step title="Copying file: &apos;Backend.dll&apos;" date="2025-07-16T21:19:18.039" /><!-- duration: 0ms -->
          <step title="Copying file: &apos;Backend.exe&apos;" date="2025-07-16T21:19:18.068" /><!-- duration: 0ms -->
          <step title="Copying file: &apos;Backend.pdb&apos;" date="2025-07-16T21:19:18.100" /><!-- duration: 15ms -->
          <step title="Deleting app_offline.htm" date="2025-07-16T21:19:18.134" /><!-- duration: 13ms -->
          <step title="Finished successfully." date="2025-07-16T21:19:18.256" /><!-- duration: 19ms -->
        </step><!-- duration: 68365ms -->
        <step title="Running post deployment command(s)..." date="2025-07-16T21:19:18.587" /><!-- duration: 0ms -->
        <step title="Triggering recycle (preview mode disabled)." date="2025-07-16T21:19:19.132" /><!-- duration: 0ms -->
        <step title="Ignoring FS watcher based recycle request as this is a classic Windows app." date="2025-07-16T21:19:19.198" /><!-- duration: 105ms -->
        <step title="Deployment successful. DEPLOYMENTINFO: deployer = GitHub, os = windows, sku = Standard, siteName = site-net, siteHostName = site-net-rrai-blue-fsgabaardkdhhnhf.centralus-01.azurewebsites.net, deploymentStatus = Success" date="2025-07-16T21:19:19.571" /><!-- duration: 29ms -->
        <step title="Purge deployment items" date="2025-07-16T21:19:20.068" >
          <step title="Remove 3a04e4292, Success, received at 7/15/2025 2:13:44 PM" date="2025-07-16T21:19:20.727" /><!-- duration: 189ms -->
        </step><!-- duration: 942ms -->
      </step><!-- duration: 71396ms -->
    </step><!-- duration: 72396ms -->
    <step title="Cleaning up temp files" date="2025-07-16T21:19:21.146" /><!-- duration: 330ms -->
    <step title="Skip function trigger and logicapp sync because function is not enabled." date="2025-07-16T21:19:21.678" /><!-- duration: 16ms -->
  </step><!-- duration: 75565ms -->
  <step title="LockFile &apos;C:\home\site\locks\deployments.lock&apos; released" date="2025-07-16T21:19:21.885" /><!-- duration: 76ms -->
  <step title="Deleting shutdown sentinel file" date="2025-07-16T21:19:22.025" SemaphoreCount="8" /><!-- duration: 75ms -->
</step><!-- duration: 76025ms -->
