<step title="BackgroundTrace" date="2025-07-15T20:18:28.155" instance="15b9d3" url="/deploy" method="POST" >
  <step title="Updating shutdown sentinel last write time" date="2025-07-15T20:18:28.172" SemaphoreCount="7" /><!-- duration: 14ms -->
  <step title="LockFile &apos;C:\home\site\locks\deployments.lock&apos; acquired" date="2025-07-15T20:18:28.186" /><!-- duration: 16ms -->
  <step title="Creating temporary deployment" date="2025-07-15T20:18:28.217" /><!-- duration: 62ms -->
  <step title="Performing fetch based deployment" date="2025-07-15T20:18:28.296" >
    <step title="Fetching changes." date="2025-07-15T20:18:28.499" /><!-- duration: 18ms -->
    <step title="Before sending BuildRequestReceived status to /api/updatedeploystatus" date="2025-07-15T20:18:32.173" /><!-- duration: 19ms -->
    <step title="DeploymentManager.Deploy(id:4acea3e36302725a655ee65f992f498c0ca19fa6)" date="2025-07-15T20:18:32.315" >
      <step title="Collecting changeset information" date="2025-07-15T20:18:32.390" /><!-- duration: 93ms -->
      <step title="Updating submodules" date="2025-07-15T20:18:32.502" >
        <step title="Updating submodules." date="2025-07-15T20:18:32.561" /><!-- duration: 0ms -->
      </step><!-- duration: 59ms -->
      <step title="Preparing deployment for commit id &apos;4acea3e363&apos;." date="2025-07-15T20:18:32.672" /><!-- duration: 0ms -->
      <step title="Determining deployment builder" date="2025-07-15T20:18:32.766" >
        <step title="Builder is CustomBuilder" date="2025-07-15T20:18:32.784" /><!-- duration: 0ms -->
      </step><!-- duration: 30ms -->
      <step title="Copying SSH keys" date="2025-07-15T20:18:32.889" /><!-- duration: 0ms -->
      <step title="Building" date="2025-07-15T20:18:32.889" >
        <step title="Running custom deployment command..." date="2025-07-15T20:18:32.983" /><!-- duration: 0ms -->
        <step title="Running deployment command..." date="2025-07-15T20:18:33.096" /><!-- duration: 12ms -->
        <step title="Command: deploy.cmd" date="2025-07-15T20:18:33.143" /><!-- duration: 12ms -->
        <step title="Executing external process" date="2025-07-15T20:18:33.219" type="process" path="starter.cmd" arguments="deploy.cmd" >
          <step title="Handling ASP.NET Core Web Application deployment." date="2025-07-15T20:18:34.577" /><!-- duration: 16ms -->
          <step title="  Determining projects to restore..." date="2025-07-15T20:18:43.280" /><!-- duration: 17ms -->
          <step title="  All projects are up-to-date for restore." date="2025-07-15T20:18:45.907" /><!-- duration: 18ms -->
          <step title="C:\home\site\repository\Backend\Controllers\ChatController.cs(21,26): error CS0246: The type or namespace name &apos;IDocumentPersistenceService&apos; could not be found (are you missing a using directive or an assembly reference?) [C:\home\site\repository\Backend\Backend.csproj]" date="2025-07-15T20:19:32.620" /><!-- duration: 31ms -->
          <step title="C:\home\site\repository\Backend\Controllers\ChatController.cs(26,13): error CS0246: The type or namespace name &apos;IDocumentPersistenceService&apos; could not be found (are you missing a using directive or an assembly reference?) [C:\home\site\repository\Backend\Backend.csproj]" date="2025-07-15T20:19:32.685" /><!-- duration: 0ms -->
          <step title="Failed exitCode=1, command=dotnet publish &quot;C:\home\site\repository\Backend\Backend.csproj&quot; --configuration Release --output &quot;C:\local\Temp\8ddc3dcc56048ec&quot; --no-restore" date="2025-07-15T20:19:33.433" /><!-- duration: 19ms -->
          <step title="An error has occurred during web site deployment." date="2025-07-15T20:19:33.480" /><!-- duration: 19ms -->
          <step title="Process dump" date="2025-07-15T20:19:33.592" exitCode="255" type="processOutput" /><!-- duration: 28ms -->
        </step><!-- duration: 60421ms -->
        <step title="
C:\Program Files (x86)\SiteExtensions\Kudu\103.250502.001\bin\Scripts\starter.cmd deploy.cmd DEPLOYMENTINFO: deployer = GitHub, os = windows, sku = Standard, siteName = site-net, siteHostName = site-net-rrai-blue-fsgabaardkdhhnhf.centralus-01.azurewebsites.net, deploymentStatus = Error" date="2025-07-15T20:19:33.683" /><!-- duration: 0ms -->
        <step title="Error occurred" date="2025-07-15T20:19:33.698" type="error" text="
C:\Program Files (x86)\SiteExtensions\Kudu\103.250502.001\bin\Scripts\starter.cmd deploy.cmd" stackTrace="   at Kudu.Core.Infrastructure.Executable.ExecuteInternal(ITracer tracer, Func`2 onWriteOutput, Func`2 onWriteError, Encoding encoding, String arguments, Object[] args)
   at Kudu.Core.Infrastructure.Executable.ExecuteWithProgressWriter(ILogger logger, ITracer tracer, String arguments, Object[] args)
   at Kudu.Core.Deployment.Generator.ExternalCommandBuilder.RunCommand(DeploymentContext context, String command, Boolean ignoreManifest, String message)" /><!-- duration: 0ms -->
        <step title="Purge deployment items" date="2025-07-15T20:19:34.109" >
          <step title="Remove 51d990969, Failed, received at 7/15/2025 8:05:21 PM" date="2025-07-15T20:19:34.389" /><!-- duration: 12ms -->
        </step><!-- duration: 308ms -->
      </step><!-- duration: 61546ms -->
      <step title="Error occurred" date="2025-07-15T20:19:34.464" type="error" text="
C:\Program Files (x86)\SiteExtensions\Kudu\103.250502.001\bin\Scripts\starter.cmd deploy.cmd" stackTrace="   at Kudu.Core.Infrastructure.Executable.ExecuteInternal(ITracer tracer, Func`2 onWriteOutput, Func`2 onWriteError, Encoding encoding, String arguments, Object[] args)
   at Kudu.Core.Infrastructure.Executable.ExecuteWithProgressWriter(ILogger logger, ITracer tracer, String arguments, Object[] args)
   at Kudu.Core.Deployment.Generator.ExternalCommandBuilder.RunCommand(DeploymentContext context, String command, Boolean ignoreManifest, String message)
   at Kudu.Core.Deployment.Generator.CustomBuilder.Build(DeploymentContext context)
--- End of stack trace from previous location where exception was thrown ---
   at System.Runtime.CompilerServices.TaskAwaiter.ThrowForNonSuccess(Task task)
   at System.Runtime.CompilerServices.TaskAwaiter.HandleNonSuccessAndDebuggerNotification(Task task)
   at System.Runtime.CompilerServices.TaskAwaiter.ValidateEnd(Task task)
   at Kudu.Core.Deployment.DeploymentManager.&lt;Build&gt;d__38.MoveNext()" /><!-- duration: 19ms -->
      <step title="Deployment Failed. DEPLOYMENTINFO: deployer = GitHub, os = windows, sku = Standard, siteName = site-net, siteHostName = site-net-rrai-blue-fsgabaardkdhhnhf.centralus-01.azurewebsites.net, deploymentStatus = Failed" date="2025-07-15T20:19:34.512" /><!-- duration: 0ms -->
    </step><!-- duration: 62274ms -->
    <step title="Cleaning up temp files" date="2025-07-15T20:19:34.620" /><!-- duration: 16ms -->
  </step><!-- duration: 66623ms -->
  <step title="LockFile &apos;C:\home\site\locks\deployments.lock&apos; released" date="2025-07-15T20:19:34.984" /><!-- duration: 11ms -->
  <step title="Deleting shutdown sentinel file" date="2025-07-15T20:19:35.105" SemaphoreCount="8" /><!-- duration: 16ms -->
</step><!-- duration: 66985ms -->
