<step title="BackgroundTrace" date="2025-07-15T21:25:20.788" instance="15b9d3" url="/deploy" method="POST" >
  <step title="Updating shutdown sentinel last write time" date="2025-07-15T21:25:20.816" SemaphoreCount="7" /><!-- duration: 0ms -->
  <step title="LockFile &apos;C:\home\site\locks\deployments.lock&apos; acquired" date="2025-07-15T21:25:20.830" /><!-- duration: 0ms -->
  <step title="Creating temporary deployment" date="2025-07-15T21:25:20.830" /><!-- duration: 47ms -->
  <step title="Performing fetch based deployment" date="2025-07-15T21:25:20.892" >
    <step title="Fetching changes." date="2025-07-15T21:25:21.005" /><!-- duration: 29ms -->
    <step title="Before sending BuildRequestReceived status to /api/updatedeploystatus" date="2025-07-15T21:25:23.752" /><!-- duration: 16ms -->
    <step title="DeploymentManager.Deploy(id:d991bc02d7f9a3da1f243baccb82111e48bce95c)" date="2025-07-15T21:25:23.861" >
      <step title="Collecting changeset information" date="2025-07-15T21:25:23.880" /><!-- duration: 106ms -->
      <step title="Updating submodules" date="2025-07-15T21:25:24.004" >
        <step title="Updating submodules." date="2025-07-15T21:25:24.193" /><!-- duration: 13ms -->
      </step><!-- duration: 217ms -->
      <step title="Preparing deployment for commit id &apos;d991bc02d7&apos;." date="2025-07-15T21:25:24.315" /><!-- duration: 19ms -->
      <step title="Determining deployment builder" date="2025-07-15T21:25:24.424" >
        <step title="Builder is CustomBuilder" date="2025-07-15T21:25:24.440" /><!-- duration: 17ms -->
      </step><!-- duration: 33ms -->
      <step title="Copying SSH keys" date="2025-07-15T21:25:24.504" /><!-- duration: 19ms -->
      <step title="Building" date="2025-07-15T21:25:24.533" >
        <step title="Running custom deployment command..." date="2025-07-15T21:25:24.611" /><!-- duration: 16ms -->
        <step title="Running deployment command..." date="2025-07-15T21:25:24.752" /><!-- duration: 17ms -->
        <step title="Command: deploy.cmd" date="2025-07-15T21:25:24.817" /><!-- duration: 14ms -->
        <step title="Executing external process" date="2025-07-15T21:25:24.893" type="process" path="starter.cmd" arguments="deploy.cmd" >
          <step title="Handling ASP.NET Core Web Application deployment." date="2025-07-15T21:25:26.189" /><!-- duration: 0ms -->
          <step title="  Determining projects to restore..." date="2025-07-15T21:25:35.237" /><!-- duration: 18ms -->
          <step title="  All projects are up-to-date for restore." date="2025-07-15T21:25:37.799" /><!-- duration: 16ms -->
          <step title="C:\home\site\repository\Backend\Services\DocumentChunkingService.cs(10,44): error CS0737: &apos;DocumentChunkingService&apos; does not implement interface member &apos;IDocumentChunkingService.EnhanceChunksWithMetadata(List&lt;string&gt;)&apos;. &apos;DocumentChunkingService.EnhanceChunksWithMetadata(List&lt;string&gt;)&apos; cannot implement an interface member because it is not public. [C:\home\site\repository\Backend\Backend.csproj]" date="2025-07-15T21:25:57.096" /><!-- duration: 62ms -->
          <step title="Failed exitCode=1, command=dotnet publish &quot;C:\home\site\repository\Backend\Backend.csproj&quot; --configuration Release --output &quot;C:\local\Temp\8ddc3e61c839372&quot; --no-restore" date="2025-07-15T21:25:57.252" /><!-- duration: 47ms -->
          <step title="An error has occurred during web site deployment." date="2025-07-15T21:25:57.346" /><!-- duration: 31ms -->
          <step title="Process dump" date="2025-07-15T21:25:57.394" exitCode="255" type="processOutput" /><!-- duration: 0ms -->
        </step><!-- duration: 32579ms -->
        <step title="
C:\Program Files (x86)\SiteExtensions\Kudu\103.250502.001\bin\Scripts\starter.cmd deploy.cmd DEPLOYMENTINFO: deployer = GitHub, os = windows, sku = Standard, siteName = site-net, siteHostName = site-net-rrai-blue-fsgabaardkdhhnhf.centralus-01.azurewebsites.net, deploymentStatus = Error" date="2025-07-15T21:25:57.518" /><!-- duration: 0ms -->
        <step title="Error occurred" date="2025-07-15T21:25:57.535" type="error" text="
C:\Program Files (x86)\SiteExtensions\Kudu\103.250502.001\bin\Scripts\starter.cmd deploy.cmd" stackTrace="   at Kudu.Core.Infrastructure.Executable.ExecuteInternal(ITracer tracer, Func`2 onWriteOutput, Func`2 onWriteError, Encoding encoding, String arguments, Object[] args)
   at Kudu.Core.Infrastructure.Executable.ExecuteWithProgressWriter(ILogger logger, ITracer tracer, String arguments, Object[] args)
   at Kudu.Core.Deployment.Generator.ExternalCommandBuilder.RunCommand(DeploymentContext context, String command, Boolean ignoreManifest, String message)" /><!-- duration: 15ms -->
      </step><!-- duration: 33318ms -->
      <step title="Error occurred" date="2025-07-15T21:25:57.862" type="error" text="
C:\Program Files (x86)\SiteExtensions\Kudu\103.250502.001\bin\Scripts\starter.cmd deploy.cmd" stackTrace="   at Kudu.Core.Infrastructure.Executable.ExecuteInternal(ITracer tracer, Func`2 onWriteOutput, Func`2 onWriteError, Encoding encoding, String arguments, Object[] args)
   at Kudu.Core.Infrastructure.Executable.ExecuteWithProgressWriter(ILogger logger, ITracer tracer, String arguments, Object[] args)
   at Kudu.Core.Deployment.Generator.ExternalCommandBuilder.RunCommand(DeploymentContext context, String command, Boolean ignoreManifest, String message)
   at Kudu.Core.Deployment.Generator.CustomBuilder.Build(DeploymentContext context)
--- End of stack trace from previous location where exception was thrown ---
   at System.Runtime.CompilerServices.TaskAwaiter.ThrowForNonSuccess(Task task)
   at System.Runtime.CompilerServices.TaskAwaiter.HandleNonSuccessAndDebuggerNotification(Task task)
   at System.Runtime.CompilerServices.TaskAwaiter.ValidateEnd(Task task)
   at Kudu.Core.Deployment.DeploymentManager.&lt;Build&gt;d__38.MoveNext()" /><!-- duration: 17ms -->
      <step title="Deployment Failed. DEPLOYMENTINFO: deployer = GitHub, os = windows, sku = Standard, siteName = site-net, siteHostName = site-net-rrai-blue-fsgabaardkdhhnhf.centralus-01.azurewebsites.net, deploymentStatus = Failed" date="2025-07-15T21:25:57.898" /><!-- duration: 11ms -->
    </step><!-- duration: 34065ms -->
    <step title="Cleaning up temp files" date="2025-07-15T21:25:57.940" /><!-- duration: 16ms -->
  </step><!-- duration: 37188ms -->
  <step title="LockFile &apos;C:\home\site\locks\deployments.lock&apos; released" date="2025-07-15T21:25:58.096" /><!-- duration: 18ms -->
  <step title="Deleting shutdown sentinel file" date="2025-07-15T21:25:58.143" SemaphoreCount="8" /><!-- duration: 0ms -->
</step><!-- duration: 37374ms -->
