<step title="BackgroundTrace" date="2025-07-16T21:27:33.171" instance="15b9d3" url="/deploy" method="POST" >
  <step title="Updating shutdown sentinel last write time" date="2025-07-16T21:27:33.202" SemaphoreCount="7" /><!-- duration: 0ms -->
  <step title="LockFile &apos;C:\home\site\locks\deployments.lock&apos; acquired" date="2025-07-16T21:27:33.218" /><!-- duration: 0ms -->
  <step title="Creating temporary deployment" date="2025-07-16T21:27:33.218" /><!-- duration: 49ms -->
  <step title="Performing fetch based deployment" date="2025-07-16T21:27:33.285" >
    <step title="Fetching changes." date="2025-07-16T21:27:33.407" /><!-- duration: 29ms -->
    <step title="Before sending BuildRequestReceived status to /api/updatedeploystatus" date="2025-07-16T21:27:35.264" /><!-- duration: 0ms -->
    <step title="DeploymentManager.Deploy(id:85fe05b55e6a74f8b088fb2c07bf197ec3a5a74e)" date="2025-07-16T21:27:35.374" >
      <step title="Collecting changeset information" date="2025-07-16T21:27:35.393" /><!-- duration: 95ms -->
      <step title="Updating submodules" date="2025-07-16T21:27:35.499" >
        <step title="Updating submodules." date="2025-07-16T21:27:35.593" /><!-- duration: 16ms -->
      </step><!-- duration: 110ms -->
      <step title="Preparing deployment for commit id &apos;85fe05b55e&apos;." date="2025-07-16T21:27:35.718" /><!-- duration: 16ms -->
      <step title="Determining deployment builder" date="2025-07-16T21:27:35.827" >
        <step title="Builder is CustomBuilder" date="2025-07-16T21:27:35.827" /><!-- duration: 19ms -->
      </step><!-- duration: 19ms -->
      <step title="Copying SSH keys" date="2025-07-16T21:27:35.893" /><!-- duration: 12ms -->
      <step title="Building" date="2025-07-16T21:27:35.923" >
        <step title="Running custom deployment command..." date="2025-07-16T21:27:36.014" /><!-- duration: 0ms -->
        <step title="Running deployment command..." date="2025-07-16T21:27:36.124" /><!-- duration: 0ms -->
        <step title="Command: deploy.cmd" date="2025-07-16T21:27:36.155" /><!-- duration: 0ms -->
        <step title="Executing external process" date="2025-07-16T21:27:36.249" type="process" path="starter.cmd" arguments="deploy.cmd" >
          <step title="Handling ASP.NET Core Web Application deployment." date="2025-07-16T21:27:37.378" /><!-- duration: 12ms -->
          <step title="  Determining projects to restore..." date="2025-07-16T21:27:48.124" /><!-- duration: 18ms -->
          <step title="  All projects are up-to-date for restore." date="2025-07-16T21:27:50.733" /><!-- duration: 16ms -->
          <step title="C:\home\site\repository\Backend\Services\ChatService.cs(39,69): warning CS8625: Cannot convert null literal to non-nullable reference type. [C:\home\site\repository\Backend\Backend.csproj]" date="2025-07-16T21:28:11.603" /><!-- duration: 16ms -->
          <step title="C:\home\site\repository\Backend\Controllers\DiagnosticController.cs(29,58): warning CS8625: Cannot convert null literal to non-nullable reference type. [C:\home\site\repository\Backend\Backend.csproj]" date="2025-07-16T21:28:11.638" /><!-- duration: 0ms -->
          <step title="C:\home\site\repository\Backend\Services\LegacyEndpointHandler.cs(75,41): warning CS8601: Possible null reference assignment. [C:\home\site\repository\Backend\Backend.csproj]" date="2025-07-16T21:28:11.667" /><!-- duration: 0ms -->
          <step title="C:\home\site\repository\Backend\Services\LegacyEndpointHandler.cs(124,39): warning CS8600: Converting null literal or possible null value to non-nullable type. [C:\home\site\repository\Backend\Backend.csproj]" date="2025-07-16T21:28:11.697" /><!-- duration: 0ms -->
          <step title="C:\home\site\repository\Backend\Services\LegacyEndpointHandler.cs(126,38): warning CS8602: Dereference of a possibly null reference. [C:\home\site\repository\Backend\Backend.csproj]" date="2025-07-16T21:28:11.733" /><!-- duration: 11ms -->
          <step title="C:\home\site\repository\Backend\Services\LegacyEndpointHandler.cs(236,36): warning CS8601: Possible null reference assignment. [C:\home\site\repository\Backend\Backend.csproj]" date="2025-07-16T21:28:11.762" /><!-- duration: 0ms -->
          <step title="C:\home\site\repository\Backend\Program.cs(107,25): warning CS8604: Possible null reference argument for parameter &apos;uriString&apos; in &apos;Uri.Uri(string uriString)&apos;. [C:\home\site\repository\Backend\Backend.csproj]" date="2025-07-16T21:28:11.791" /><!-- duration: 0ms -->
          <step title="C:\home\site\repository\Backend\Program.cs(108,46): warning CS8604: Possible null reference argument for parameter &apos;key&apos; in &apos;AzureKeyCredential.AzureKeyCredential(string key)&apos;. [C:\home\site\repository\Backend\Backend.csproj]" date="2025-07-16T21:28:11.809" /><!-- duration: 19ms -->
          <step title="C:\home\site\repository\Backend\Program.cs(162,9): warning CS8602: Dereference of a possibly null reference. [C:\home\site\repository\Backend\Backend.csproj]" date="2025-07-16T21:28:11.838" /><!-- duration: 18ms -->
          <step title="C:\home\site\repository\Backend\Controllers\DocumentChatController.cs(159,47): warning CS8600: Converting null literal or possible null value to non-nullable type. [C:\home\site\repository\Backend\Backend.csproj]" date="2025-07-16T21:28:11.874" /><!-- duration: 10ms -->
          <step title="C:\home\site\repository\Backend\Controllers\DocumentChatController.cs(163,44): warning CS8600: Converting null literal or possible null value to non-nullable type. [C:\home\site\repository\Backend\Backend.csproj]" date="2025-07-16T21:28:11.885" /><!-- duration: 0ms -->
          <step title="C:\home\site\repository\Backend\Controllers\DocumentChatController.cs(231,36): warning CS8602: Dereference of a possibly null reference. [C:\home\site\repository\Backend\Backend.csproj]" date="2025-07-16T21:28:11.900" /><!-- duration: 16ms -->
          <step title="C:\home\site\repository\Backend\Controllers\DocumentChatController.cs(257,47): warning CS8600: Converting null literal or possible null value to non-nullable type. [C:\home\site\repository\Backend\Backend.csproj]" date="2025-07-16T21:28:11.932" /><!-- duration: 18ms -->
          <step title="C:\home\site\repository\Backend\Controllers\DiagnosticController.cs(177,37): warning CS8600: Converting null literal or possible null value to non-nullable type. [C:\home\site\repository\Backend\Backend.csproj]" date="2025-07-16T21:28:11.963" /><!-- duration: 0ms -->
          <step title="C:\home\site\repository\Backend\Controllers\ChatController.cs(84,45): warning CS8600: Converting null literal or possible null value to non-nullable type. [C:\home\site\repository\Backend\Backend.csproj]" date="2025-07-16T21:28:11.978" /><!-- duration: 0ms -->
          <step title="C:\home\site\repository\Backend\Controllers\ChatController.cs(92,36): warning CS8600: Converting null literal or possible null value to non-nullable type. [C:\home\site\repository\Backend\Backend.csproj]" date="2025-07-16T21:28:11.994" /><!-- duration: 0ms -->
          <step title="C:\home\site\repository\Backend\Controllers\ChatController.cs(98,40): warning CS8600: Converting null literal or possible null value to non-nullable type. [C:\home\site\repository\Backend\Backend.csproj]" date="2025-07-16T21:28:12.026" /><!-- duration: 0ms -->
          <step title="C:\home\site\repository\Backend\Controllers\ChatController.cs(330,43): warning CS8600: Converting null literal or possible null value to non-nullable type. [C:\home\site\repository\Backend\Backend.csproj]" date="2025-07-16T21:28:12.026" /><!-- duration: 15ms -->
          <step title="C:\home\site\repository\Backend\Controllers\ChatController.cs(345,69): warning CS8604: Possible null reference argument for parameter &apos;message&apos; in &apos;Task&lt;IActionResult&gt; DocumentChatController.ChatWithFile(IFormFile file, string message, string? clientSessionId = null)&apos;. [C:\home\site\repository\Backend\Backend.csproj]" date="2025-07-16T21:28:12.041" /><!-- duration: 16ms -->
          <step title="C:\home\site\repository\Backend\Controllers\ChatController.cs(385,39): warning CS8600: Converting null literal or possible null value to non-nullable type. [C:\home\site\repository\Backend\Backend.csproj]" date="2025-07-16T21:28:12.088" /><!-- duration: 16ms -->
          <step title="C:\home\site\repository\Backend\Controllers\ChatController.cs(427,46): warning CS8600: Converting null literal or possible null value to non-nullable type. [C:\home\site\repository\Backend\Backend.csproj]" date="2025-07-16T21:28:12.119" /><!-- duration: 47ms -->
          <step title="C:\home\site\repository\Backend\Controllers\DiagnosticController.cs(263,124): warning CS8602: Dereference of a possibly null reference. [C:\home\site\repository\Backend\Backend.csproj]" date="2025-07-16T21:28:12.182" /><!-- duration: 16ms -->
          <step title="C:\home\site\repository\Backend\Controllers\DiagnosticController.cs(413,31): warning CS8602: Dereference of a possibly null reference. [C:\home\site\repository\Backend\Backend.csproj]" date="2025-07-16T21:28:12.197" /><!-- duration: 16ms -->
          <step title="C:\home\site\repository\Backend\Controllers\DiagnosticController.cs(461,54): warning CS8602: Dereference of a possibly null reference. [C:\home\site\repository\Backend\Backend.csproj]" date="2025-07-16T21:28:12.230" /><!-- duration: 19ms -->
          <step title="C:\home\site\repository\Backend\Models\ChatModels.cs(27,23): warning CS8618: Non-nullable property &apos;DocumentInfo&apos; must contain a non-null value when exiting constructor. Consider adding the &apos;required&apos; modifier or declaring the property as nullable. [C:\home\site\repository\Backend\Backend.csproj]" date="2025-07-16T21:28:12.260" /><!-- duration: 17ms -->
          <step title="C:\home\site\repository\Backend\Controllers\ConfigController.cs(82,35): warning CS8600: Converting null literal or possible null value to non-nullable type. [C:\home\site\repository\Backend\Backend.csproj]" date="2025-07-16T21:28:12.307" /><!-- duration: 0ms -->
          <step title="C:\home\site\repository\Backend\Controllers\ConfigController.cs(83,36): warning CS8600: Converting null literal or possible null value to non-nullable type. [C:\home\site\repository\Backend\Backend.csproj]" date="2025-07-16T21:28:12.342" /><!-- duration: 0ms -->
          <step title="C:\home\site\repository\Backend\Controllers\DiagnosticController.cs(513,76): warning CS8600: Converting null literal or possible null value to non-nullable type. [C:\home\site\repository\Backend\Backend.csproj]" date="2025-07-16T21:28:12.371" /><!-- duration: 0ms -->
          <step title="C:\home\site\repository\Backend\Controllers\DiagnosticController.cs(514,79): warning CS8600: Converting null literal or possible null value to non-nullable type. [C:\home\site\repository\Backend\Backend.csproj]" date="2025-07-16T21:28:12.419" /><!-- duration: 0ms -->
          <step title="C:\home\site\repository\Backend\Controllers\DiagnosticController.cs(515,85): warning CS8600: Converting null literal or possible null value to non-nullable type. [C:\home\site\repository\Backend\Backend.csproj]" date="2025-07-16T21:28:12.432" /><!-- duration: 0ms -->
          <step title="C:\home\site\repository\Backend\Controllers\DiagnosticController.cs(529,80): warning CS8600: Converting null literal or possible null value to non-nullable type. [C:\home\site\repository\Backend\Backend.csproj]" date="2025-07-16T21:28:12.448" /><!-- duration: 15ms -->
          <step title="C:\home\site\repository\Backend\Controllers\DiagnosticController.cs(581,99): warning CS8604: Possible null reference argument for parameter &apos;oldValue&apos; in &apos;string string.Replace(string oldValue, string? newValue)&apos;. [C:\home\site\repository\Backend\Backend.csproj]" date="2025-07-16T21:28:12.479" /><!-- duration: 0ms -->
          <step title="C:\home\site\repository\Backend\Controllers\DiagnosticController.cs(593,48): warning CS8600: Converting null literal or possible null value to non-nullable type. [C:\home\site\repository\Backend\Backend.csproj]" date="2025-07-16T21:28:12.495" /><!-- duration: 0ms -->
          <step title="C:\home\site\repository\Backend\Controllers\DiagnosticController.cs(648,52): warning CS8600: Converting null literal or possible null value to non-nullable type. [C:\home\site\repository\Backend\Backend.csproj]" date="2025-07-16T21:28:12.510" /><!-- duration: 0ms -->
          <step title="C:\home\site\repository\Backend\Services\DocumentProcessingService.cs(127,28): warning CS8602: Dereference of a possibly null reference. [C:\home\site\repository\Backend\Backend.csproj]" date="2025-07-16T21:28:12.525" /><!-- duration: 18ms -->
          <step title="C:\home\site\repository\Backend\Services\DocumentProcessingService.cs(127,28): warning CS8602: Dereference of a possibly null reference. [C:\home\site\repository\Backend\Backend.csproj]" date="2025-07-16T21:28:12.557" /><!-- duration: 0ms -->
          <step title="C:\home\site\repository\Backend\Services\DocumentProcessingService.cs(147,45): warning CS8602: Dereference of a possibly null reference. [C:\home\site\repository\Backend\Backend.csproj]" date="2025-07-16T21:28:12.572" /><!-- duration: 16ms -->
          <step title="C:\home\site\repository\Backend\Services\DocumentProcessingService.cs(155,81): warning CS8604: Possible null reference argument for parameter &apos;id&apos; in &apos;OpenXmlPart OpenXmlPartContainer.GetPartById(string id)&apos;. [C:\home\site\repository\Backend\Backend.csproj]" date="2025-07-16T21:28:12.588" /><!-- duration: 16ms -->
          <step title="C:\home\site\repository\Backend\Services\DocumentProcessingService.cs(168,64): warning CS8604: Possible null reference argument for parameter &apos;sharedStringTable&apos; in &apos;string DocumentProcessingService.GetCellValue(Cell cell, SharedStringTable sharedStringTable)&apos;. [C:\home\site\repository\Backend\Backend.csproj]" date="2025-07-16T21:28:12.619" /><!-- duration: 0ms -->
          <step title="C:\home\site\repository\Backend\Services\DocumentPersistenceService.cs(73,36): warning CS8600: Converting null literal or possible null value to non-nullable type. [C:\home\site\repository\Backend\Backend.csproj]" date="2025-07-16T21:28:12.650" /><!-- duration: 16ms -->
          <step title="C:\home\site\repository\Backend\Services\DocumentPersistenceService.cs(89,45): warning CS8601: Possible null reference assignment. [C:\home\site\repository\Backend\Backend.csproj]" date="2025-07-16T21:28:12.714" /><!-- duration: 19ms -->
          <step title="C:\home\site\repository\Backend\Services\DocumentPersistenceService.cs(92,43): warning CS8601: Possible null reference assignment. [C:\home\site\repository\Backend\Backend.csproj]" date="2025-07-16T21:28:12.838" /><!-- duration: 78ms -->
          <step title="C:\home\site\repository\Backend\Services\DocumentPersistenceService.cs(107,41): warning CS8601: Possible null reference assignment. [C:\home\site\repository\Backend\Backend.csproj]" date="2025-07-16T21:28:12.932" /><!-- duration: 19ms -->
          <step title="C:\home\site\repository\Backend\Services\DocumentPersistenceService.cs(110,39): warning CS8601: Possible null reference assignment. [C:\home\site\repository\Backend\Backend.csproj]" date="2025-07-16T21:28:12.979" /><!-- duration: 0ms -->
          <step title="C:\home\site\repository\Backend\Services\DocumentPersistenceService.cs(122,50): warning CS8602: Dereference of a possibly null reference. [C:\home\site\repository\Backend\Backend.csproj]" date="2025-07-16T21:28:12.998" /><!-- duration: 11ms -->
          <step title="C:\home\site\repository\Backend\Services\DocumentPersistenceService.cs(190,24): warning CS8603: Possible null reference return. [C:\home\site\repository\Backend\Backend.csproj]" date="2025-07-16T21:28:13.027" /><!-- duration: 48ms -->
          <step title="C:\home\site\repository\Backend\Services\DocumentPersistenceService.cs(227,32): warning CS8603: Possible null reference return. [C:\home\site\repository\Backend\Backend.csproj]" date="2025-07-16T21:28:13.199" /><!-- duration: 47ms -->
          <step title="C:\home\site\repository\Backend\Services\DocumentPersistenceService.cs(302,40): warning CS8603: Possible null reference return. [C:\home\site\repository\Backend\Backend.csproj]" date="2025-07-16T21:28:13.666" /><!-- duration: 421ms -->
          <step title="C:\home\site\repository\Backend\Services\DocumentPersistenceService.cs(318,32): warning CS8603: Possible null reference return. [C:\home\site\repository\Backend\Backend.csproj]" date="2025-07-16T21:28:14.343" /><!-- duration: 57ms -->
          <step title="C:\home\site\repository\Backend\Services\DocumentPersistenceService.cs(332,20): warning CS8603: Possible null reference return. [C:\home\site\repository\Backend\Backend.csproj]" date="2025-07-16T21:28:14.466" /><!-- duration: 47ms -->
          <step title="C:\home\site\repository\Backend\Services\ChatService.cs(106,42): warning CS8600: Converting null literal or possible null value to non-nullable type. [C:\home\site\repository\Backend\Backend.csproj]" date="2025-07-16T21:28:14.591" /><!-- duration: 76ms -->
          <step title="C:\home\site\repository\Backend\Services\ChatService.cs(107,39): warning CS8600: Converting null literal or possible null value to non-nullable type. [C:\home\site\repository\Backend\Backend.csproj]" date="2025-07-16T21:28:14.733" /><!-- duration: 105ms -->
          <step title="C:\home\site\repository\Backend\Services\ChatService.cs(135,100): warning CS8604: Possible null reference argument for parameter &apos;userMessage&apos; in &apos;string IDocumentContextService.PrepareDocumentContext(DocumentInfo documentInfo, string userMessage)&apos;. [C:\home\site\repository\Backend\Backend.csproj]" date="2025-07-16T21:28:14.996" /><!-- duration: 498ms -->
          <step title="C:\home\site\repository\Backend\Services\ChatService.cs(173,54): warning CS8600: Converting null literal or possible null value to non-nullable type. [C:\home\site\repository\Backend\Backend.csproj]" date="2025-07-16T21:28:15.807" /><!-- duration: 205ms -->
          <step title="C:\home\site\repository\Backend\Services\ChatService.cs(258,95): warning CS8604: Possible null reference argument for parameter &apos;userMessage&apos; in &apos;Task IAzureFunctionService.SaveConversationAsync(string userMessage, string aiResponse)&apos;. [C:\home\site\repository\Backend\Backend.csproj]" date="2025-07-16T21:28:16.200" /><!-- duration: 64ms -->
          <step title="C:\home\site\repository\Backend\Services\ChatService.cs(258,104): warning CS8604: Possible null reference argument for parameter &apos;aiResponse&apos; in &apos;Task IAzureFunctionService.SaveConversationAsync(string userMessage, string aiResponse)&apos;. [C:\home\site\repository\Backend\Backend.csproj]" date="2025-07-16T21:28:16.401" /><!-- duration: 63ms -->
          <step title="C:\home\site\repository\Backend\Services\ChatService.cs(296,28): warning CS8603: Possible null reference return. [C:\home\site\repository\Backend\Backend.csproj]" date="2025-07-16T21:28:16.528" /><!-- duration: 29ms -->
          <step title="C:\home\site\repository\Backend\Services\DocumentContextService.cs(396,41): warning CS1998: This async method lacks &apos;await&apos; operators and will run synchronously. Consider using the &apos;await&apos; operator to await non-blocking API calls, or &apos;await Task.Run(...)&apos; to do CPU-bound work on a background thread. [C:\home\site\repository\Backend\Backend.csproj]" date="2025-07-16T21:28:16.619" /><!-- duration: 18ms -->
          <step title="C:\home\site\repository\Backend\Program.cs(65,14): warning ASP0000: Calling &apos;BuildServiceProvider&apos; from application code results in an additional copy of singleton services being created. Consider alternatives such as dependency injecting services as parameters to &apos;Configure&apos;. (https://aka.ms/AA5k895) [C:\home\site\repository\Backend\Backend.csproj]" date="2025-07-16T21:28:16.667" /><!-- duration: 18ms -->
          <step title="C:\home\site\repository\Backend\Controllers\ChatController.cs(412,31): warning CA2022: Avoid inexact read with &apos;System.IO.Stream.ReadAsync(byte[], int, int)&apos; (https://learn.microsoft.com/dotnet/fundamentals/code-analysis/quality-rules/ca2022) [C:\home\site\repository\Backend\Backend.csproj]" date="2025-07-16T21:28:16.713" /><!-- duration: 0ms -->
          <step title="  Backend -&gt; C:\home\site\repository\Backend\bin\Release\net9.0\Backend.dll" date="2025-07-16T21:28:16.776" /><!-- duration: 0ms -->
          <step title="  Backend -&gt; C:\local\Temp\8ddc4af953f2f87\" date="2025-07-16T21:28:22.997" /><!-- duration: 0ms -->
          <step title="Creating app_offline.htm" date="2025-07-16T21:28:31.229" /><!-- duration: 20ms -->
          <step title="KuduSync.NET from: &apos;C:\local\Temp\8ddc4af953f2f87&apos; to: &apos;C:\home\site\wwwroot&apos;" date="2025-07-16T21:28:31.260" /><!-- duration: 16ms -->
          <step title="Copying file: &apos;Backend.dll&apos;" date="2025-07-16T21:28:31.295" /><!-- duration: 0ms -->
          <step title="Copying file: &apos;Backend.exe&apos;" date="2025-07-16T21:28:31.323" /><!-- duration: 0ms -->
          <step title="Copying file: &apos;Backend.pdb&apos;" date="2025-07-16T21:28:31.342" /><!-- duration: 28ms -->
          <step title="Deleting app_offline.htm" date="2025-07-16T21:28:31.389" /><!-- duration: 12ms -->
          <step title="Finished successfully." date="2025-07-16T21:28:31.510" /><!-- duration: 0ms -->
        </step><!-- duration: 55340ms -->
        <step title="Running post deployment command(s)..." date="2025-07-16T21:28:31.748" /><!-- duration: 0ms -->
        <step title="Triggering recycle (preview mode disabled)." date="2025-07-16T21:28:31.885" /><!-- duration: 36ms -->
        <step title="Ignoring FS watcher based recycle request as this is a classic Windows app." date="2025-07-16T21:28:31.932" /><!-- duration: 18ms -->
        <step title="Deployment successful. DEPLOYMENTINFO: deployer = GitHub, os = windows, sku = Standard, siteName = site-net, siteHostName = site-net-rrai-blue-fsgabaardkdhhnhf.centralus-01.azurewebsites.net, deploymentStatus = Success" date="2025-07-16T21:28:32.276" /><!-- duration: 0ms -->
        <step title="Purge deployment items" date="2025-07-16T21:28:32.574" >
          <step title="Remove 267f780ef, Success, received at 7/15/2025 8:47:41 PM" date="2025-07-16T21:28:32.823" /><!-- duration: 0ms -->
        </step><!-- duration: 264ms -->
      </step><!-- duration: 56949ms -->
    </step><!-- duration: 57511ms -->
    <step title="Cleaning up temp files" date="2025-07-16T21:28:32.901" /><!-- duration: 172ms -->
    <step title="Skip function trigger and logicapp sync because function is not enabled." date="2025-07-16T21:28:33.260" /><!-- duration: 18ms -->
  </step><!-- duration: 60038ms -->
  <step title="LockFile &apos;C:\home\site\locks\deployments.lock&apos; released" date="2025-07-16T21:28:33.354" /><!-- duration: 0ms -->
  <step title="Deleting shutdown sentinel file" date="2025-07-16T21:28:33.385" SemaphoreCount="8" /><!-- duration: 0ms -->
</step><!-- duration: 60234ms -->
