<step title="BackgroundTrace" date="2025-07-15T19:16:27.990" instance="15b9d3" url="/deploy" method="POST" >
  <step title="Updating shutdown sentinel last write time" date="2025-07-15T19:16:28.193" SemaphoreCount="7" /><!-- duration: 18ms -->
  <step title="LockFile &apos;C:\home\site\locks\deployments.lock&apos; acquired" date="2025-07-15T19:16:28.240" /><!-- duration: 0ms -->
  <step title="Creating temporary deployment" date="2025-07-15T19:16:28.257" /><!-- duration: 112ms -->
  <step title="Performing fetch based deployment" date="2025-07-15T19:16:28.397" >
    <step title="Fetching changes." date="2025-07-15T19:16:28.630" /><!-- duration: 17ms -->
    <step title="Before sending BuildRequestReceived status to /api/updatedeploystatus" date="2025-07-15T19:16:32.165" /><!-- duration: 28ms -->
    <step title="DeploymentManager.Deploy(id:2407c2e21d423af0a90d0d1ccd7f6b7cd87bbb49)" date="2025-07-15T19:16:32.351" >
      <step title="Collecting changeset information" date="2025-07-15T19:16:32.397" /><!-- duration: 358ms -->
      <step title="Updating submodules" date="2025-07-15T19:16:32.790" >
        <step title="Updating submodules." date="2025-07-15T19:16:32.913" /><!-- duration: 14ms -->
      </step><!-- duration: 153ms -->
      <step title="Preparing deployment for commit id &apos;2407c2e21d&apos;." date="2025-07-15T19:16:33.226" /><!-- duration: 13ms -->
      <step title="Determining deployment builder" date="2025-07-15T19:16:33.349" >
        <step title="Builder is CustomBuilder" date="2025-07-15T19:16:33.366" /><!-- duration: 0ms -->
      </step><!-- duration: 35ms -->
      <step title="Copying SSH keys" date="2025-07-15T19:16:33.430" /><!-- duration: 13ms -->
      <step title="Building" date="2025-07-15T19:16:33.458" >
        <step title="Running custom deployment command..." date="2025-07-15T19:16:33.742" /><!-- duration: 0ms -->
        <step title="Running deployment command..." date="2025-07-15T19:16:33.883" /><!-- duration: 13ms -->
        <step title="Command: deploy.cmd" date="2025-07-15T19:16:33.912" /><!-- duration: 19ms -->
        <step title="Executing external process" date="2025-07-15T19:16:34.072" type="process" path="starter.cmd" arguments="deploy.cmd" >
          <step title="Handling ASP.NET Core Web Application deployment." date="2025-07-15T19:16:35.521" /><!-- duration: 16ms -->
          <step title="  Determining projects to restore..." date="2025-07-15T19:16:44.943" /><!-- duration: 16ms -->
          <step title="  All projects are up-to-date for restore." date="2025-07-15T19:16:48.193" /><!-- duration: 17ms -->
          <step title="C:\home\site\repository\Backend\Services\LegacyEndpointHandler.cs(16,42): error CS0246: The type or namespace name &apos;ILegacyEndpointHandler&apos; could not be found (are you missing a using directive or an assembly reference?) [C:\home\site\repository\Backend\Backend.csproj]" date="2025-07-15T19:17:11.068" /><!-- duration: 47ms -->
          <step title="Failed exitCode=1, command=dotnet publish &quot;C:\home\site\repository\Backend\Backend.csproj&quot; --configuration Release --output &quot;C:\local\Temp\8ddc3d41c6e7b17&quot; --no-restore" date="2025-07-15T19:17:12.177" /><!-- duration: 16ms -->
          <step title="An error has occurred during web site deployment." date="2025-07-15T19:17:12.240" /><!-- duration: 0ms -->
          <step title="Process dump" date="2025-07-15T19:17:12.354" exitCode="255" type="processOutput" /><!-- duration: 11ms -->
        </step><!-- duration: 38340ms -->
        <step title="
C:\Program Files (x86)\SiteExtensions\Kudu\103.250502.001\bin\Scripts\starter.cmd deploy.cmd DEPLOYMENTINFO: deployer = GitHub, os = windows, sku = Standard, siteName = site-net, siteHostName = site-net-rrai-blue-fsgabaardkdhhnhf.centralus-01.azurewebsites.net, deploymentStatus = Error" date="2025-07-15T19:17:12.459" /><!-- duration: 94ms -->
        <step title="Error occurred" date="2025-07-15T19:17:12.586" type="error" text="
C:\Program Files (x86)\SiteExtensions\Kudu\103.250502.001\bin\Scripts\starter.cmd deploy.cmd" stackTrace="   at Kudu.Core.Infrastructure.Executable.ExecuteInternal(ITracer tracer, Func`2 onWriteOutput, Func`2 onWriteError, Encoding encoding, String arguments, Object[] args)
   at Kudu.Core.Infrastructure.Executable.ExecuteWithProgressWriter(ILogger logger, ITracer tracer, String arguments, Object[] args)
   at Kudu.Core.Deployment.Generator.ExternalCommandBuilder.RunCommand(DeploymentContext context, String command, Boolean ignoreManifest, String message)" /><!-- duration: 13ms -->
      </step><!-- duration: 39438ms -->
      <step title="Error occurred" date="2025-07-15T19:17:12.912" type="error" text="
C:\Program Files (x86)\SiteExtensions\Kudu\103.250502.001\bin\Scripts\starter.cmd deploy.cmd" stackTrace="   at Kudu.Core.Infrastructure.Executable.ExecuteInternal(ITracer tracer, Func`2 onWriteOutput, Func`2 onWriteError, Encoding encoding, String arguments, Object[] args)
   at Kudu.Core.Infrastructure.Executable.ExecuteWithProgressWriter(ILogger logger, ITracer tracer, String arguments, Object[] args)
   at Kudu.Core.Deployment.Generator.ExternalCommandBuilder.RunCommand(DeploymentContext context, String command, Boolean ignoreManifest, String message)
   at Kudu.Core.Deployment.Generator.CustomBuilder.Build(DeploymentContext context)
--- End of stack trace from previous location where exception was thrown ---
   at System.Runtime.CompilerServices.TaskAwaiter.ThrowForNonSuccess(Task task)
   at System.Runtime.CompilerServices.TaskAwaiter.HandleNonSuccessAndDebuggerNotification(Task task)
   at System.Runtime.CompilerServices.TaskAwaiter.ValidateEnd(Task task)
   at Kudu.Core.Deployment.DeploymentManager.&lt;Build&gt;d__38.MoveNext()" /><!-- duration: 0ms -->
      <step title="Deployment Failed. DEPLOYMENTINFO: deployer = GitHub, os = windows, sku = Standard, siteName = site-net, siteHostName = site-net-rrai-blue-fsgabaardkdhhnhf.centralus-01.azurewebsites.net, deploymentStatus = Failed" date="2025-07-15T19:17:12.943" /><!-- duration: 16ms -->
    </step><!-- duration: 40607ms -->
    <step title="Cleaning up temp files" date="2025-07-15T19:17:12.977" /><!-- duration: 0ms -->
  </step><!-- duration: 44656ms -->
  <step title="LockFile &apos;C:\home\site\locks\deployments.lock&apos; released" date="2025-07-15T19:17:13.069" /><!-- duration: 19ms -->
  <step title="Deleting shutdown sentinel file" date="2025-07-15T19:17:13.116" SemaphoreCount="8" /><!-- duration: 0ms -->
</step><!-- duration: 45145ms -->
