<step title="BackgroundTrace" date="2025-07-15T20:21:54.238" instance="15b9d3" url="/deploy" method="POST" >
  <step title="Updating shutdown sentinel last write time" date="2025-07-15T20:21:54.254" SemaphoreCount="7" /><!-- duration: 16ms -->
  <step title="LockFile &apos;C:\home\site\locks\deployments.lock&apos; acquired" date="2025-07-15T20:21:54.270" /><!-- duration: 0ms -->
  <step title="Creating temporary deployment" date="2025-07-15T20:21:54.285" /><!-- duration: 94ms -->
  <step title="Performing fetch based deployment" date="2025-07-15T20:21:54.379" >
    <step title="Fetching changes." date="2025-07-15T20:21:54.490" /><!-- duration: 19ms -->
    <step title="Before sending BuildRequestReceived status to /api/updatedeploystatus" date="2025-07-15T20:21:56.239" /><!-- duration: 15ms -->
    <step title="DeploymentManager.Deploy(id:c0053324f5322b38380458b5f90e55d4719a865a)" date="2025-07-15T20:21:56.381" >
      <step title="Collecting changeset information" date="2025-07-15T20:21:56.410" /><!-- duration: 47ms -->
      <step title="Updating submodules" date="2025-07-15T20:21:56.473" >
        <step title="Updating submodules." date="2025-07-15T20:21:56.569" /><!-- duration: 29ms -->
      </step><!-- duration: 125ms -->
      <step title="Preparing deployment for commit id &apos;c0053324f5&apos;." date="2025-07-15T20:21:56.817" /><!-- duration: 0ms -->
      <step title="Determining deployment builder" date="2025-07-15T20:21:56.942" >
        <step title="Builder is CustomBuilder" date="2025-07-15T20:21:56.958" /><!-- duration: 19ms -->
      </step><!-- duration: 36ms -->
      <step title="Copying SSH keys" date="2025-07-15T20:21:57.004" /><!-- duration: 32ms -->
      <step title="Building" date="2025-07-15T20:21:57.052" >
        <step title="Running custom deployment command..." date="2025-07-15T20:21:57.118" /><!-- duration: 0ms -->
        <step title="Running deployment command..." date="2025-07-15T20:21:57.239" /><!-- duration: 0ms -->
        <step title="Command: deploy.cmd" date="2025-07-15T20:21:57.257" /><!-- duration: 12ms -->
        <step title="Executing external process" date="2025-07-15T20:21:57.620" type="process" path="starter.cmd" arguments="deploy.cmd" >
          <step title="Handling ASP.NET Core Web Application deployment." date="2025-07-15T20:22:01.607" /><!-- duration: 684ms -->
          <step title="  Determining projects to restore..." date="2025-07-15T20:22:08.151" /><!-- duration: 0ms -->
          <step title="  All projects are up-to-date for restore." date="2025-07-15T20:22:10.671" /><!-- duration: 11ms -->
          <step title="C:\home\site\repository\Backend\Program.cs(48,5): error CS0266: Cannot implicitly convert type &apos;Backend.Services.ChatService&apos; to &apos;Backend.Services.Interfaces.IChatService&apos;. An explicit conversion exists (are you missing a cast?) [C:\home\site\repository\Backend\Backend.csproj]" date="2025-07-15T20:22:43.630" /><!-- duration: 0ms -->
          <step title="C:\home\site\repository\Backend\Program.cs(48,5): error CS1662: Cannot convert lambda expression to intended delegate type because some of the return types in the block are not implicitly convertible to the delegate return type [C:\home\site\repository\Backend\Backend.csproj]" date="2025-07-15T20:22:43.659" /><!-- duration: 18ms -->
          <step title="C:\home\site\repository\Backend\Program.cs(57,18): error CS0311: The type &apos;Backend.Services.ChatService&apos; cannot be used as type parameter &apos;TImplementation&apos; in the generic type or method &apos;ServiceCollectionServiceExtensions.AddTransient&lt;TService, TImplementation&gt;(IServiceCollection)&apos;. There is no implicit reference conversion from &apos;Backend.Services.ChatService&apos; to &apos;Backend.Services.Interfaces.IChatService&apos;. [C:\home\site\repository\Backend\Backend.csproj]" date="2025-07-15T20:22:43.696" /><!-- duration: 11ms -->
          <step title="C:\home\site\repository\Backend\Program.cs(60,18): error CS0311: The type &apos;Backend.Services.DocumentProcessingService&apos; cannot be used as type parameter &apos;TImplementation&apos; in the generic type or method &apos;ServiceCollectionServiceExtensions.AddTransient&lt;TService, TImplementation&gt;(IServiceCollection)&apos;. There is no implicit reference conversion from &apos;Backend.Services.DocumentProcessingService&apos; to &apos;Backend.Services.Interfaces.IDocumentProcessingService&apos;. [C:\home\site\repository\Backend\Backend.csproj]" date="2025-07-15T20:22:43.724" /><!-- duration: 14ms -->
          <step title="C:\home\site\repository\Backend\Program.cs(66,18): error CS0311: The type &apos;Backend.Services.DocumentContextService&apos; cannot be used as type parameter &apos;TImplementation&apos; in the generic type or method &apos;ServiceCollectionServiceExtensions.AddScoped&lt;TService, TImplementation&gt;(IServiceCollection)&apos;. There is no implicit reference conversion from &apos;Backend.Services.DocumentContextService&apos; to &apos;Backend.Services.Interfaces.IDocumentContextService&apos;. [C:\home\site\repository\Backend\Backend.csproj]" date="2025-07-15T20:22:43.753" /><!-- duration: 16ms -->
          <step title="C:\home\site\repository\Backend\Program.cs(67,18): error CS0311: The type &apos;Backend.Services.ChatAnalysisService&apos; cannot be used as type parameter &apos;TImplementation&apos; in the generic type or method &apos;ServiceCollectionServiceExtensions.AddScoped&lt;TService, TImplementation&gt;(IServiceCollection)&apos;. There is no implicit reference conversion from &apos;Backend.Services.ChatAnalysisService&apos; to &apos;Backend.Services.Interfaces.IChatAnalysisService&apos;. [C:\home\site\repository\Backend\Backend.csproj]" date="2025-07-15T20:22:43.788" /><!-- duration: 12ms -->
          <step title="C:\home\site\repository\Backend\Program.cs(68,18): error CS0311: The type &apos;Backend.Services.PromptEngineeringService&apos; cannot be used as type parameter &apos;TImplementation&apos; in the generic type or method &apos;ServiceCollectionServiceExtensions.AddScoped&lt;TService, TImplementation&gt;(IServiceCollection)&apos;. There is no implicit reference conversion from &apos;Backend.Services.PromptEngineeringService&apos; to &apos;Backend.Services.Interfaces.IPromptEngineeringService&apos;. [C:\home\site\repository\Backend\Backend.csproj]" date="2025-07-15T20:22:43.816" /><!-- duration: 0ms -->
          <step title="C:\home\site\repository\Backend\Program.cs(49,9): warning CS8604: Possible null reference argument for parameter &apos;openAIClient&apos; in &apos;ChatService.ChatService(OpenAIClient openAIClient, OpenAIConfiguration openAIConfig, DocumentChunkingService documentChunkingService, IDocumentContextService documentContextService, IChatAnalysisService chatAnalysisService, IPromptEngineeringService promptEngineeringService, ILogger&lt;ChatService&gt; logger)&apos;. [C:\home\site\repository\Backend\Backend.csproj]" date="2025-07-15T20:22:43.847" /><!-- duration: 0ms -->
          <step title="C:\home\site\repository\Backend\Program.cs(104,25): warning CS8604: Possible null reference argument for parameter &apos;uriString&apos; in &apos;Uri.Uri(string uriString)&apos;. [C:\home\site\repository\Backend\Backend.csproj]" date="2025-07-15T20:22:43.883" /><!-- duration: 0ms -->
          <step title="C:\home\site\repository\Backend\Program.cs(105,46): warning CS8604: Possible null reference argument for parameter &apos;key&apos; in &apos;AzureKeyCredential.AzureKeyCredential(string key)&apos;. [C:\home\site\repository\Backend\Backend.csproj]" date="2025-07-15T20:22:43.912" /><!-- duration: 0ms -->
          <step title="C:\home\site\repository\Backend\Program.cs(159,9): warning CS8602: Dereference of a possibly null reference. [C:\home\site\repository\Backend\Backend.csproj]" date="2025-07-15T20:22:43.941" /><!-- duration: 0ms -->
          <step title="C:\home\site\repository\Backend\Controllers\DocumentChatController.cs(159,47): warning CS8600: Converting null literal or possible null value to non-nullable type. [C:\home\site\repository\Backend\Backend.csproj]" date="2025-07-15T20:22:43.972" /><!-- duration: 0ms -->
          <step title="C:\home\site\repository\Backend\Controllers\DocumentChatController.cs(163,44): warning CS8600: Converting null literal or possible null value to non-nullable type. [C:\home\site\repository\Backend\Backend.csproj]" date="2025-07-15T20:22:43.989" /><!-- duration: 19ms -->
          <step title="C:\home\site\repository\Backend\Controllers\DocumentChatController.cs(231,36): warning CS8602: Dereference of a possibly null reference. [C:\home\site\repository\Backend\Backend.csproj]" date="2025-07-15T20:22:44.037" /><!-- duration: 13ms -->
          <step title="C:\home\site\repository\Backend\Controllers\DocumentChatController.cs(257,47): warning CS8600: Converting null literal or possible null value to non-nullable type. [C:\home\site\repository\Backend\Backend.csproj]" date="2025-07-15T20:22:44.085" /><!-- duration: 0ms -->
          <step title="C:\home\site\repository\Backend\Controllers\ConfigController.cs(82,35): warning CS8600: Converting null literal or possible null value to non-nullable type. [C:\home\site\repository\Backend\Backend.csproj]" date="2025-07-15T20:22:44.113" /><!-- duration: 0ms -->
          <step title="C:\home\site\repository\Backend\Controllers\ConfigController.cs(83,36): warning CS8600: Converting null literal or possible null value to non-nullable type. [C:\home\site\repository\Backend\Backend.csproj]" date="2025-07-15T20:22:44.132" /><!-- duration: 12ms -->
          <step title="C:\home\site\repository\Backend\Controllers\ChatController.cs(84,45): warning CS8600: Converting null literal or possible null value to non-nullable type. [C:\home\site\repository\Backend\Backend.csproj]" date="2025-07-15T20:22:44.269" /><!-- duration: 19ms -->
          <step title="C:\home\site\repository\Backend\Controllers\ChatController.cs(92,36): warning CS8600: Converting null literal or possible null value to non-nullable type. [C:\home\site\repository\Backend\Backend.csproj]" date="2025-07-15T20:22:44.317" /><!-- duration: 0ms -->
          <step title="C:\home\site\repository\Backend\Controllers\ChatController.cs(98,40): warning CS8600: Converting null literal or possible null value to non-nullable type. [C:\home\site\repository\Backend\Backend.csproj]" date="2025-07-15T20:22:44.336" /><!-- duration: 11ms -->
          <step title="C:\home\site\repository\Backend\Services\LegacyEndpointHandler.cs(75,41): warning CS8601: Possible null reference assignment. [C:\home\site\repository\Backend\Backend.csproj]" date="2025-07-15T20:22:44.364" /><!-- duration: 19ms -->
          <step title="C:\home\site\repository\Backend\Services\LegacyEndpointHandler.cs(124,39): warning CS8600: Converting null literal or possible null value to non-nullable type. [C:\home\site\repository\Backend\Backend.csproj]" date="2025-07-15T20:22:44.647" /><!-- duration: 200ms -->
          <step title="C:\home\site\repository\Backend\Services\LegacyEndpointHandler.cs(126,38): warning CS8602: Dereference of a possibly null reference. [C:\home\site\repository\Backend\Backend.csproj]" date="2025-07-15T20:22:45.237" /><!-- duration: 235ms -->
          <step title="C:\home\site\repository\Backend\Services\LegacyEndpointHandler.cs(188,40): warning CS8602: Dereference of a possibly null reference. [C:\home\site\repository\Backend\Backend.csproj]" date="2025-07-15T20:22:45.537" /><!-- duration: 28ms -->
          <step title="C:\home\site\repository\Backend\Models\ChatModels.cs(27,23): warning CS8618: Non-nullable property &apos;DocumentInfo&apos; must contain a non-null value when exiting constructor. Consider adding the &apos;required&apos; modifier or declaring the property as nullable. [C:\home\site\repository\Backend\Backend.csproj]" date="2025-07-15T20:22:45.613" /><!-- duration: 17ms -->
          <step title="C:\home\site\repository\Backend\Services\AzureFunctionService.cs(142,49): warning CS8604: Possible null reference argument for parameter &apos;oldValue&apos; in &apos;string string.Replace(string oldValue, string? newValue)&apos;. [C:\home\site\repository\Backend\Backend.csproj]" date="2025-07-15T20:22:45.648" /><!-- duration: 0ms -->
          <step title="C:\home\site\repository\Backend\Controllers\ChatController.cs(328,38): error CS0103: The name &apos;_documentChatController&apos; does not exist in the current context [C:\home\site\repository\Backend\Backend.csproj]" date="2025-07-15T20:22:45.659" /><!-- duration: 0ms -->
          <step title="C:\home\site\repository\Backend\Controllers\ChatController.cs(368,39): warning CS8600: Converting null literal or possible null value to non-nullable type. [C:\home\site\repository\Backend\Backend.csproj]" date="2025-07-15T20:22:45.675" /><!-- duration: 349ms -->
          <step title="C:\home\site\repository\Backend\Controllers\ChatController.cs(410,46): warning CS8600: Converting null literal or possible null value to non-nullable type. [C:\home\site\repository\Backend\Backend.csproj]" date="2025-07-15T20:22:46.491" /><!-- duration: 95ms -->
          <step title="C:\home\site\repository\Backend\Services\ChatService.cs(80,42): warning CS8600: Converting null literal or possible null value to non-nullable type. [C:\home\site\repository\Backend\Backend.csproj]" date="2025-07-15T20:22:46.739" /><!-- duration: 61ms -->
          <step title="C:\home\site\repository\Backend\Services\ChatService.cs(81,39): warning CS8600: Converting null literal or possible null value to non-nullable type. [C:\home\site\repository\Backend\Backend.csproj]" date="2025-07-15T20:22:46.930" /><!-- duration: 58ms -->
          <step title="C:\home\site\repository\Backend\Services\ChatService.cs(109,100): warning CS8604: Possible null reference argument for parameter &apos;userMessage&apos; in &apos;string IDocumentContextService.PrepareDocumentContext(DocumentInfo documentInfo, string userMessage)&apos;. [C:\home\site\repository\Backend\Backend.csproj]" date="2025-07-15T20:22:47.206" /><!-- duration: 31ms -->
          <step title="C:\home\site\repository\Backend\Services\ChatService.cs(147,54): warning CS8600: Converting null literal or possible null value to non-nullable type. [C:\home\site\repository\Backend\Backend.csproj]" date="2025-07-15T20:22:47.367" /><!-- duration: 48ms -->
          <step title="C:\home\site\repository\Backend\Services\ChatService.cs(187,28): warning CS8603: Possible null reference return. [C:\home\site\repository\Backend\Backend.csproj]" date="2025-07-15T20:22:48.209" /><!-- duration: 138ms -->
          <step title="C:\home\site\repository\Backend\Services\DocumentContextService.cs(395,41): warning CS1998: This async method lacks &apos;await&apos; operators and will run synchronously. Consider using the &apos;await&apos; operator to await non-blocking API calls, or &apos;await Task.Run(...)&apos; to do CPU-bound work on a background thread. [C:\home\site\repository\Backend\Backend.csproj]" date="2025-07-15T20:22:48.519" /><!-- duration: 35ms -->
          <step title="C:\home\site\repository\Backend\Services\DocumentProcessingService.cs(126,28): warning CS8602: Dereference of a possibly null reference. [C:\home\site\repository\Backend\Backend.csproj]" date="2025-07-15T20:22:48.742" /><!-- duration: 28ms -->
          <step title="C:\home\site\repository\Backend\Services\DocumentProcessingService.cs(126,28): warning CS8602: Dereference of a possibly null reference. [C:\home\site\repository\Backend\Backend.csproj]" date="2025-07-15T20:22:48.834" /><!-- duration: 13ms -->
          <step title="C:\home\site\repository\Backend\Services\DocumentProcessingService.cs(146,45): warning CS8602: Dereference of a possibly null reference. [C:\home\site\repository\Backend\Backend.csproj]" date="2025-07-15T20:22:48.909" /><!-- duration: 31ms -->
          <step title="C:\home\site\repository\Backend\Services\DocumentProcessingService.cs(154,81): warning CS8604: Possible null reference argument for parameter &apos;id&apos; in &apos;OpenXmlPart OpenXmlPartContainer.GetPartById(string id)&apos;. [C:\home\site\repository\Backend\Backend.csproj]" date="2025-07-15T20:22:48.992" /><!-- duration: 27ms -->
          <step title="C:\home\site\repository\Backend\Services\DocumentProcessingService.cs(167,64): warning CS8604: Possible null reference argument for parameter &apos;sharedStringTable&apos; in &apos;string DocumentProcessingService.GetCellValue(Cell cell, SharedStringTable sharedStringTable)&apos;. [C:\home\site\repository\Backend\Backend.csproj]" date="2025-07-15T20:22:49.086" /><!-- duration: 29ms -->
          <step title="C:\home\site\repository\Backend\Services\DocumentPersistenceService.cs(73,36): warning CS8600: Converting null literal or possible null value to non-nullable type. [C:\home\site\repository\Backend\Backend.csproj]" date="2025-07-15T20:22:49.161" /><!-- duration: 47ms -->
          <step title="C:\home\site\repository\Backend\Services\DocumentPersistenceService.cs(89,45): warning CS8601: Possible null reference assignment. [C:\home\site\repository\Backend\Backend.csproj]" date="2025-07-15T20:22:49.254" /><!-- duration: 19ms -->
          <step title="C:\home\site\repository\Backend\Services\DocumentPersistenceService.cs(92,43): warning CS8601: Possible null reference assignment. [C:\home\site\repository\Backend\Backend.csproj]" date="2025-07-15T20:22:49.394" /><!-- duration: 19ms -->
          <step title="C:\home\site\repository\Backend\Services\DocumentPersistenceService.cs(107,41): warning CS8601: Possible null reference assignment. [C:\home\site\repository\Backend\Backend.csproj]" date="2025-07-15T20:22:49.459" /><!-- duration: 28ms -->
          <step title="C:\home\site\repository\Backend\Services\DocumentPersistenceService.cs(110,39): warning CS8601: Possible null reference assignment. [C:\home\site\repository\Backend\Backend.csproj]" date="2025-07-15T20:22:49.534" /><!-- duration: 16ms -->
          <step title="C:\home\site\repository\Backend\Services\DocumentPersistenceService.cs(122,50): warning CS8602: Dereference of a possibly null reference. [C:\home\site\repository\Backend\Backend.csproj]" date="2025-07-15T20:22:49.597" /><!-- duration: 62ms -->
          <step title="C:\home\site\repository\Backend\Services\DocumentPersistenceService.cs(190,24): warning CS8603: Possible null reference return. [C:\home\site\repository\Backend\Backend.csproj]" date="2025-07-15T20:22:49.724" /><!-- duration: 29ms -->
          <step title="C:\home\site\repository\Backend\Services\DocumentPersistenceService.cs(227,32): warning CS8603: Possible null reference return. [C:\home\site\repository\Backend\Backend.csproj]" date="2025-07-15T20:22:49.819" /><!-- duration: 59ms -->
          <step title="C:\home\site\repository\Backend\Services\DocumentPersistenceService.cs(302,40): warning CS8603: Possible null reference return. [C:\home\site\repository\Backend\Backend.csproj]" date="2025-07-15T20:22:49.925" /><!-- duration: 47ms -->
          <step title="C:\home\site\repository\Backend\Services\DocumentPersistenceService.cs(318,32): warning CS8603: Possible null reference return. [C:\home\site\repository\Backend\Backend.csproj]" date="2025-07-15T20:22:50.022" /><!-- duration: 12ms -->
          <step title="C:\home\site\repository\Backend\Services\DocumentPersistenceService.cs(332,20): warning CS8603: Possible null reference return. [C:\home\site\repository\Backend\Backend.csproj]" date="2025-07-15T20:22:50.101" /><!-- duration: 29ms -->
          <step title="C:\home\site\repository\Backend\Controllers\ChatController.cs(395,31): warning CA2022: Avoid inexact read with &apos;System.IO.Stream.ReadAsync(byte[], int, int)&apos; (https://learn.microsoft.com/dotnet/fundamentals/code-analysis/quality-rules/ca2022) [C:\home\site\repository\Backend\Backend.csproj]" date="2025-07-15T20:22:50.488" /><!-- duration: 127ms -->
          <step title="Failed exitCode=1, command=dotnet publish &quot;C:\home\site\repository\Backend\Backend.csproj&quot; --configuration Release --output &quot;C:\local\Temp\8ddc3dd3f13355a&quot; --no-restore" date="2025-07-15T20:22:50.738" /><!-- duration: 19ms -->
          <step title="An error has occurred during web site deployment." date="2025-07-15T20:22:50.804" /><!-- duration: 28ms -->
          <step title="Process dump" date="2025-07-15T20:22:50.863" exitCode="255" type="processOutput" /><!-- duration: 17ms -->
        </step><!-- duration: 53278ms -->
        <step title="
C:\Program Files (x86)\SiteExtensions\Kudu\103.250502.001\bin\Scripts\starter.cmd deploy.cmd DEPLOYMENTINFO: deployer = GitHub, os = windows, sku = Standard, siteName = site-net, siteHostName = site-net-rrai-blue-fsgabaardkdhhnhf.centralus-01.azurewebsites.net, deploymentStatus = Error" date="2025-07-15T20:22:50.926" /><!-- duration: 19ms -->
        <step title="Error occurred" date="2025-07-15T20:22:50.956" type="error" text="
C:\Program Files (x86)\SiteExtensions\Kudu\103.250502.001\bin\Scripts\starter.cmd deploy.cmd" stackTrace="   at Kudu.Core.Infrastructure.Executable.ExecuteInternal(ITracer tracer, Func`2 onWriteOutput, Func`2 onWriteError, Encoding encoding, String arguments, Object[] args)
   at Kudu.Core.Infrastructure.Executable.ExecuteWithProgressWriter(ILogger logger, ITracer tracer, String arguments, Object[] args)
   at Kudu.Core.Deployment.Generator.ExternalCommandBuilder.RunCommand(DeploymentContext context, String command, Boolean ignoreManifest, String message)" /><!-- duration: 0ms -->
      </step><!-- duration: 54140ms -->
      <step title="Error occurred" date="2025-07-15T20:22:51.238" type="error" text="
C:\Program Files (x86)\SiteExtensions\Kudu\103.250502.001\bin\Scripts\starter.cmd deploy.cmd" stackTrace="   at Kudu.Core.Infrastructure.Executable.ExecuteInternal(ITracer tracer, Func`2 onWriteOutput, Func`2 onWriteError, Encoding encoding, String arguments, Object[] args)
   at Kudu.Core.Infrastructure.Executable.ExecuteWithProgressWriter(ILogger logger, ITracer tracer, String arguments, Object[] args)
   at Kudu.Core.Deployment.Generator.ExternalCommandBuilder.RunCommand(DeploymentContext context, String command, Boolean ignoreManifest, String message)
   at Kudu.Core.Deployment.Generator.CustomBuilder.Build(DeploymentContext context)
--- End of stack trace from previous location where exception was thrown ---
   at System.Runtime.CompilerServices.TaskAwaiter.ThrowForNonSuccess(Task task)
   at System.Runtime.CompilerServices.TaskAwaiter.HandleNonSuccessAndDebuggerNotification(Task task)
   at System.Runtime.CompilerServices.TaskAwaiter.ValidateEnd(Task task)
   at Kudu.Core.Deployment.DeploymentManager.&lt;Build&gt;d__38.MoveNext()" /><!-- duration: 0ms -->
      <step title="Deployment Failed. DEPLOYMENTINFO: deployer = GitHub, os = windows, sku = Standard, siteName = site-net, siteHostName = site-net-rrai-blue-fsgabaardkdhhnhf.centralus-01.azurewebsites.net, deploymentStatus = Failed" date="2025-07-15T20:22:51.269" /><!-- duration: 17ms -->
    </step><!-- duration: 54924ms -->
    <step title="Cleaning up temp files" date="2025-07-15T20:22:51.305" /><!-- duration: 28ms -->
  </step><!-- duration: 57000ms -->
  <step title="LockFile &apos;C:\home\site\locks\deployments.lock&apos; released" date="2025-07-15T20:22:51.409" /><!-- duration: 0ms -->
  <step title="Deleting shutdown sentinel file" date="2025-07-15T20:22:51.426" SemaphoreCount="8" /><!-- duration: 19ms -->
</step><!-- duration: 57218ms -->
