<step title="BackgroundTrace" date="2025-07-15T20:05:18.207" instance="15b9d3" url="/deploy" method="POST" >
  <step title="Updating shutdown sentinel last write time" date="2025-07-15T20:05:18.242" SemaphoreCount="7" /><!-- duration: 0ms -->
  <step title="LockFile &apos;C:\home\site\locks\deployments.lock&apos; acquired" date="2025-07-15T20:05:18.254" /><!-- duration: 16ms -->
  <step title="Creating temporary deployment" date="2025-07-15T20:05:18.289" /><!-- duration: 76ms -->
  <step title="Performing fetch based deployment" date="2025-07-15T20:05:18.395" >
    <step title="Fetching changes." date="2025-07-15T20:05:18.644" /><!-- duration: 17ms -->
    <step title="Before sending BuildRequestReceived status to /api/updatedeploystatus" date="2025-07-15T20:05:20.934" /><!-- duration: 12ms -->
    <step title="DeploymentManager.Deploy(id:51d990969fe8dff66139a9005566bda6a324d0bf)" date="2025-07-15T20:05:21.071" >
      <step title="Collecting changeset information" date="2025-07-15T20:05:21.325" /><!-- duration: 106ms -->
      <step title="Updating submodules" date="2025-07-15T20:05:21.447" >
        <step title="Updating submodules." date="2025-07-15T20:05:21.540" /><!-- duration: 0ms -->
      </step><!-- duration: 124ms -->
      <step title="Preparing deployment for commit id &apos;51d990969f&apos;." date="2025-07-15T20:05:21.696" /><!-- duration: 16ms -->
      <step title="Determining deployment builder" date="2025-07-15T20:05:21.837" >
        <step title="Builder is CustomBuilder" date="2025-07-15T20:05:21.837" /><!-- duration: 18ms -->
      </step><!-- duration: 18ms -->
      <step title="Copying SSH keys" date="2025-07-15T20:05:21.931" /><!-- duration: 16ms -->
      <step title="Building" date="2025-07-15T20:05:21.962" >
        <step title="Running custom deployment command..." date="2025-07-15T20:05:22.056" /><!-- duration: 18ms -->
        <step title="Running deployment command..." date="2025-07-15T20:05:22.181" /><!-- duration: 17ms -->
        <step title="Command: deploy.cmd" date="2025-07-15T20:05:22.216" /><!-- duration: 0ms -->
        <step title="Executing external process" date="2025-07-15T20:05:22.291" type="process" path="starter.cmd" arguments="deploy.cmd" >
          <step title="Handling ASP.NET Core Web Application deployment." date="2025-07-15T20:05:23.370" /><!-- duration: 14ms -->
          <step title="  Determining projects to restore..." date="2025-07-15T20:05:31.806" /><!-- duration: 17ms -->
          <step title="  All projects are up-to-date for restore." date="2025-07-15T20:05:34.197" /><!-- duration: 19ms -->
          <step title="C:\home\site\repository\Backend\Controllers\DocumentChatController.cs(13,24): error CS0234: The type or namespace name &apos;Interfaces&apos; does not exist in the namespace &apos;Backend.Services&apos; (are you missing an assembly reference?) [C:\home\site\repository\Backend\Backend.csproj]" date="2025-07-15T20:05:51.930" /><!-- duration: 16ms -->
          <step title="C:\home\site\repository\Backend\Program.cs(3,24): error CS0234: The type or namespace name &apos;Interfaces&apos; does not exist in the namespace &apos;Backend.Services&apos; (are you missing an assembly reference?) [C:\home\site\repository\Backend\Backend.csproj]" date="2025-07-15T20:05:51.966" /><!-- duration: 11ms -->
          <step title="C:\home\site\repository\Backend\Services\LegacyEndpointHandler.cs(10,24): error CS0234: The type or namespace name &apos;Interfaces&apos; does not exist in the namespace &apos;Backend.Services&apos; (are you missing an assembly reference?) [C:\home\site\repository\Backend\Backend.csproj]" date="2025-07-15T20:05:51.994" /><!-- duration: 19ms -->
          <step title="Failed exitCode=1, command=dotnet publish &quot;C:\home\site\repository\Backend\Backend.csproj&quot; --configuration Release --output &quot;C:\local\Temp\8ddc3daedefdd5b&quot; --no-restore" date="2025-07-15T20:05:52.746" /><!-- duration: 13ms -->
          <step title="An error has occurred during web site deployment." date="2025-07-15T20:05:52.792" /><!-- duration: 13ms -->
          <step title="Process dump" date="2025-07-15T20:05:52.887" exitCode="255" type="processOutput" /><!-- duration: 12ms -->
        </step><!-- duration: 30625ms -->
        <step title="
C:\Program Files (x86)\SiteExtensions\Kudu\103.250502.001\bin\Scripts\starter.cmd deploy.cmd DEPLOYMENTINFO: deployer = GitHub, os = windows, sku = Standard, siteName = site-net, siteHostName = site-net-rrai-blue-fsgabaardkdhhnhf.centralus-01.azurewebsites.net, deploymentStatus = Error" date="2025-07-15T20:05:52.935" /><!-- duration: 11ms -->
        <step title="Error occurred" date="2025-07-15T20:05:52.964" type="error" text="
C:\Program Files (x86)\SiteExtensions\Kudu\103.250502.001\bin\Scripts\starter.cmd deploy.cmd" stackTrace="   at Kudu.Core.Infrastructure.Executable.ExecuteInternal(ITracer tracer, Func`2 onWriteOutput, Func`2 onWriteError, Encoding encoding, String arguments, Object[] args)
   at Kudu.Core.Infrastructure.Executable.ExecuteWithProgressWriter(ILogger logger, ITracer tracer, String arguments, Object[] args)
   at Kudu.Core.Deployment.Generator.ExternalCommandBuilder.RunCommand(DeploymentContext context, String command, Boolean ignoreManifest, String message)" /><!-- duration: 13ms -->
      </step><!-- duration: 31284ms -->
      <step title="Error occurred" date="2025-07-15T20:05:53.258" type="error" text="
C:\Program Files (x86)\SiteExtensions\Kudu\103.250502.001\bin\Scripts\starter.cmd deploy.cmd" stackTrace="   at Kudu.Core.Infrastructure.Executable.ExecuteInternal(ITracer tracer, Func`2 onWriteOutput, Func`2 onWriteError, Encoding encoding, String arguments, Object[] args)
   at Kudu.Core.Infrastructure.Executable.ExecuteWithProgressWriter(ILogger logger, ITracer tracer, String arguments, Object[] args)
   at Kudu.Core.Deployment.Generator.ExternalCommandBuilder.RunCommand(DeploymentContext context, String command, Boolean ignoreManifest, String message)
   at Kudu.Core.Deployment.Generator.CustomBuilder.Build(DeploymentContext context)
--- End of stack trace from previous location where exception was thrown ---
   at System.Runtime.CompilerServices.TaskAwaiter.ThrowForNonSuccess(Task task)
   at System.Runtime.CompilerServices.TaskAwaiter.HandleNonSuccessAndDebuggerNotification(Task task)
   at System.Runtime.CompilerServices.TaskAwaiter.ValidateEnd(Task task)
   at Kudu.Core.Deployment.DeploymentManager.&lt;Build&gt;d__38.MoveNext()" /><!-- duration: 0ms -->
      <step title="Deployment Failed. DEPLOYMENTINFO: deployer = GitHub, os = windows, sku = Standard, siteName = site-net, siteHostName = site-net-rrai-blue-fsgabaardkdhhnhf.centralus-01.azurewebsites.net, deploymentStatus = Failed" date="2025-07-15T20:05:53.293" /><!-- duration: 0ms -->
    </step><!-- duration: 32234ms -->
    <step title="Cleaning up temp files" date="2025-07-15T20:05:53.321" /><!-- duration: 19ms -->
  </step><!-- duration: 35068ms -->
  <step title="LockFile &apos;C:\home\site\locks\deployments.lock&apos; released" date="2025-07-15T20:05:53.477" /><!-- duration: 0ms -->
  <step title="Deleting shutdown sentinel file" date="2025-07-15T20:05:53.493" SemaphoreCount="8" /><!-- duration: 0ms -->
</step><!-- duration: 35301ms -->
