<step title="BackgroundTrace" date="2025-07-17T12:11:28.793" instance="15b9d3" url="/deploy" method="POST" >
  <step title="Updating shutdown sentinel last write time" date="2025-07-17T12:11:28.840" SemaphoreCount="7" /><!-- duration: 0ms -->
  <step title="LockFile &apos;C:\home\site\locks\deployments.lock&apos; acquired" date="2025-07-17T12:11:28.856" /><!-- duration: 16ms -->
  <step title="Creating temporary deployment" date="2025-07-17T12:11:28.871" /><!-- duration: 62ms -->
  <step title="Performing fetch based deployment" date="2025-07-17T12:11:28.950" >
    <step title="Fetching changes." date="2025-07-17T12:11:29.169" /><!-- duration: 15ms -->
    <step title="Before sending BuildRequestReceived status to /api/updatedeploystatus" date="2025-07-17T12:11:32.284" /><!-- duration: 29ms -->
    <step title="DeploymentManager.Deploy(id:85fe05b55e6a74f8b088fb2c07bf197ec3a5a74e)" date="2025-07-17T12:11:32.423" >
      <step title="Collecting changeset information" date="2025-07-17T12:11:32.438" /><!-- duration: 78ms -->
      <step title="Updating submodules" date="2025-07-17T12:11:32.595" >
        <step title="Updating submodules." date="2025-07-17T12:11:32.753" /><!-- duration: 29ms -->
      </step><!-- duration: 234ms -->
      <step title="Preparing deployment for commit id &apos;85fe05b55e&apos;." date="2025-07-17T12:11:32.941" /><!-- duration: 13ms -->
      <step title="Determining deployment builder" date="2025-07-17T12:11:33.110" >
        <step title="Builder is CustomBuilder" date="2025-07-17T12:11:33.126" /><!-- duration: 0ms -->
      </step><!-- duration: 31ms -->
      <step title="Copying SSH keys" date="2025-07-17T12:11:33.157" /><!-- duration: 16ms -->
      <step title="Building" date="2025-07-17T12:11:33.188" >
        <step title="Running custom deployment command..." date="2025-07-17T12:11:33.282" /><!-- duration: 16ms -->
        <step title="Running deployment command..." date="2025-07-17T12:11:33.411" /><!-- duration: 0ms -->
        <step title="Command: deploy.cmd" date="2025-07-17T12:11:33.440" /><!-- duration: 0ms -->
        <step title="Executing external process" date="2025-07-17T12:11:33.626" type="process" path="starter.cmd" arguments="deploy.cmd" >
          <step title="Handling ASP.NET Core Web Application deployment." date="2025-07-17T12:11:35.069" /><!-- duration: 12ms -->
          <step title="  Determining projects to restore..." date="2025-07-17T12:11:45.504" /><!-- duration: 19ms -->
          <step title="  All projects are up-to-date for restore." date="2025-07-17T12:11:48.578" /><!-- duration: 0ms -->
          <step title="  Backend -&gt; C:\home\site\repository\Backend\bin\Release\net9.0\Backend.dll" date="2025-07-17T12:12:04.607" /><!-- duration: 18ms -->
          <step title="  Backend -&gt; C:\local\Temp\8ddc52b11ebef1d\" date="2025-07-17T12:12:09.806" /><!-- duration: 30ms -->
          <step title="Creating app_offline.htm" date="2025-07-17T12:12:13.575" /><!-- duration: 41ms -->
          <step title="KuduSync.NET from: &apos;C:\local\Temp\8ddc52b11ebef1d&apos; to: &apos;C:\home\site\wwwroot&apos;" date="2025-07-17T12:12:13.651" /><!-- duration: 0ms -->
          <step title="Deleting app_offline.htm" date="2025-07-17T12:12:13.679" /><!-- duration: 18ms -->
          <step title="Finished successfully." date="2025-07-17T12:12:13.867" /><!-- duration: 18ms -->
        </step><!-- duration: 40335ms -->
        <step title="Running post deployment command(s)..." date="2025-07-17T12:12:14.228" /><!-- duration: 140ms -->
        <step title="Triggering recycle (preview mode disabled)." date="2025-07-17T12:12:14.601" /><!-- duration: 16ms -->
        <step title="Ignoring FS watcher based recycle request as this is a classic Windows app." date="2025-07-17T12:12:14.635" /><!-- duration: 112ms -->
        <step title="Deployment successful. DEPLOYMENTINFO: deployer = GitHub, os = windows, sku = Standard, siteName = site-net, siteHostName = site-net-rrai-blue-fsgabaardkdhhnhf.centralus-01.azurewebsites.net, deploymentStatus = Success" date="2025-07-17T12:12:15.148" /><!-- duration: 18ms -->
      </step><!-- duration: 42305ms -->
    </step><!-- duration: 43100ms -->
    <step title="Cleaning up temp files" date="2025-07-17T12:12:15.540" /><!-- duration: 155ms -->
    <step title="Skip function trigger and logicapp sync because function is not enabled." date="2025-07-17T12:12:15.730" /><!-- duration: 27ms -->
  </step><!-- duration: 46887ms -->
  <step title="LockFile &apos;C:\home\site\locks\deployments.lock&apos; released" date="2025-07-17T12:12:15.854" /><!-- duration: 13ms -->
  <step title="Deleting shutdown sentinel file" date="2025-07-17T12:12:15.918" SemaphoreCount="8" /><!-- duration: 46ms -->
</step><!-- duration: 47216ms -->
