<step title="Incoming Request" date="2025-08-11T20:55:04.376" instance="15b9d3" url="/api/zipdeploy?isAsync=true" method="POST" type="request" pid="8876,2,15" Cache-Control="no-cache" Content-Length="7849254" Content-Type="application/octet-stream" Accept="*/*" Accept-Encoding="gzip, deflate" Authorization="Bas..." Host="site-net-rrai-blue-fsgabaardkdhhnhf.scm.centralus-01.azurewebsites.net" User-Agent="AZURECLI/2.73.0 (MSI)" x-ms-client-request-id="72154314-76f5-11f0-b75d-54e4ed9facf8" X-ARR-LOG-ID="72154314-76f5-11f0-b75d-54e4ed9facf8" CLIENT-IP="209.23.183.70:53581" X-SITE-DEPLOYMENT-ID="site-net__e920" WAS-DEFAULT-HOSTNAME="site-net-rrai-blue-fsgabaardkdhhnhf.scm.centralus-01.azurewebsites.net" X-Forwarded-Proto="https" X-AppService-Proto="https" X-Forwarded-TlsVersion="1.3" X-WAWS-Unencoded-URL="/api/zipdeploy?isAsync=true" >
  <step title="Cleanup Xml Logs" date="2025-08-11T20:55:04.391" /><!-- duration: 16ms -->
  <step title="ZipPushDeploy" date="2025-08-11T20:55:04.563" >
    <step title="ZipDeploy. Extract zip. " date="2025-08-11T20:55:04.739" /><!-- duration: 0ms -->
    <step title="Starting PushDeployAsync" date="2025-08-11T20:55:04.767" /><!-- duration: 0ms -->
    <step title="Updating shutdown sentinel last write time" date="2025-08-11T20:55:05.079" SemaphoreCount="7" /><!-- duration: 0ms -->
    <step title="Assuming git repository at C:\home\site\repository" date="2025-08-11T20:55:05.422" /><!-- duration: 16ms -->
    <step title="LockFile &apos;C:\home\site\locks\deployments.lock&apos; acquired" date="2025-08-11T20:55:05.801" /><!-- duration: 0ms -->
    <step title="Saving request content to C:\local\Temp\zipdeploy\kif3flyf.zip" date="2025-08-11T20:55:05.837" >
      <step title="Total 7,849,254 bytes written to C:\local\Temp\zipdeploy\kif3flyf.zip" date="2025-08-11T20:55:07.171" /><!-- duration: 10ms -->
    </step><!-- duration: 1345ms -->
    <step title="LockFile &apos;C:\home\site\locks\deployments.lock&apos; released" date="2025-08-11T20:55:07.197" /><!-- duration: 16ms -->
    <step title="Deleting shutdown sentinel file" date="2025-08-11T20:55:07.213" SemaphoreCount="8" /><!-- duration: 16ms -->
    <step title="Starting FetchDeploy" date="2025-08-11T20:55:07.246" /><!-- duration: 13ms -->
    <step title="Start deployment in the background" date="2025-08-11T20:55:07.260" >
      <step title="Starting LocalZipFetch" date="2025-08-11T20:55:07.793" /><!-- duration: 29ms -->
    </step><!-- duration: 1188ms -->
  </step><!-- duration: 3884ms -->
  <step title="Outgoing response" date="2025-08-11T20:55:08.464" type="response" statusCode="202" statusText="Accepted" Server="Microsoft-IIS/10.0" x-ms-request-id="72154314-76f5-11f0-b75d-54e4ed9facf8" Retry-After="30" Cache-Control="private" X-AspNet-Version="4.0.30319" Location="https://site-net-rrai-blue-fsgabaardkdhhnhf.scm.centralus-01.azurewebsites.net/api/deployments/latest?deployer=ZipDeploy&amp;time=2025-08-11_20-55-08Z" /><!-- duration: 19ms -->
</step><!-- duration: 4135ms -->
