<step title="BackgroundTrace" date="2025-07-16T20:39:21.981" instance="15b9d3" url="/deploy" method="POST" >
  <step title="Updating shutdown sentinel last write time" date="2025-07-16T20:39:22.169" SemaphoreCount="7" /><!-- duration: 20ms -->
  <step title="LockFile &apos;C:\home\site\locks\deployments.lock&apos; acquired" date="2025-07-16T20:39:22.188" /><!-- duration: 11ms -->
  <step title="Creating temporary deployment" date="2025-07-16T20:39:22.200" /><!-- duration: 62ms -->
  <step title="Performing fetch based deployment" date="2025-07-16T20:39:22.278" >
    <step title="Fetching changes." date="2025-07-16T20:39:22.514" /><!-- duration: 76ms -->
    <step title="Before sending BuildRequestReceived status to /api/updatedeploystatus" date="2025-07-16T20:39:27.819" /><!-- duration: 0ms -->
    <step title="DeploymentManager.Deploy(id:1ce3a070e388ac4c56e391b9edf7bca930aedf19)" date="2025-07-16T20:39:27.978" >
      <step title="Collecting changeset information" date="2025-07-16T20:39:27.991" /><!-- duration: 79ms -->
      <step title="Updating submodules" date="2025-07-16T20:39:28.100" >
        <step title="Updating submodules." date="2025-07-16T20:39:28.256" /><!-- duration: 0ms -->
      </step><!-- duration: 172ms -->
      <step title="Preparing deployment for commit id &apos;1ce3a070e3&apos;." date="2025-07-16T20:39:28.381" /><!-- duration: 0ms -->
      <step title="Determining deployment builder" date="2025-07-16T20:39:28.553" >
        <step title="Builder is CustomBuilder" date="2025-07-16T20:39:28.553" /><!-- duration: 16ms -->
      </step><!-- duration: 16ms -->
      <step title="Copying SSH keys" date="2025-07-16T20:39:28.647" /><!-- duration: 16ms -->
      <step title="Building" date="2025-07-16T20:39:28.678" >
        <step title="Running custom deployment command..." date="2025-07-16T20:39:28.901" /><!-- duration: 28ms -->
        <step title="Running deployment command..." date="2025-07-16T20:39:29.131" /><!-- duration: 16ms -->
        <step title="Command: deploy.cmd" date="2025-07-16T20:39:29.178" /><!-- duration: 0ms -->
        <step title="Executing external process" date="2025-07-16T20:39:29.303" type="process" path="starter.cmd" arguments="deploy.cmd" >
          <step title="Handling ASP.NET Core Web Application deployment." date="2025-07-16T20:39:30.709" /><!-- duration: 16ms -->
          <step title="  Determining projects to restore..." date="2025-07-16T20:39:40.288" /><!-- duration: 46ms -->
          <step title="  All projects are up-to-date for restore." date="2025-07-16T20:39:43.461" /><!-- duration: 18ms -->
          <step title="C:\home\site\repository\Backend\Controllers\DiagnosticController.cs(29,58): warning CS8625: Cannot convert null literal to non-nullable reference type. [C:\home\site\repository\Backend\Backend.csproj]" date="2025-07-16T20:41:02.152" /><!-- duration: 13ms -->
          <step title="C:\home\site\repository\Backend\Program.cs(93,25): warning CS8604: Possible null reference argument for parameter &apos;uriString&apos; in &apos;Uri.Uri(string uriString)&apos;. [C:\home\site\repository\Backend\Backend.csproj]" date="2025-07-16T20:41:02.180" /><!-- duration: 19ms -->
          <step title="C:\home\site\repository\Backend\Program.cs(94,46): warning CS8604: Possible null reference argument for parameter &apos;key&apos; in &apos;AzureKeyCredential.AzureKeyCredential(string key)&apos;. [C:\home\site\repository\Backend\Backend.csproj]" date="2025-07-16T20:41:02.246" /><!-- duration: 12ms -->
          <step title="C:\home\site\repository\Backend\Program.cs(148,9): warning CS8602: Dereference of a possibly null reference. [C:\home\site\repository\Backend\Backend.csproj]" date="2025-07-16T20:41:02.274" /><!-- duration: 19ms -->
          <step title="C:\home\site\repository\Backend\Controllers\ChatController.cs(84,45): warning CS8600: Converting null literal or possible null value to non-nullable type. [C:\home\site\repository\Backend\Backend.csproj]" date="2025-07-16T20:41:02.305" /><!-- duration: 17ms -->
          <step title="C:\home\site\repository\Backend\Controllers\ChatController.cs(92,36): warning CS8600: Converting null literal or possible null value to non-nullable type. [C:\home\site\repository\Backend\Backend.csproj]" date="2025-07-16T20:41:02.341" /><!-- duration: 28ms -->
          <step title="C:\home\site\repository\Backend\Controllers\ChatController.cs(98,40): warning CS8600: Converting null literal or possible null value to non-nullable type. [C:\home\site\repository\Backend\Backend.csproj]" date="2025-07-16T20:41:02.399" /><!-- duration: 16ms -->
          <step title="C:\home\site\repository\Backend\Controllers\DocumentChatController.cs(159,47): warning CS8600: Converting null literal or possible null value to non-nullable type. [C:\home\site\repository\Backend\Backend.csproj]" date="2025-07-16T20:41:02.446" /><!-- duration: 16ms -->
          <step title="C:\home\site\repository\Backend\Controllers\DocumentChatController.cs(163,44): warning CS8600: Converting null literal or possible null value to non-nullable type. [C:\home\site\repository\Backend\Backend.csproj]" date="2025-07-16T20:41:02.480" /><!-- duration: 0ms -->
          <step title="C:\home\site\repository\Backend\Controllers\DocumentChatController.cs(231,36): warning CS8602: Dereference of a possibly null reference. [C:\home\site\repository\Backend\Backend.csproj]" date="2025-07-16T20:41:02.509" /><!-- duration: 0ms -->
          <step title="C:\home\site\repository\Backend\Controllers\DocumentChatController.cs(257,47): warning CS8600: Converting null literal or possible null value to non-nullable type. [C:\home\site\repository\Backend\Backend.csproj]" date="2025-07-16T20:41:02.540" /><!-- duration: 0ms -->
          <step title="C:\home\site\repository\Backend\Controllers\ChatController.cs(330,43): warning CS8600: Converting null literal or possible null value to non-nullable type. [C:\home\site\repository\Backend\Backend.csproj]" date="2025-07-16T20:41:02.571" /><!-- duration: 35ms -->
          <step title="C:\home\site\repository\Backend\Controllers\ChatController.cs(345,69): warning CS8604: Possible null reference argument for parameter &apos;message&apos; in &apos;Task&lt;IActionResult&gt; DocumentChatController.ChatWithFile(IFormFile file, string message, string? clientSessionId = null)&apos;. [C:\home\site\repository\Backend\Backend.csproj]" date="2025-07-16T20:41:02.711" /><!-- duration: 18ms -->
          <step title="C:\home\site\repository\Backend\Controllers\ChatController.cs(385,39): warning CS8600: Converting null literal or possible null value to non-nullable type. [C:\home\site\repository\Backend\Backend.csproj]" date="2025-07-16T20:41:02.742" /><!-- duration: 16ms -->
          <step title="C:\home\site\repository\Backend\Controllers\ChatController.cs(427,46): warning CS8600: Converting null literal or possible null value to non-nullable type. [C:\home\site\repository\Backend\Backend.csproj]" date="2025-07-16T20:41:02.777" /><!-- duration: 12ms -->
          <step title="C:\home\site\repository\Backend\Services\LegacyEndpointHandler.cs(75,41): warning CS8601: Possible null reference assignment. [C:\home\site\repository\Backend\Backend.csproj]" date="2025-07-16T20:41:02.872" /><!-- duration: 11ms -->
          <step title="C:\home\site\repository\Backend\Services\LegacyEndpointHandler.cs(124,39): warning CS8600: Converting null literal or possible null value to non-nullable type. [C:\home\site\repository\Backend\Backend.csproj]" date="2025-07-16T20:41:02.901" /><!-- duration: 0ms -->
          <step title="C:\home\site\repository\Backend\Services\LegacyEndpointHandler.cs(126,38): warning CS8602: Dereference of a possibly null reference. [C:\home\site\repository\Backend\Backend.csproj]" date="2025-07-16T20:41:02.930" /><!-- duration: 19ms -->
          <step title="C:\home\site\repository\Backend\Services\LegacyEndpointHandler.cs(236,36): warning CS8601: Possible null reference assignment. [C:\home\site\repository\Backend\Backend.csproj]" date="2025-07-16T20:41:02.961" /><!-- duration: 20ms -->
          <step title="C:\home\site\repository\Backend\Services\DocumentProcessingService.cs(127,28): warning CS8602: Dereference of a possibly null reference. [C:\home\site\repository\Backend\Backend.csproj]" date="2025-07-16T20:41:03.010" /><!-- duration: 0ms -->
          <step title="C:\home\site\repository\Backend\Services\DocumentProcessingService.cs(127,28): warning CS8602: Dereference of a possibly null reference. [C:\home\site\repository\Backend\Backend.csproj]" date="2025-07-16T20:41:03.028" /><!-- duration: 28ms -->
          <step title="C:\home\site\repository\Backend\Services\DocumentProcessingService.cs(147,45): warning CS8602: Dereference of a possibly null reference. [C:\home\site\repository\Backend\Backend.csproj]" date="2025-07-16T20:41:03.086" /><!-- duration: 17ms -->
          <step title="C:\home\site\repository\Backend\Services\DocumentProcessingService.cs(155,81): warning CS8604: Possible null reference argument for parameter &apos;id&apos; in &apos;OpenXmlPart OpenXmlPartContainer.GetPartById(string id)&apos;. [C:\home\site\repository\Backend\Backend.csproj]" date="2025-07-16T20:41:03.123" /><!-- duration: 10ms -->
          <step title="C:\home\site\repository\Backend\Services\DocumentProcessingService.cs(168,64): warning CS8604: Possible null reference argument for parameter &apos;sharedStringTable&apos; in &apos;string DocumentProcessingService.GetCellValue(Cell cell, SharedStringTable sharedStringTable)&apos;. [C:\home\site\repository\Backend\Backend.csproj]" date="2025-07-16T20:41:03.152" /><!-- duration: 13ms -->
          <step title="C:\home\site\repository\Backend\Services\DocumentPersistenceService.cs(73,36): warning CS8600: Converting null literal or possible null value to non-nullable type. [C:\home\site\repository\Backend\Backend.csproj]" date="2025-07-16T20:41:03.180" /><!-- duration: 19ms -->
          <step title="C:\home\site\repository\Backend\Services\DocumentPersistenceService.cs(89,45): warning CS8601: Possible null reference assignment. [C:\home\site\repository\Backend\Backend.csproj]" date="2025-07-16T20:41:03.228" /><!-- duration: 0ms -->
          <step title="C:\home\site\repository\Backend\Services\DocumentPersistenceService.cs(92,43): warning CS8601: Possible null reference assignment. [C:\home\site\repository\Backend\Backend.csproj]" date="2025-07-16T20:41:03.258" /><!-- duration: 17ms -->
          <step title="C:\home\site\repository\Backend\Services\DocumentPersistenceService.cs(107,41): warning CS8601: Possible null reference assignment. [C:\home\site\repository\Backend\Backend.csproj]" date="2025-07-16T20:41:03.294" /><!-- duration: 11ms -->
          <step title="C:\home\site\repository\Backend\Services\DocumentPersistenceService.cs(110,39): warning CS8601: Possible null reference assignment. [C:\home\site\repository\Backend\Backend.csproj]" date="2025-07-16T20:41:03.323" /><!-- duration: 13ms -->
          <step title="C:\home\site\repository\Backend\Services\DocumentPersistenceService.cs(122,50): warning CS8602: Dereference of a possibly null reference. [C:\home\site\repository\Backend\Backend.csproj]" date="2025-07-16T20:41:03.352" /><!-- duration: 19ms -->
          <step title="C:\home\site\repository\Backend\Services\DocumentPersistenceService.cs(190,24): warning CS8603: Possible null reference return. [C:\home\site\repository\Backend\Backend.csproj]" date="2025-07-16T20:41:03.418" /><!-- duration: 12ms -->
          <step title="C:\home\site\repository\Backend\Services\DocumentPersistenceService.cs(227,32): warning CS8603: Possible null reference return. [C:\home\site\repository\Backend\Backend.csproj]" date="2025-07-16T20:41:03.513" /><!-- duration: 10ms -->
          <step title="C:\home\site\repository\Backend\Services\DocumentPersistenceService.cs(302,40): warning CS8603: Possible null reference return. [C:\home\site\repository\Backend\Backend.csproj]" date="2025-07-16T20:41:03.542" /><!-- duration: 13ms -->
          <step title="C:\home\site\repository\Backend\Services\DocumentPersistenceService.cs(318,32): warning CS8603: Possible null reference return. [C:\home\site\repository\Backend\Backend.csproj]" date="2025-07-16T20:41:03.571" /><!-- duration: 18ms -->
          <step title="C:\home\site\repository\Backend\Services\DocumentPersistenceService.cs(332,20): warning CS8603: Possible null reference return. [C:\home\site\repository\Backend\Backend.csproj]" date="2025-07-16T20:41:03.602" /><!-- duration: 16ms -->
          <step title="C:\home\site\repository\Backend\Services\DocumentContextService.cs(396,41): warning CS1998: This async method lacks &apos;await&apos; operators and will run synchronously. Consider using the &apos;await&apos; operator to await non-blocking API calls, or &apos;await Task.Run(...)&apos; to do CPU-bound work on a background thread. [C:\home\site\repository\Backend\Backend.csproj]" date="2025-07-16T20:41:03.636" /><!-- duration: 0ms -->
          <step title="C:\home\site\repository\Backend\Controllers\DiagnosticController.cs(177,37): warning CS8600: Converting null literal or possible null value to non-nullable type. [C:\home\site\repository\Backend\Backend.csproj]" date="2025-07-16T20:41:03.665" /><!-- duration: 19ms -->
          <step title="C:\home\site\repository\Backend\Controllers\DiagnosticController.cs(273,76): warning CS8600: Converting null literal or possible null value to non-nullable type. [C:\home\site\repository\Backend\Backend.csproj]" date="2025-07-16T20:41:03.696" /><!-- duration: 17ms -->
          <step title="C:\home\site\repository\Backend\Controllers\DiagnosticController.cs(274,79): warning CS8600: Converting null literal or possible null value to non-nullable type. [C:\home\site\repository\Backend\Backend.csproj]" date="2025-07-16T20:41:03.807" /><!-- duration: 30ms -->
          <step title="C:\home\site\repository\Backend\Controllers\DiagnosticController.cs(275,85): warning CS8600: Converting null literal or possible null value to non-nullable type. [C:\home\site\repository\Backend\Backend.csproj]" date="2025-07-16T20:41:03.854" /><!-- duration: 14ms -->
          <step title="C:\home\site\repository\Backend\Controllers\DiagnosticController.cs(289,80): warning CS8600: Converting null literal or possible null value to non-nullable type. [C:\home\site\repository\Backend\Backend.csproj]" date="2025-07-16T20:41:03.883" /><!-- duration: 19ms -->
          <step title="C:\home\site\repository\Backend\Controllers\DiagnosticController.cs(341,99): warning CS8604: Possible null reference argument for parameter &apos;oldValue&apos; in &apos;string string.Replace(string oldValue, string? newValue)&apos;. [C:\home\site\repository\Backend\Backend.csproj]" date="2025-07-16T20:41:03.914" /><!-- duration: 16ms -->
          <step title="C:\home\site\repository\Backend\Controllers\DiagnosticController.cs(353,48): warning CS8600: Converting null literal or possible null value to non-nullable type. [C:\home\site\repository\Backend\Backend.csproj]" date="2025-07-16T20:41:03.978" /><!-- duration: 0ms -->
          <step title="C:\home\site\repository\Backend\Controllers\DiagnosticController.cs(408,52): warning CS8600: Converting null literal or possible null value to non-nullable type. [C:\home\site\repository\Backend\Backend.csproj]" date="2025-07-16T20:41:04.026" /><!-- duration: 284ms -->
          <step title="C:\home\site\repository\Backend\Services\ChatService.cs(87,42): warning CS8600: Converting null literal or possible null value to non-nullable type. [C:\home\site\repository\Backend\Backend.csproj]" date="2025-07-16T20:41:04.789" /><!-- duration: 191ms -->
          <step title="C:\home\site\repository\Backend\Services\ChatService.cs(88,39): warning CS8600: Converting null literal or possible null value to non-nullable type. [C:\home\site\repository\Backend\Backend.csproj]" date="2025-07-16T20:41:05.588" /><!-- duration: 264ms -->
          <step title="C:\home\site\repository\Backend\Services\ChatService.cs(116,100): warning CS8604: Possible null reference argument for parameter &apos;userMessage&apos; in &apos;string IDocumentContextService.PrepareDocumentContext(DocumentInfo documentInfo, string userMessage)&apos;. [C:\home\site\repository\Backend\Backend.csproj]" date="2025-07-16T20:41:05.962" /><!-- duration: 31ms -->
          <step title="C:\home\site\repository\Backend\Services\ChatService.cs(154,54): warning CS8600: Converting null literal or possible null value to non-nullable type. [C:\home\site\repository\Backend\Backend.csproj]" date="2025-07-16T20:41:06.118" /><!-- duration: 62ms -->
          <step title="C:\home\site\repository\Backend\Services\ChatService.cs(194,28): warning CS8603: Possible null reference return. [C:\home\site\repository\Backend\Backend.csproj]" date="2025-07-16T20:41:06.262" /><!-- duration: 28ms -->
          <step title="C:\home\site\repository\Backend\Controllers\ConfigController.cs(82,35): warning CS8600: Converting null literal or possible null value to non-nullable type. [C:\home\site\repository\Backend\Backend.csproj]" date="2025-07-16T20:41:06.431" /><!-- duration: 31ms -->
          <step title="C:\home\site\repository\Backend\Controllers\ConfigController.cs(83,36): warning CS8600: Converting null literal or possible null value to non-nullable type. [C:\home\site\repository\Backend\Backend.csproj]" date="2025-07-16T20:41:06.591" /><!-- duration: 75ms -->
          <step title="C:\home\site\repository\Backend\Models\ChatModels.cs(27,23): warning CS8618: Non-nullable property &apos;DocumentInfo&apos; must contain a non-null value when exiting constructor. Consider adding the &apos;required&apos; modifier or declaring the property as nullable. [C:\home\site\repository\Backend\Backend.csproj]" date="2025-07-16T20:41:06.774" /><!-- duration: 47ms -->
          <step title="C:\home\site\repository\Backend\Controllers\ChatController.cs(412,31): warning CA2022: Avoid inexact read with &apos;System.IO.Stream.ReadAsync(byte[], int, int)&apos; (https://learn.microsoft.com/dotnet/fundamentals/code-analysis/quality-rules/ca2022) [C:\home\site\repository\Backend\Backend.csproj]" date="2025-07-16T20:41:06.885" /><!-- duration: 19ms -->
          <step title="  Backend -&gt; C:\home\site\repository\Backend\bin\Release\net9.0\Backend.dll" date="2025-07-16T20:41:06.935" /><!-- duration: 11ms -->
          <step title="  Backend -&gt; C:\local\Temp\8ddc4a8dc49bf96\" date="2025-07-16T20:41:18.495" /><!-- duration: 14ms -->
          <step title="Creating app_offline.htm" date="2025-07-16T20:41:24.883" /><!-- duration: 18ms -->
          <step title="KuduSync.NET from: &apos;C:\local\Temp\8ddc4a8dc49bf96&apos; to: &apos;C:\home\site\wwwroot&apos;" date="2025-07-16T20:41:24.915" /><!-- duration: 0ms -->
          <step title="Copying file: &apos;Backend.dll&apos;" date="2025-07-16T20:41:24.949" /><!-- duration: 0ms -->
          <step title="Copying file: &apos;Backend.exe&apos;" date="2025-07-16T20:41:24.978" /><!-- duration: 0ms -->
          <step title="Copying file: &apos;Backend.pdb&apos;" date="2025-07-16T20:41:24.998" /><!-- duration: 11ms -->
          <step title="Deleting app_offline.htm" date="2025-07-16T20:41:25.026" /><!-- duration: 13ms -->
          <step title="Finished successfully." date="2025-07-16T20:41:25.385" /><!-- duration: 19ms -->
        </step><!-- duration: 116158ms -->
        <step title="Running post deployment command(s)..." date="2025-07-16T20:41:25.557" /><!-- duration: 19ms -->
        <step title="Triggering recycle (preview mode disabled)." date="2025-07-16T20:41:25.711" /><!-- duration: 0ms -->
        <step title="Ignoring FS watcher based recycle request as this is a classic Windows app." date="2025-07-16T20:41:25.728" /><!-- duration: 19ms -->
        <step title="Deployment successful. DEPLOYMENTINFO: deployer = GitHub, os = windows, sku = Standard, siteName = site-net, siteHostName = site-net-rrai-blue-fsgabaardkdhhnhf.centralus-01.azurewebsites.net, deploymentStatus = Success" date="2025-07-16T20:41:25.947" /><!-- duration: 0ms -->
        <step title="Purge deployment items" date="2025-07-16T20:41:26.352" >
          <step title="Remove 49b136592, Success, received at 7/15/2025 1:20:03 PM" date="2025-07-16T20:41:26.619" /><!-- duration: 19ms -->
        </step><!-- duration: 286ms -->
      </step><!-- duration: 118007ms -->
    </step><!-- duration: 118765ms -->
    <step title="Cleaning up temp files" date="2025-07-16T20:41:26.743" /><!-- duration: 423ms -->
    <step title="Skip function trigger and logicapp sync because function is not enabled." date="2025-07-16T20:41:27.618" /><!-- duration: 18ms -->
  </step><!-- duration: 125480ms -->
  <step title="LockFile &apos;C:\home\site\locks\deployments.lock&apos; released" date="2025-07-16T20:41:27.777" /><!-- duration: 28ms -->
  <step title="Deleting shutdown sentinel file" date="2025-07-16T20:41:27.824" SemaphoreCount="8" /><!-- duration: 0ms -->
</step><!-- duration: 125855ms -->
