<step title="BackgroundTrace" date="2025-07-15T20:51:30.190" instance="15b9d3" url="/deploy" method="POST" >
  <step title="Updating shutdown sentinel last write time" date="2025-07-15T20:51:30.207" SemaphoreCount="7" /><!-- duration: 16ms -->
  <step title="LockFile &apos;C:\home\site\locks\deployments.lock&apos; acquired" date="2025-07-15T20:51:30.223" /><!-- duration: 15ms -->
  <step title="Creating temporary deployment" date="2025-07-15T20:51:30.237" /><!-- duration: 94ms -->
  <step title="Performing fetch based deployment" date="2025-07-15T20:51:30.347" >
    <step title="Fetching changes." date="2025-07-15T20:51:30.536" /><!-- duration: 14ms -->
    <step title="Before sending BuildRequestReceived status to /api/updatedeploystatus" date="2025-07-15T20:51:32.331" /><!-- duration: 16ms -->
    <step title="DeploymentManager.Deploy(id:47932e687ef43947241433d47ac281005f2c0b7c)" date="2025-07-15T20:51:32.472" >
      <step title="Collecting changeset information" date="2025-07-15T20:51:32.487" /><!-- duration: 62ms -->
      <step title="Updating submodules" date="2025-07-15T20:51:32.586" >
        <step title="Updating submodules." date="2025-07-15T20:51:32.675" /><!-- duration: 16ms -->
      </step><!-- duration: 104ms -->
      <step title="Preparing deployment for commit id &apos;47932e687e&apos;." date="2025-07-15T20:51:32.819" /><!-- duration: 12ms -->
      <step title="Determining deployment builder" date="2025-07-15T20:51:32.925" >
        <step title="Builder is CustomBuilder" date="2025-07-15T20:51:32.941" /><!-- duration: 0ms -->
      </step><!-- duration: 47ms -->
      <step title="Copying SSH keys" date="2025-07-15T20:51:33.003" /><!-- duration: 16ms -->
      <step title="Building" date="2025-07-15T20:51:33.018" >
        <step title="Running custom deployment command..." date="2025-07-15T20:51:33.099" /><!-- duration: 0ms -->
        <step title="Running deployment command..." date="2025-07-15T20:51:33.254" /><!-- duration: 0ms -->
        <step title="Command: deploy.cmd" date="2025-07-15T20:51:33.268" /><!-- duration: 63ms -->
        <step title="Executing external process" date="2025-07-15T20:51:33.394" type="process" path="starter.cmd" arguments="deploy.cmd" >
          <step title="Handling ASP.NET Core Web Application deployment." date="2025-07-15T20:51:34.710" /><!-- duration: 12ms -->
          <step title="  Determining projects to restore..." date="2025-07-15T20:51:44.175" /><!-- duration: 0ms -->
          <step title="  All projects are up-to-date for restore." date="2025-07-15T20:51:46.800" /><!-- duration: 18ms -->
          <step title="C:\home\site\repository\Backend\Program.cs(49,9): warning CS8604: Possible null reference argument for parameter &apos;openAIClient&apos; in &apos;ChatService.ChatService(OpenAIClient openAIClient, OpenAIConfiguration openAIConfig, DocumentChunkingService documentChunkingService, IDocumentContextService documentContextService, IChatAnalysisService chatAnalysisService, IPromptEngineeringService promptEngineeringService, ILogger&lt;ChatService&gt; logger)&apos;. [C:\home\site\repository\Backend\Backend.csproj]" date="2025-07-15T20:52:15.205" /><!-- duration: 19ms -->
          <step title="C:\home\site\repository\Backend\Program.cs(104,25): warning CS8604: Possible null reference argument for parameter &apos;uriString&apos; in &apos;Uri.Uri(string uriString)&apos;. [C:\home\site\repository\Backend\Backend.csproj]" date="2025-07-15T20:52:15.270" /><!-- duration: 0ms -->
          <step title="C:\home\site\repository\Backend\Program.cs(105,46): warning CS8604: Possible null reference argument for parameter &apos;key&apos; in &apos;AzureKeyCredential.AzureKeyCredential(string key)&apos;. [C:\home\site\repository\Backend\Backend.csproj]" date="2025-07-15T20:52:15.328" /><!-- duration: 16ms -->
          <step title="C:\home\site\repository\Backend\Program.cs(159,9): warning CS8602: Dereference of a possibly null reference. [C:\home\site\repository\Backend\Backend.csproj]" date="2025-07-15T20:52:15.364" /><!-- duration: 12ms -->
          <step title="C:\home\site\repository\Backend\Controllers\DocumentChatController.cs(159,47): warning CS8600: Converting null literal or possible null value to non-nullable type. [C:\home\site\repository\Backend\Backend.csproj]" date="2025-07-15T20:52:15.412" /><!-- duration: 105ms -->
          <step title="C:\home\site\repository\Backend\Controllers\DocumentChatController.cs(163,44): warning CS8600: Converting null literal or possible null value to non-nullable type. [C:\home\site\repository\Backend\Backend.csproj]" date="2025-07-15T20:52:15.582" /><!-- duration: 0ms -->
          <step title="C:\home\site\repository\Backend\Controllers\DocumentChatController.cs(231,36): warning CS8602: Dereference of a possibly null reference. [C:\home\site\repository\Backend\Backend.csproj]" date="2025-07-15T20:52:15.628" /><!-- duration: 0ms -->
          <step title="C:\home\site\repository\Backend\Controllers\DocumentChatController.cs(257,47): warning CS8600: Converting null literal or possible null value to non-nullable type. [C:\home\site\repository\Backend\Backend.csproj]" date="2025-07-15T20:52:15.672" /><!-- duration: 18ms -->
          <step title="C:\home\site\repository\Backend\Controllers\ConfigController.cs(82,35): warning CS8600: Converting null literal or possible null value to non-nullable type. [C:\home\site\repository\Backend\Backend.csproj]" date="2025-07-15T20:52:15.703" /><!-- duration: 0ms -->
          <step title="C:\home\site\repository\Backend\Controllers\ConfigController.cs(83,36): warning CS8600: Converting null literal or possible null value to non-nullable type. [C:\home\site\repository\Backend\Backend.csproj]" date="2025-07-15T20:52:15.719" /><!-- duration: 0ms -->
          <step title="C:\home\site\repository\Backend\Models\ChatModels.cs(27,23): warning CS8618: Non-nullable property &apos;DocumentInfo&apos; must contain a non-null value when exiting constructor. Consider adding the &apos;required&apos; modifier or declaring the property as nullable. [C:\home\site\repository\Backend\Backend.csproj]" date="2025-07-15T20:52:15.737" /><!-- duration: 0ms -->
          <step title="C:\home\site\repository\Backend\Services\AzureFunctionService.cs(142,49): warning CS8604: Possible null reference argument for parameter &apos;oldValue&apos; in &apos;string string.Replace(string oldValue, string? newValue)&apos;. [C:\home\site\repository\Backend\Backend.csproj]" date="2025-07-15T20:52:15.750" /><!-- duration: 0ms -->
          <step title="C:\home\site\repository\Backend\Controllers\ChatController.cs(84,45): warning CS8600: Converting null literal or possible null value to non-nullable type. [C:\home\site\repository\Backend\Backend.csproj]" date="2025-07-15T20:52:15.766" /><!-- duration: 18ms -->
          <step title="C:\home\site\repository\Backend\Controllers\ChatController.cs(92,36): warning CS8600: Converting null literal or possible null value to non-nullable type. [C:\home\site\repository\Backend\Backend.csproj]" date="2025-07-15T20:52:15.797" /><!-- duration: 0ms -->
          <step title="C:\home\site\repository\Backend\Controllers\ChatController.cs(98,40): warning CS8600: Converting null literal or possible null value to non-nullable type. [C:\home\site\repository\Backend\Backend.csproj]" date="2025-07-15T20:52:15.813" /><!-- duration: 17ms -->
          <step title="C:\home\site\repository\Backend\Services\ChatService.cs(81,42): warning CS8600: Converting null literal or possible null value to non-nullable type. [C:\home\site\repository\Backend\Backend.csproj]" date="2025-07-15T20:52:15.860" /><!-- duration: 17ms -->
          <step title="C:\home\site\repository\Backend\Services\ChatService.cs(82,39): warning CS8600: Converting null literal or possible null value to non-nullable type. [C:\home\site\repository\Backend\Backend.csproj]" date="2025-07-15T20:52:15.894" /><!-- duration: 12ms -->
          <step title="C:\home\site\repository\Backend\Services\ChatService.cs(110,100): warning CS8604: Possible null reference argument for parameter &apos;userMessage&apos; in &apos;string IDocumentContextService.PrepareDocumentContext(DocumentInfo documentInfo, string userMessage)&apos;. [C:\home\site\repository\Backend\Backend.csproj]" date="2025-07-15T20:52:15.906" /><!-- duration: 0ms -->
          <step title="C:\home\site\repository\Backend\Services\ChatService.cs(148,54): warning CS8600: Converting null literal or possible null value to non-nullable type. [C:\home\site\repository\Backend\Backend.csproj]" date="2025-07-15T20:52:15.938" /><!-- duration: 0ms -->
          <step title="C:\home\site\repository\Backend\Services\ChatService.cs(188,28): warning CS8603: Possible null reference return. [C:\home\site\repository\Backend\Backend.csproj]" date="2025-07-15T20:52:15.953" /><!-- duration: 0ms -->
          <step title="C:\home\site\repository\Backend\Controllers\ChatController.cs(330,43): warning CS8600: Converting null literal or possible null value to non-nullable type. [C:\home\site\repository\Backend\Backend.csproj]" date="2025-07-15T20:52:15.969" /><!-- duration: 0ms -->
          <step title="C:\home\site\repository\Backend\Controllers\ChatController.cs(345,69): warning CS8604: Possible null reference argument for parameter &apos;message&apos; in &apos;Task&lt;IActionResult&gt; DocumentChatController.ChatWithFile(IFormFile file, string message, string? clientSessionId = null)&apos;. [C:\home\site\repository\Backend\Backend.csproj]" date="2025-07-15T20:52:16.000" /><!-- duration: 0ms -->
          <step title="C:\home\site\repository\Backend\Controllers\ChatController.cs(385,39): warning CS8600: Converting null literal or possible null value to non-nullable type. [C:\home\site\repository\Backend\Backend.csproj]" date="2025-07-15T20:52:16.016" /><!-- duration: 0ms -->
          <step title="C:\home\site\repository\Backend\Controllers\ChatController.cs(427,46): warning CS8600: Converting null literal or possible null value to non-nullable type. [C:\home\site\repository\Backend\Backend.csproj]" date="2025-07-15T20:52:16.031" /><!-- duration: 0ms -->
          <step title="C:\home\site\repository\Backend\Services\DocumentPersistenceService.cs(73,36): warning CS8600: Converting null literal or possible null value to non-nullable type. [C:\home\site\repository\Backend\Backend.csproj]" date="2025-07-15T20:52:16.063" /><!-- duration: 15ms -->
          <step title="C:\home\site\repository\Backend\Services\DocumentPersistenceService.cs(89,45): warning CS8601: Possible null reference assignment. [C:\home\site\repository\Backend\Backend.csproj]" date="2025-07-15T20:52:16.110" /><!-- duration: 0ms -->
          <step title="C:\home\site\repository\Backend\Services\DocumentPersistenceService.cs(92,43): warning CS8601: Possible null reference assignment. [C:\home\site\repository\Backend\Backend.csproj]" date="2025-07-15T20:52:16.208" /><!-- duration: 74ms -->
          <step title="C:\home\site\repository\Backend\Services\DocumentPersistenceService.cs(107,41): warning CS8601: Possible null reference assignment. [C:\home\site\repository\Backend\Backend.csproj]" date="2025-07-15T20:52:16.360" /><!-- duration: 144ms -->
          <step title="C:\home\site\repository\Backend\Services\DocumentPersistenceService.cs(110,39): warning CS8601: Possible null reference assignment. [C:\home\site\repository\Backend\Backend.csproj]" date="2025-07-15T20:52:17.156" /><!-- duration: 94ms -->
          <step title="C:\home\site\repository\Backend\Services\DocumentPersistenceService.cs(122,50): warning CS8602: Dereference of a possibly null reference. [C:\home\site\repository\Backend\Backend.csproj]" date="2025-07-15T20:52:18.142" /><!-- duration: 77ms -->
          <step title="C:\home\site\repository\Backend\Services\LegacyEndpointHandler.cs(75,41): warning CS8601: Possible null reference assignment. [C:\home\site\repository\Backend\Backend.csproj]" date="2025-07-15T20:52:18.301" /><!-- duration: 58ms -->
          <step title="C:\home\site\repository\Backend\Services\LegacyEndpointHandler.cs(124,39): warning CS8600: Converting null literal or possible null value to non-nullable type. [C:\home\site\repository\Backend\Backend.csproj]" date="2025-07-15T20:52:18.406" /><!-- duration: 47ms -->
          <step title="C:\home\site\repository\Backend\Services\LegacyEndpointHandler.cs(126,38): warning CS8602: Dereference of a possibly null reference. [C:\home\site\repository\Backend\Backend.csproj]" date="2025-07-15T20:52:18.531" /><!-- duration: 110ms -->
          <step title="C:\home\site\repository\Backend\Services\DocumentPersistenceService.cs(190,24): warning CS8603: Possible null reference return. [C:\home\site\repository\Backend\Backend.csproj]" date="2025-07-15T20:52:18.797" /><!-- duration: 96ms -->
          <step title="C:\home\site\repository\Backend\Services\DocumentPersistenceService.cs(227,32): warning CS8603: Possible null reference return. [C:\home\site\repository\Backend\Backend.csproj]" date="2025-07-15T20:52:19.375" /><!-- duration: 158ms -->
          <step title="C:\home\site\repository\Backend\Services\DocumentPersistenceService.cs(302,40): warning CS8603: Possible null reference return. [C:\home\site\repository\Backend\Backend.csproj]" date="2025-07-15T20:52:19.641" /><!-- duration: 234ms -->
          <step title="C:\home\site\repository\Backend\Services\DocumentPersistenceService.cs(318,32): warning CS8603: Possible null reference return. [C:\home\site\repository\Backend\Backend.csproj]" date="2025-07-15T20:52:20.016" /><!-- duration: 109ms -->
          <step title="C:\home\site\repository\Backend\Services\DocumentPersistenceService.cs(332,20): warning CS8603: Possible null reference return. [C:\home\site\repository\Backend\Backend.csproj]" date="2025-07-15T20:52:20.266" /><!-- duration: 79ms -->
          <step title="C:\home\site\repository\Backend\Services\DocumentContextService.cs(396,41): warning CS1998: This async method lacks &apos;await&apos; operators and will run synchronously. Consider using the &apos;await&apos; operator to await non-blocking API calls, or &apos;await Task.Run(...)&apos; to do CPU-bound work on a background thread. [C:\home\site\repository\Backend\Backend.csproj]" date="2025-07-15T20:52:20.458" /><!-- duration: 47ms -->
          <step title="C:\home\site\repository\Backend\Services\DocumentProcessingService.cs(127,28): warning CS8602: Dereference of a possibly null reference. [C:\home\site\repository\Backend\Backend.csproj]" date="2025-07-15T20:52:20.688" /><!-- duration: 65ms -->
          <step title="C:\home\site\repository\Backend\Services\DocumentProcessingService.cs(127,28): warning CS8602: Dereference of a possibly null reference. [C:\home\site\repository\Backend\Backend.csproj]" date="2025-07-15T20:52:20.941" /><!-- duration: 75ms -->
          <step title="C:\home\site\repository\Backend\Services\DocumentProcessingService.cs(147,45): warning CS8602: Dereference of a possibly null reference. [C:\home\site\repository\Backend\Backend.csproj]" date="2025-07-15T20:52:21.503" /><!-- duration: 94ms -->
          <step title="C:\home\site\repository\Backend\Services\DocumentProcessingService.cs(155,81): warning CS8604: Possible null reference argument for parameter &apos;id&apos; in &apos;OpenXmlPart OpenXmlPartContainer.GetPartById(string id)&apos;. [C:\home\site\repository\Backend\Backend.csproj]" date="2025-07-15T20:52:21.798" /><!-- duration: 78ms -->
          <step title="C:\home\site\repository\Backend\Services\DocumentProcessingService.cs(168,64): warning CS8604: Possible null reference argument for parameter &apos;sharedStringTable&apos; in &apos;string DocumentProcessingService.GetCellValue(Cell cell, SharedStringTable sharedStringTable)&apos;. [C:\home\site\repository\Backend\Backend.csproj]" date="2025-07-15T20:52:22.063" /><!-- duration: 784ms -->
          <step title="C:\home\site\repository\Backend\Controllers\ChatController.cs(412,31): warning CA2022: Avoid inexact read with &apos;System.IO.Stream.ReadAsync(byte[], int, int)&apos; (https://learn.microsoft.com/dotnet/fundamentals/code-analysis/quality-rules/ca2022) [C:\home\site\repository\Backend\Backend.csproj]" date="2025-07-15T20:52:23.597" /><!-- duration: 60ms -->
          <step title="  Backend -&gt; C:\home\site\repository\Backend\bin\Release\net9.0\Backend.dll" date="2025-07-15T20:52:23.844" /><!-- duration: 83ms -->
          <step title="  Backend -&gt; C:\local\Temp\8ddc3e161a74772\" date="2025-07-15T20:52:26.036" /><!-- duration: 29ms -->
          <step title="Creating app_offline.htm" date="2025-07-15T20:52:34.000" /><!-- duration: 219ms -->
          <step title="KuduSync.NET from: &apos;C:\local\Temp\8ddc3e161a74772&apos; to: &apos;C:\home\site\wwwroot&apos;" date="2025-07-15T20:52:34.344" /><!-- duration: 94ms -->
          <step title="Copying file: &apos;Backend.dll&apos;" date="2025-07-15T20:52:34.504" /><!-- duration: 29ms -->
          <step title="Copying file: &apos;Backend.exe&apos;" date="2025-07-15T20:52:34.563" /><!-- duration: 66ms -->
          <step title="Copying file: &apos;Backend.pdb&apos;" date="2025-07-15T20:52:34.735" /><!-- duration: 0ms -->
          <step title="Deleting app_offline.htm" date="2025-07-15T20:52:34.829" /><!-- duration: 47ms -->
          <step title="Finished successfully." date="2025-07-15T20:52:34.924" /><!-- duration: 66ms -->
        </step><!-- duration: 61624ms -->
        <step title="Running post deployment command(s)..." date="2025-07-15T20:52:35.347" /><!-- duration: 60ms -->
        <step title="Triggering recycle (preview mode disabled)." date="2025-07-15T20:52:35.752" /><!-- duration: 108ms -->
        <step title="Ignoring FS watcher based recycle request as this is a classic Windows app." date="2025-07-15T20:52:35.953" /><!-- duration: 36ms -->
        <step title="Deployment successful. DEPLOYMENTINFO: deployer = GitHub, os = windows, sku = Standard, siteName = site-net, siteHostName = site-net-rrai-blue-fsgabaardkdhhnhf.centralus-01.azurewebsites.net, deploymentStatus = Success" date="2025-07-15T20:52:36.440" /><!-- duration: 29ms -->
        <step title="Purge deployment items" date="2025-07-15T20:52:37.098" >
          <step title="Remove 4137065af, Success, received at 7/3/2025 3:16:19 PM" date="2025-07-15T20:52:37.267" /><!-- duration: 19ms -->
        </step><!-- duration: 199ms -->
      </step><!-- duration: 64326ms -->
    </step><!-- duration: 64889ms -->
    <step title="Cleaning up temp files" date="2025-07-15T20:52:37.378" /><!-- duration: 184ms -->
    <step title="Skip function trigger and logicapp sync because function is not enabled." date="2025-07-15T20:52:37.580" /><!-- duration: 14ms -->
  </step><!-- duration: 67310ms -->
  <step title="LockFile &apos;C:\home\site\locks\deployments.lock&apos; released" date="2025-07-15T20:52:37.675" /><!-- duration: 153ms -->
  <step title="Deleting shutdown sentinel file" date="2025-07-15T20:52:38.036" SemaphoreCount="8" /><!-- duration: 138ms -->
</step><!-- duration: 68060ms -->
