<step title="BackgroundTrace" date="2025-07-15T19:59:28.289" instance="15b9d3" url="/deploy" method="POST" >
  <step title="Updating shutdown sentinel last write time" date="2025-07-15T19:59:28.324" SemaphoreCount="7" /><!-- duration: 12ms -->
  <step title="LockFile &apos;C:\home\site\locks\deployments.lock&apos; acquired" date="2025-07-15T19:59:28.336" /><!-- duration: 0ms -->
  <step title="Creating temporary deployment" date="2025-07-15T19:59:28.352" /><!-- duration: 46ms -->
  <step title="Performing fetch based deployment" date="2025-07-15T19:59:28.398" >
    <step title="Fetching changes." date="2025-07-15T19:59:28.587" /><!-- duration: 15ms -->
    <step title="Before sending BuildRequestReceived status to /api/updatedeploystatus" date="2025-07-15T19:59:29.713" /><!-- duration: 13ms -->
    <step title="DeploymentManager.Deploy(id:64cd2b899781850aa7d53d5c20284b8ab66da6af)" date="2025-07-15T19:59:29.825" >
      <step title="Collecting changeset information" date="2025-07-15T19:59:29.852" /><!-- duration: 62ms -->
      <step title="Updating submodules" date="2025-07-15T19:59:29.992" >
        <step title="Updating submodules." date="2025-07-15T19:59:30.200" /><!-- duration: 11ms -->
      </step><!-- duration: 255ms -->
      <step title="Preparing deployment for commit id &apos;64cd2b8997&apos;." date="2025-07-15T19:59:30.383" /><!-- duration: 33ms -->
      <step title="Determining deployment builder" date="2025-07-15T19:59:30.511" >
        <step title="Builder is CustomBuilder" date="2025-07-15T19:59:30.523" /><!-- duration: 16ms -->
      </step><!-- duration: 29ms -->
      <step title="Copying SSH keys" date="2025-07-15T19:59:30.587" /><!-- duration: 30ms -->
      <step title="Building" date="2025-07-15T19:59:30.617" >
        <step title="Running custom deployment command..." date="2025-07-15T19:59:30.807" /><!-- duration: 13ms -->
        <step title="Running deployment command..." date="2025-07-15T19:59:30.914" /><!-- duration: 47ms -->
        <step title="Command: deploy.cmd" date="2025-07-15T19:59:30.992" /><!-- duration: 16ms -->
        <step title="Executing external process" date="2025-07-15T19:59:31.086" type="process" path="starter.cmd" arguments="deploy.cmd" >
          <step title="Handling ASP.NET Core Web Application deployment." date="2025-07-15T19:59:32.635" /><!-- duration: 19ms -->
          <step title="  Determining projects to restore..." date="2025-07-15T19:59:41.621" /><!-- duration: 12ms -->
          <step title="  All projects are up-to-date for restore." date="2025-07-15T19:59:44.196" /><!-- duration: 0ms -->
          <step title="C:\home\site\repository\Backend\Program.cs(51,9): error CS1503: Argument 4: cannot convert from &apos;Backend.Services.IDocumentContextService&apos; to &apos;Backend.Services.DocumentContextService&apos; [C:\home\site\repository\Backend\Backend.csproj]" date="2025-07-15T20:00:45.870" /><!-- duration: 45ms -->
          <step title="C:\home\site\repository\Backend\Program.cs(52,9): error CS1503: Argument 5: cannot convert from &apos;Backend.Services.IChatAnalysisService&apos; to &apos;Backend.Services.ChatAnalysisService&apos; [C:\home\site\repository\Backend\Backend.csproj]" date="2025-07-15T20:00:45.946" /><!-- duration: 16ms -->
          <step title="C:\home\site\repository\Backend\Program.cs(53,9): error CS1503: Argument 6: cannot convert from &apos;Backend.Services.IPromptEngineeringService&apos; to &apos;Backend.Services.PromptEngineeringService&apos; [C:\home\site\repository\Backend\Backend.csproj]" date="2025-07-15T20:00:45.977" /><!-- duration: 20ms -->
          <step title="C:\home\site\repository\Backend\Program.cs(58,18): error CS0311: The type &apos;Backend.Services.DocumentProcessingService&apos; cannot be used as type parameter &apos;TImplementation&apos; in the generic type or method &apos;ServiceCollectionServiceExtensions.AddTransient&lt;TService, TImplementation&gt;(IServiceCollection)&apos;. There is no implicit reference conversion from &apos;Backend.Services.DocumentProcessingService&apos; to &apos;Backend.Services.IDocumentProcessingService&apos;. [C:\home\site\repository\Backend\Backend.csproj]" date="2025-07-15T20:00:46.026" /><!-- duration: 13ms -->
          <step title="C:\home\site\repository\Backend\Program.cs(65,18): error CS0311: The type &apos;Backend.Services.ChatAnalysisService&apos; cannot be used as type parameter &apos;TImplementation&apos; in the generic type or method &apos;ServiceCollectionServiceExtensions.AddScoped&lt;TService, TImplementation&gt;(IServiceCollection)&apos;. There is no implicit reference conversion from &apos;Backend.Services.ChatAnalysisService&apos; to &apos;Backend.Services.IChatAnalysisService&apos;. [C:\home\site\repository\Backend\Backend.csproj]" date="2025-07-15T20:00:46.087" /><!-- duration: 18ms -->
          <step title="C:\home\site\repository\Backend\Program.cs(92,17): error CS1503: Argument 1: cannot convert from &apos;Azure.AzureKeyCredential&apos; to &apos;string&apos; [C:\home\site\repository\Backend\Backend.csproj]" date="2025-07-15T20:00:46.134" /><!-- duration: 18ms -->
          <step title="C:\home\site\repository\Backend\Program.cs(113,17): error CS1503: Argument 1: cannot convert from &apos;Azure.AzureKeyCredential&apos; to &apos;string&apos; [C:\home\site\repository\Backend\Backend.csproj]" date="2025-07-15T20:00:46.181" /><!-- duration: 0ms -->
          <step title="C:\home\site\repository\Backend\Program.cs(122,13): error CS1503: Argument 1: cannot convert from &apos;Azure.AzureKeyCredential&apos; to &apos;string&apos; [C:\home\site\repository\Backend\Backend.csproj]" date="2025-07-15T20:00:46.212" /><!-- duration: 16ms -->
          <step title="C:\home\site\repository\Backend\Program.cs(101,25): warning CS8604: Possible null reference argument for parameter &apos;uriString&apos; in &apos;Uri.Uri(string uriString)&apos;. [C:\home\site\repository\Backend\Backend.csproj]" date="2025-07-15T20:00:46.274" /><!-- duration: 18ms -->
          <step title="C:\home\site\repository\Backend\Program.cs(102,46): warning CS8604: Possible null reference argument for parameter &apos;key&apos; in &apos;AzureKeyCredential.AzureKeyCredential(string key)&apos;. [C:\home\site\repository\Backend\Backend.csproj]" date="2025-07-15T20:00:46.321" /><!-- duration: 18ms -->
          <step title="C:\home\site\repository\Backend\Program.cs(154,9): warning CS8602: Dereference of a possibly null reference. [C:\home\site\repository\Backend\Backend.csproj]" date="2025-07-15T20:00:46.386" /><!-- duration: 19ms -->
          <step title="C:\home\site\repository\Backend\Services\LegacyEndpointHandler.cs(158,55): error CS1061: &apos;IDocumentPersistenceService&apos; does not contain a definition for &apos;StoreDocumentAsync&apos; and no accessible extension method &apos;StoreDocumentAsync&apos; accepting a first argument of type &apos;IDocumentPersistenceService&apos; could be found (are you missing a using directive or an assembly reference?) [C:\home\site\repository\Backend\Backend.csproj]" date="2025-07-15T20:00:46.415" /><!-- duration: 18ms -->
          <step title="C:\home\site\repository\Backend\Services\LegacyEndpointHandler.cs(164,59): error CS1061: &apos;IDocumentPersistenceService&apos; does not contain a definition for &apos;StoreDocumentAsync&apos; and no accessible extension method &apos;StoreDocumentAsync&apos; accepting a first argument of type &apos;IDocumentPersistenceService&apos; could be found (are you missing a using directive or an assembly reference?) [C:\home\site\repository\Backend\Backend.csproj]" date="2025-07-15T20:00:46.462" /><!-- duration: 18ms -->
          <step title="C:\home\site\repository\Backend\Services\LegacyEndpointHandler.cs(74,41): warning CS8601: Possible null reference assignment. [C:\home\site\repository\Backend\Backend.csproj]" date="2025-07-15T20:00:46.493" /><!-- duration: 16ms -->
          <step title="C:\home\site\repository\Backend\Services\LegacyEndpointHandler.cs(123,39): warning CS8600: Converting null literal or possible null value to non-nullable type. [C:\home\site\repository\Backend\Backend.csproj]" date="2025-07-15T20:00:46.540" /><!-- duration: 16ms -->
          <step title="C:\home\site\repository\Backend\Services\LegacyEndpointHandler.cs(125,38): warning CS8602: Dereference of a possibly null reference. [C:\home\site\repository\Backend\Backend.csproj]" date="2025-07-15T20:00:46.587" /><!-- duration: 16ms -->
          <step title="C:\home\site\repository\Backend\Services\LegacyEndpointHandler.cs(187,40): warning CS8602: Dereference of a possibly null reference. [C:\home\site\repository\Backend\Backend.csproj]" date="2025-07-15T20:00:46.621" /><!-- duration: 12ms -->
          <step title="C:\home\site\repository\Backend\Services\DocumentProcessingService.cs(126,28): warning CS8602: Dereference of a possibly null reference. [C:\home\site\repository\Backend\Backend.csproj]" date="2025-07-15T20:00:46.649" /><!-- duration: 19ms -->
          <step title="C:\home\site\repository\Backend\Services\DocumentProcessingService.cs(126,28): warning CS8602: Dereference of a possibly null reference. [C:\home\site\repository\Backend\Backend.csproj]" date="2025-07-15T20:00:46.697" /><!-- duration: 19ms -->
          <step title="C:\home\site\repository\Backend\Services\DocumentProcessingService.cs(146,45): warning CS8602: Dereference of a possibly null reference. [C:\home\site\repository\Backend\Backend.csproj]" date="2025-07-15T20:00:46.727" /><!-- duration: 17ms -->
          <step title="C:\home\site\repository\Backend\Services\DocumentProcessingService.cs(154,81): warning CS8604: Possible null reference argument for parameter &apos;id&apos; in &apos;OpenXmlPart OpenXmlPartContainer.GetPartById(string id)&apos;. [C:\home\site\repository\Backend\Backend.csproj]" date="2025-07-15T20:00:46.774" /><!-- duration: 0ms -->
          <step title="C:\home\site\repository\Backend\Services\DocumentProcessingService.cs(167,64): warning CS8604: Possible null reference argument for parameter &apos;sharedStringTable&apos; in &apos;string DocumentProcessingService.GetCellValue(Cell cell, SharedStringTable sharedStringTable)&apos;. [C:\home\site\repository\Backend\Backend.csproj]" date="2025-07-15T20:00:46.821" /><!-- duration: 18ms -->
          <step title="C:\home\site\repository\Backend\Services\DocumentPersistenceService.cs(72,36): warning CS8600: Converting null literal or possible null value to non-nullable type. [C:\home\site\repository\Backend\Backend.csproj]" date="2025-07-15T20:00:46.868" /><!-- duration: 0ms -->
          <step title="C:\home\site\repository\Backend\Services\DocumentPersistenceService.cs(88,45): warning CS8601: Possible null reference assignment. [C:\home\site\repository\Backend\Backend.csproj]" date="2025-07-15T20:00:46.899" /><!-- duration: 16ms -->
          <step title="C:\home\site\repository\Backend\Services\DocumentPersistenceService.cs(91,43): warning CS8601: Possible null reference assignment. [C:\home\site\repository\Backend\Backend.csproj]" date="2025-07-15T20:00:46.934" /><!-- duration: 12ms -->
          <step title="C:\home\site\repository\Backend\Services\DocumentPersistenceService.cs(106,41): warning CS8601: Possible null reference assignment. [C:\home\site\repository\Backend\Backend.csproj]" date="2025-07-15T20:00:46.981" /><!-- duration: 12ms -->
          <step title="C:\home\site\repository\Backend\Services\DocumentPersistenceService.cs(109,39): warning CS8601: Possible null reference assignment. [C:\home\site\repository\Backend\Backend.csproj]" date="2025-07-15T20:00:47.009" /><!-- duration: 19ms -->
          <step title="C:\home\site\repository\Backend\Services\DocumentPersistenceService.cs(121,50): warning CS8602: Dereference of a possibly null reference. [C:\home\site\repository\Backend\Backend.csproj]" date="2025-07-15T20:00:47.056" /><!-- duration: 66ms -->
          <step title="C:\home\site\repository\Backend\Services\DocumentPersistenceService.cs(189,24): warning CS8603: Possible null reference return. [C:\home\site\repository\Backend\Backend.csproj]" date="2025-07-15T20:00:47.151" /><!-- duration: 156ms -->
          <step title="C:\home\site\repository\Backend\Services\DocumentPersistenceService.cs(226,32): warning CS8603: Possible null reference return. [C:\home\site\repository\Backend\Backend.csproj]" date="2025-07-15T20:00:47.401" /><!-- duration: 47ms -->
          <step title="C:\home\site\repository\Backend\Services\DocumentPersistenceService.cs(301,40): warning CS8603: Possible null reference return. [C:\home\site\repository\Backend\Backend.csproj]" date="2025-07-15T20:00:47.467" /><!-- duration: 11ms -->
          <step title="C:\home\site\repository\Backend\Services\DocumentPersistenceService.cs(317,32): warning CS8603: Possible null reference return. [C:\home\site\repository\Backend\Backend.csproj]" date="2025-07-15T20:00:47.494" /><!-- duration: 0ms -->
          <step title="C:\home\site\repository\Backend\Services\DocumentPersistenceService.cs(331,20): warning CS8603: Possible null reference return. [C:\home\site\repository\Backend\Backend.csproj]" date="2025-07-15T20:00:47.524" /><!-- duration: 18ms -->
          <step title="C:\home\site\repository\Backend\Models\ChatModels.cs(27,23): warning CS8618: Non-nullable property &apos;DocumentInfo&apos; must contain a non-null value when exiting constructor. Consider adding the &apos;required&apos; modifier or declaring the property as nullable. [C:\home\site\repository\Backend\Backend.csproj]" date="2025-07-15T20:00:47.571" /><!-- duration: 0ms -->
          <step title="C:\home\site\repository\Backend\Controllers\DocumentChatController.cs(169,55): error CS1061: &apos;IDocumentPersistenceService&apos; does not contain a definition for &apos;StoreDocumentAsync&apos; and no accessible extension method &apos;StoreDocumentAsync&apos; accepting a first argument of type &apos;IDocumentPersistenceService&apos; could be found (are you missing a using directive or an assembly reference?) [C:\home\site\repository\Backend\Backend.csproj]" date="2025-07-15T20:00:47.608" /><!-- duration: 0ms -->
          <step title="C:\home\site\repository\Backend\Controllers\DocumentChatController.cs(175,59): error CS1061: &apos;IDocumentPersistenceService&apos; does not contain a definition for &apos;StoreDocumentAsync&apos; and no accessible extension method &apos;StoreDocumentAsync&apos; accepting a first argument of type &apos;IDocumentPersistenceService&apos; could be found (are you missing a using directive or an assembly reference?) [C:\home\site\repository\Backend\Backend.csproj]" date="2025-07-15T20:00:47.636" /><!-- duration: 13ms -->
          <step title="C:\home\site\repository\Backend\Controllers\DocumentChatController.cs(158,47): warning CS8600: Converting null literal or possible null value to non-nullable type. [C:\home\site\repository\Backend\Backend.csproj]" date="2025-07-15T20:00:47.683" /><!-- duration: 0ms -->
          <step title="C:\home\site\repository\Backend\Controllers\DocumentChatController.cs(162,44): warning CS8600: Converting null literal or possible null value to non-nullable type. [C:\home\site\repository\Backend\Backend.csproj]" date="2025-07-15T20:00:47.712" /><!-- duration: 19ms -->
          <step title="C:\home\site\repository\Backend\Controllers\DocumentChatController.cs(230,36): warning CS8602: Dereference of a possibly null reference. [C:\home\site\repository\Backend\Backend.csproj]" date="2025-07-15T20:00:47.743" /><!-- duration: 19ms -->
          <step title="C:\home\site\repository\Backend\Controllers\DocumentChatController.cs(256,47): warning CS8600: Converting null literal or possible null value to non-nullable type. [C:\home\site\repository\Backend\Backend.csproj]" date="2025-07-15T20:00:47.774" /><!-- duration: 16ms -->
          <step title="C:\home\site\repository\Backend\Controllers\ConfigController.cs(82,35): warning CS8600: Converting null literal or possible null value to non-nullable type. [C:\home\site\repository\Backend\Backend.csproj]" date="2025-07-15T20:00:47.837" /><!-- duration: 47ms -->
          <step title="C:\home\site\repository\Backend\Controllers\ConfigController.cs(83,36): warning CS8600: Converting null literal or possible null value to non-nullable type. [C:\home\site\repository\Backend\Backend.csproj]" date="2025-07-15T20:00:47.915" /><!-- duration: 16ms -->
          <step title="C:\home\site\repository\Backend\Controllers\ChatController.cs(83,45): warning CS8600: Converting null literal or possible null value to non-nullable type. [C:\home\site\repository\Backend\Backend.csproj]" date="2025-07-15T20:00:47.978" /><!-- duration: 19ms -->
          <step title="C:\home\site\repository\Backend\Controllers\ChatController.cs(327,38): error CS0103: The name &apos;_documentChatController&apos; does not exist in the current context [C:\home\site\repository\Backend\Backend.csproj]" date="2025-07-15T20:00:48.025" /><!-- duration: 19ms -->
          <step title="C:\home\site\repository\Backend\Controllers\ChatController.cs(367,39): warning CS8600: Converting null literal or possible null value to non-nullable type. [C:\home\site\repository\Backend\Backend.csproj]" date="2025-07-15T20:00:48.055" /><!-- duration: 20ms -->
          <step title="C:\home\site\repository\Backend\Controllers\ChatController.cs(409,46): warning CS8600: Converting null literal or possible null value to non-nullable type. [C:\home\site\repository\Backend\Backend.csproj]" date="2025-07-15T20:00:48.104" /><!-- duration: 0ms -->
          <step title="C:\home\site\repository\Backend\Services\DocumentContextService.cs(395,41): warning CS1998: This async method lacks &apos;await&apos; operators and will run synchronously. Consider using the &apos;await&apos; operator to await non-blocking API calls, or &apos;await Task.Run(...)&apos; to do CPU-bound work on a background thread. [C:\home\site\repository\Backend\Backend.csproj]" date="2025-07-15T20:00:48.134" /><!-- duration: 19ms -->
          <step title="C:\home\site\repository\Backend\Services\AzureFunctionService.cs(142,49): warning CS8604: Possible null reference argument for parameter &apos;oldValue&apos; in &apos;string string.Replace(string oldValue, string? newValue)&apos;. [C:\home\site\repository\Backend\Backend.csproj]" date="2025-07-15T20:00:48.165" /><!-- duration: 16ms -->
          <step title="C:\home\site\repository\Backend\Services\ChatService.cs(77,42): warning CS8600: Converting null literal or possible null value to non-nullable type. [C:\home\site\repository\Backend\Backend.csproj]" date="2025-07-15T20:00:48.212" /><!-- duration: 0ms -->
          <step title="C:\home\site\repository\Backend\Services\ChatService.cs(105,100): warning CS8604: Possible null reference argument for parameter &apos;userMessage&apos; in &apos;string DocumentContextService.PrepareDocumentContext(DocumentInfo documentInfo, string userMessage)&apos;. [C:\home\site\repository\Backend\Backend.csproj]" date="2025-07-15T20:00:48.247" /><!-- duration: 636ms -->
          <step title="C:\home\site\repository\Backend\Services\ChatService.cs(132,54): warning CS8600: Converting null literal or possible null value to non-nullable type. [C:\home\site\repository\Backend\Backend.csproj]" date="2025-07-15T20:00:49.071" /><!-- duration: 65ms -->
          <step title="C:\home\site\repository\Backend\Services\ChatService.cs(172,28): warning CS8603: Possible null reference return. [C:\home\site\repository\Backend\Backend.csproj]" date="2025-07-15T20:00:49.243" /><!-- duration: 16ms -->
          <step title="C:\home\site\repository\Backend\Controllers\ChatController.cs(394,31): warning CA2022: Avoid inexact read with &apos;System.IO.Stream.ReadAsync(byte[], int, int)&apos; (https://learn.microsoft.com/dotnet/fundamentals/code-analysis/quality-rules/ca2022) [C:\home\site\repository\Backend\Backend.csproj]" date="2025-07-15T20:00:49.307" /><!-- duration: 0ms -->
          <step title="Failed exitCode=1, command=dotnet publish &quot;C:\home\site\repository\Backend\Backend.csproj&quot; --configuration Release --output &quot;C:\local\Temp\8ddc3da1c8a56a0&quot; --no-restore" date="2025-07-15T20:00:49.337" /><!-- duration: 0ms -->
          <step title="An error has occurred during web site deployment." date="2025-07-15T20:00:49.353" /><!-- duration: 19ms -->
          <step title="Process dump" date="2025-07-15T20:00:49.384" exitCode="255" type="processOutput" /><!-- duration: 17ms -->
        </step><!-- duration: 78315ms -->
        <step title="
C:\Program Files (x86)\SiteExtensions\Kudu\103.250502.001\bin\Scripts\starter.cmd deploy.cmd DEPLOYMENTINFO: deployer = GitHub, os = windows, sku = Standard, siteName = site-net, siteHostName = site-net-rrai-blue-fsgabaardkdhhnhf.centralus-01.azurewebsites.net, deploymentStatus = Error" date="2025-07-15T20:00:49.431" /><!-- duration: 19ms -->
        <step title="Error occurred" date="2025-07-15T20:00:49.478" type="error" text="
C:\Program Files (x86)\SiteExtensions\Kudu\103.250502.001\bin\Scripts\starter.cmd deploy.cmd" stackTrace="   at Kudu.Core.Infrastructure.Executable.ExecuteInternal(ITracer tracer, Func`2 onWriteOutput, Func`2 onWriteError, Encoding encoding, String arguments, Object[] args)
   at Kudu.Core.Infrastructure.Executable.ExecuteWithProgressWriter(ILogger logger, ITracer tracer, String arguments, Object[] args)
   at Kudu.Core.Deployment.Generator.ExternalCommandBuilder.RunCommand(DeploymentContext context, String command, Boolean ignoreManifest, String message)" /><!-- duration: 0ms -->
      </step><!-- duration: 79157ms -->
      <step title="Error occurred" date="2025-07-15T20:00:49.790" type="error" text="
C:\Program Files (x86)\SiteExtensions\Kudu\103.250502.001\bin\Scripts\starter.cmd deploy.cmd" stackTrace="   at Kudu.Core.Infrastructure.Executable.ExecuteInternal(ITracer tracer, Func`2 onWriteOutput, Func`2 onWriteError, Encoding encoding, String arguments, Object[] args)
   at Kudu.Core.Infrastructure.Executable.ExecuteWithProgressWriter(ILogger logger, ITracer tracer, String arguments, Object[] args)
   at Kudu.Core.Deployment.Generator.ExternalCommandBuilder.RunCommand(DeploymentContext context, String command, Boolean ignoreManifest, String message)
   at Kudu.Core.Deployment.Generator.CustomBuilder.Build(DeploymentContext context)
--- End of stack trace from previous location where exception was thrown ---
   at System.Runtime.CompilerServices.TaskAwaiter.ThrowForNonSuccess(Task task)
   at System.Runtime.CompilerServices.TaskAwaiter.HandleNonSuccessAndDebuggerNotification(Task task)
   at System.Runtime.CompilerServices.TaskAwaiter.ValidateEnd(Task task)
   at Kudu.Core.Deployment.DeploymentManager.&lt;Build&gt;d__38.MoveNext()" /><!-- duration: 19ms -->
      <step title="Deployment Failed. DEPLOYMENTINFO: deployer = GitHub, os = windows, sku = Standard, siteName = site-net, siteHostName = site-net-rrai-blue-fsgabaardkdhhnhf.centralus-01.azurewebsites.net, deploymentStatus = Failed" date="2025-07-15T20:00:49.821" /><!-- duration: 16ms -->
    </step><!-- duration: 80012ms -->
    <step title="Cleaning up temp files" date="2025-07-15T20:00:49.856" /><!-- duration: 12ms -->
  </step><!-- duration: 81549ms -->
  <step title="LockFile &apos;C:\home\site\locks\deployments.lock&apos; released" date="2025-07-15T20:00:49.963" /><!-- duration: 16ms -->
  <step title="Deleting shutdown sentinel file" date="2025-07-15T20:00:50.009" SemaphoreCount="8" /><!-- duration: 16ms -->
</step><!-- duration: 81751ms -->
