<step title="BackgroundTrace" date="2025-07-15T20:25:16.867" instance="15b9d3" url="/deploy" method="POST" >
  <step title="Updating shutdown sentinel last write time" date="2025-07-15T20:25:17.913" SemaphoreCount="7" /><!-- duration: 0ms -->
  <step title="LockFile &apos;C:\home\site\locks\deployments.lock&apos; acquired" date="2025-07-15T20:25:17.927" /><!-- duration: 0ms -->
  <step title="Creating temporary deployment" date="2025-07-15T20:25:17.942" /><!-- duration: 78ms -->
  <step title="Performing fetch based deployment" date="2025-07-15T20:25:18.037" >
    <step title="Fetching changes." date="2025-07-15T20:25:18.130" /><!-- duration: 16ms -->
    <step title="Before sending BuildRequestReceived status to /api/updatedeploystatus" date="2025-07-15T20:25:20.302" /><!-- duration: 0ms -->
    <step title="DeploymentManager.Deploy(id:6772537c921d0281803b9597df56c4f78478b0e4)" date="2025-07-15T20:25:20.380" >
      <step title="Collecting changeset information" date="2025-07-15T20:25:20.411" /><!-- duration: 62ms -->
      <step title="Updating submodules" date="2025-07-15T20:25:20.505" >
        <step title="Updating submodules." date="2025-07-15T20:25:20.599" /><!-- duration: 16ms -->
      </step><!-- duration: 129ms -->
      <step title="Preparing deployment for commit id &apos;6772537c92&apos;." date="2025-07-15T20:25:20.724" /><!-- duration: 16ms -->
      <step title="Determining deployment builder" date="2025-07-15T20:25:20.851" >
        <step title="Builder is CustomBuilder" date="2025-07-15T20:25:20.864" /><!-- duration: 0ms -->
      </step><!-- duration: 29ms -->
      <step title="Copying SSH keys" date="2025-07-15T20:25:20.914" /><!-- duration: 29ms -->
      <step title="Building" date="2025-07-15T20:25:20.942" >
        <step title="Running custom deployment command..." date="2025-07-15T20:25:21.036" /><!-- duration: 0ms -->
        <step title="Running deployment command..." date="2025-07-15T20:25:21.161" /><!-- duration: 0ms -->
        <step title="Command: deploy.cmd" date="2025-07-15T20:25:21.244" /><!-- duration: 11ms -->
        <step title="Executing external process" date="2025-07-15T20:25:21.302" type="process" path="starter.cmd" arguments="deploy.cmd" >
          <step title="Handling ASP.NET Core Web Application deployment." date="2025-07-15T20:25:25.554" /><!-- duration: 439ms -->
          <step title="  Determining projects to restore..." date="2025-07-15T20:25:30.802" /><!-- duration: 16ms -->
          <step title="  All projects are up-to-date for restore." date="2025-07-15T20:25:33.224" /><!-- duration: 18ms -->
          <step title="C:\home\site\repository\Backend\Services\ChatAnalysisService.cs(12,40): error CS0246: The type or namespace name &apos;IChatAnalysisService&apos; could not be found (are you missing a using directive or an assembly reference?) [C:\home\site\repository\Backend\Backend.csproj]" date="2025-07-15T20:25:51.021" /><!-- duration: 0ms -->
          <step title="C:\home\site\repository\Backend\Services\ChatService.cs(15,32): error CS0246: The type or namespace name &apos;IChatService&apos; could not be found (are you missing a using directive or an assembly reference?) [C:\home\site\repository\Backend\Backend.csproj]" date="2025-07-15T20:25:51.053" /><!-- duration: 17ms -->
          <step title="C:\home\site\repository\Backend\Services\ChatService.cs(20,26): error CS0246: The type or namespace name &apos;IDocumentContextService&apos; could not be found (are you missing a using directive or an assembly reference?) [C:\home\site\repository\Backend\Backend.csproj]" date="2025-07-15T20:25:51.087" /><!-- duration: 28ms -->
          <step title="C:\home\site\repository\Backend\Services\ChatService.cs(21,26): error CS0246: The type or namespace name &apos;IChatAnalysisService&apos; could not be found (are you missing a using directive or an assembly reference?) [C:\home\site\repository\Backend\Backend.csproj]" date="2025-07-15T20:25:51.151" /><!-- duration: 10ms -->
          <step title="C:\home\site\repository\Backend\Services\ChatService.cs(22,26): error CS0246: The type or namespace name &apos;IPromptEngineeringService&apos; could not be found (are you missing a using directive or an assembly reference?) [C:\home\site\repository\Backend\Backend.csproj]" date="2025-07-15T20:25:51.198" /><!-- duration: 0ms -->
          <step title="C:\home\site\repository\Backend\Services\ChatService.cs(33,13): error CS0246: The type or namespace name &apos;IDocumentContextService&apos; could not be found (are you missing a using directive or an assembly reference?) [C:\home\site\repository\Backend\Backend.csproj]" date="2025-07-15T20:25:51.226" /><!-- duration: 0ms -->
          <step title="C:\home\site\repository\Backend\Services\ChatService.cs(34,13): error CS0246: The type or namespace name &apos;IChatAnalysisService&apos; could not be found (are you missing a using directive or an assembly reference?) [C:\home\site\repository\Backend\Backend.csproj]" date="2025-07-15T20:25:51.255" /><!-- duration: 19ms -->
          <step title="C:\home\site\repository\Backend\Services\ChatService.cs(35,13): error CS0246: The type or namespace name &apos;IPromptEngineeringService&apos; could not be found (are you missing a using directive or an assembly reference?) [C:\home\site\repository\Backend\Backend.csproj]" date="2025-07-15T20:25:51.287" /><!-- duration: 16ms -->
          <step title="C:\home\site\repository\Backend\Services\DocumentContextService.cs(14,43): error CS0246: The type or namespace name &apos;IDocumentContextService&apos; could not be found (are you missing a using directive or an assembly reference?) [C:\home\site\repository\Backend\Backend.csproj]" date="2025-07-15T20:25:51.321" /><!-- duration: 0ms -->
          <step title="C:\home\site\repository\Backend\Services\DocumentProcessingService.cs(17,46): error CS0246: The type or namespace name &apos;IDocumentProcessingService&apos; could not be found (are you missing a using directive or an assembly reference?) [C:\home\site\repository\Backend\Backend.csproj]" date="2025-07-15T20:25:51.349" /><!-- duration: 0ms -->
          <step title="C:\home\site\repository\Backend\Services\PromptEngineeringService.cs(12,45): error CS0246: The type or namespace name &apos;IPromptEngineeringService&apos; could not be found (are you missing a using directive or an assembly reference?) [C:\home\site\repository\Backend\Backend.csproj]" date="2025-07-15T20:25:51.368" /><!-- duration: 12ms -->
          <step title="Failed exitCode=1, command=dotnet publish &quot;C:\home\site\repository\Backend\Backend.csproj&quot; --configuration Release --output &quot;C:\local\Temp\8ddc3ddb89cf295&quot; --no-restore" date="2025-07-15T20:25:52.196" /><!-- duration: 13ms -->
          <step title="An error has occurred during web site deployment." date="2025-07-15T20:25:52.241" /><!-- duration: 18ms -->
          <step title="Process dump" date="2025-07-15T20:25:52.365" exitCode="255" type="processOutput" /><!-- duration: 34ms -->
        </step><!-- duration: 31097ms -->
        <step title="
C:\Program Files (x86)\SiteExtensions\Kudu\103.250502.001\bin\Scripts\starter.cmd deploy.cmd DEPLOYMENTINFO: deployer = GitHub, os = windows, sku = Standard, siteName = site-net, siteHostName = site-net-rrai-blue-fsgabaardkdhhnhf.centralus-01.azurewebsites.net, deploymentStatus = Error" date="2025-07-15T20:25:52.427" /><!-- duration: 17ms -->
        <step title="Error occurred" date="2025-07-15T20:25:52.444" type="error" text="
C:\Program Files (x86)\SiteExtensions\Kudu\103.250502.001\bin\Scripts\starter.cmd deploy.cmd" stackTrace="   at Kudu.Core.Infrastructure.Executable.ExecuteInternal(ITracer tracer, Func`2 onWriteOutput, Func`2 onWriteError, Encoding encoding, String arguments, Object[] args)
   at Kudu.Core.Infrastructure.Executable.ExecuteWithProgressWriter(ILogger logger, ITracer tracer, String arguments, Object[] args)
   at Kudu.Core.Deployment.Generator.ExternalCommandBuilder.RunCommand(DeploymentContext context, String command, Boolean ignoreManifest, String message)" /><!-- duration: 19ms -->
      </step><!-- duration: 31891ms -->
      <step title="Error occurred" date="2025-07-15T20:25:52.851" type="error" text="
C:\Program Files (x86)\SiteExtensions\Kudu\103.250502.001\bin\Scripts\starter.cmd deploy.cmd" stackTrace="   at Kudu.Core.Infrastructure.Executable.ExecuteInternal(ITracer tracer, Func`2 onWriteOutput, Func`2 onWriteError, Encoding encoding, String arguments, Object[] args)
   at Kudu.Core.Infrastructure.Executable.ExecuteWithProgressWriter(ILogger logger, ITracer tracer, String arguments, Object[] args)
   at Kudu.Core.Deployment.Generator.ExternalCommandBuilder.RunCommand(DeploymentContext context, String command, Boolean ignoreManifest, String message)
   at Kudu.Core.Deployment.Generator.CustomBuilder.Build(DeploymentContext context)
--- End of stack trace from previous location where exception was thrown ---
   at System.Runtime.CompilerServices.TaskAwaiter.ThrowForNonSuccess(Task task)
   at System.Runtime.CompilerServices.TaskAwaiter.HandleNonSuccessAndDebuggerNotification(Task task)
   at System.Runtime.CompilerServices.TaskAwaiter.ValidateEnd(Task task)
   at Kudu.Core.Deployment.DeploymentManager.&lt;Build&gt;d__38.MoveNext()" /><!-- duration: 18ms -->
      <step title="Deployment Failed. DEPLOYMENTINFO: deployer = GitHub, os = windows, sku = Standard, siteName = site-net, siteHostName = site-net-rrai-blue-fsgabaardkdhhnhf.centralus-01.azurewebsites.net, deploymentStatus = Failed" date="2025-07-15T20:25:52.882" /><!-- duration: 14ms -->
    </step><!-- duration: 32532ms -->
    <step title="Cleaning up temp files" date="2025-07-15T20:25:52.931" /><!-- duration: 12ms -->
  </step><!-- duration: 35031ms -->
  <step title="LockFile &apos;C:\home\site\locks\deployments.lock&apos; released" date="2025-07-15T20:25:53.083" /><!-- duration: 19ms -->
  <step title="Deleting shutdown sentinel file" date="2025-07-15T20:25:53.130" SemaphoreCount="8" /><!-- duration: 18ms -->
</step><!-- duration: 36281ms -->
