<step title="BackgroundTrace" date="2025-07-16T21:25:23.479" instance="15b9d3" url="/deploy" method="POST" >
  <step title="Updating shutdown sentinel last write time" date="2025-07-16T21:25:23.587" SemaphoreCount="7" /><!-- duration: 17ms -->
  <step title="LockFile &apos;C:\home\site\locks\deployments.lock&apos; acquired" date="2025-07-16T21:25:23.604" /><!-- duration: 19ms -->
  <step title="Creating temporary deployment" date="2025-07-16T21:25:23.651" /><!-- duration: 124ms -->
  <step title="Performing fetch based deployment" date="2025-07-16T21:25:23.790" >
    <step title="Fetching changes." date="2025-07-16T21:25:23.917" /><!-- duration: 13ms -->
    <step title="Before sending BuildRequestReceived status to /api/updatedeploystatus" date="2025-07-16T21:25:26.216" /><!-- duration: 11ms -->
    <step title="DeploymentManager.Deploy(id:ac40749e694f9432dd30582d3f095a404f6905a5)" date="2025-07-16T21:25:26.339" >
      <step title="Collecting changeset information" date="2025-07-16T21:25:26.352" /><!-- duration: 110ms -->
      <step title="Updating submodules" date="2025-07-16T21:25:26.481" >
        <step title="Updating submodules." date="2025-07-16T21:25:26.604" /><!-- duration: 0ms -->
      </step><!-- duration: 142ms -->
      <step title="Preparing deployment for commit id &apos;ac40749e69&apos;." date="2025-07-16T21:25:26.715" /><!-- duration: 12ms -->
      <step title="Determining deployment builder" date="2025-07-16T21:25:26.837" >
        <step title="Builder is CustomBuilder" date="2025-07-16T21:25:26.856" /><!-- duration: 0ms -->
      </step><!-- duration: 31ms -->
      <step title="Copying SSH keys" date="2025-07-16T21:25:26.915" /><!-- duration: 16ms -->
      <step title="Building" date="2025-07-16T21:25:26.931" >
        <step title="Running custom deployment command..." date="2025-07-16T21:25:27.119" /><!-- duration: 19ms -->
        <step title="Running deployment command..." date="2025-07-16T21:25:27.399" /><!-- duration: 0ms -->
        <step title="Command: deploy.cmd" date="2025-07-16T21:25:27.415" /><!-- duration: 0ms -->
        <step title="Executing external process" date="2025-07-16T21:25:27.477" type="process" path="starter.cmd" arguments="deploy.cmd" >
          <step title="Handling ASP.NET Core Web Application deployment." date="2025-07-16T21:25:28.634" /><!-- duration: 18ms -->
          <step title="  Determining projects to restore..." date="2025-07-16T21:25:37.556" /><!-- duration: 0ms -->
          <step title="  All projects are up-to-date for restore." date="2025-07-16T21:25:39.964" /><!-- duration: 13ms -->
          <step title="C:\home\site\repository\Backend\Services\ChatService.cs(39,69): warning CS8625: Cannot convert null literal to non-nullable reference type. [C:\home\site\repository\Backend\Backend.csproj]" date="2025-07-16T21:26:07.972" /><!-- duration: 11ms -->
          <step title="C:\home\site\repository\Backend\Controllers\DiagnosticController.cs(29,58): warning CS8625: Cannot convert null literal to non-nullable reference type. [C:\home\site\repository\Backend\Backend.csproj]" date="2025-07-16T21:26:08.019" /><!-- duration: 0ms -->
          <step title="C:\home\site\repository\Backend\Program.cs(107,25): warning CS8604: Possible null reference argument for parameter &apos;uriString&apos; in &apos;Uri.Uri(string uriString)&apos;. [C:\home\site\repository\Backend\Backend.csproj]" date="2025-07-16T21:26:08.046" /><!-- duration: 0ms -->
          <step title="C:\home\site\repository\Backend\Program.cs(108,46): warning CS8604: Possible null reference argument for parameter &apos;key&apos; in &apos;AzureKeyCredential.AzureKeyCredential(string key)&apos;. [C:\home\site\repository\Backend\Backend.csproj]" date="2025-07-16T21:26:08.065" /><!-- duration: 12ms -->
          <step title="C:\home\site\repository\Backend\Program.cs(162,9): warning CS8602: Dereference of a possibly null reference. [C:\home\site\repository\Backend\Backend.csproj]" date="2025-07-16T21:26:08.093" /><!-- duration: 48ms -->
          <step title="C:\home\site\repository\Backend\Controllers\DocumentChatController.cs(159,47): warning CS8600: Converting null literal or possible null value to non-nullable type. [C:\home\site\repository\Backend\Backend.csproj]" date="2025-07-16T21:26:08.163" /><!-- duration: 9ms -->
          <step title="C:\home\site\repository\Backend\Controllers\DocumentChatController.cs(163,44): warning CS8600: Converting null literal or possible null value to non-nullable type. [C:\home\site\repository\Backend\Backend.csproj]" date="2025-07-16T21:26:08.190" /><!-- duration: 12ms -->
          <step title="C:\home\site\repository\Backend\Controllers\DocumentChatController.cs(231,36): warning CS8602: Dereference of a possibly null reference. [C:\home\site\repository\Backend\Backend.csproj]" date="2025-07-16T21:26:08.218" /><!-- duration: 31ms -->
          <step title="C:\home\site\repository\Backend\Controllers\DocumentChatController.cs(257,47): warning CS8600: Converting null literal or possible null value to non-nullable type. [C:\home\site\repository\Backend\Backend.csproj]" date="2025-07-16T21:26:08.283" /><!-- duration: 0ms -->
          <step title="C:\home\site\repository\Backend\Controllers\ChatController.cs(84,45): warning CS8600: Converting null literal or possible null value to non-nullable type. [C:\home\site\repository\Backend\Backend.csproj]" date="2025-07-16T21:26:08.296" /><!-- duration: 16ms -->
          <step title="C:\home\site\repository\Backend\Controllers\ChatController.cs(92,36): warning CS8600: Converting null literal or possible null value to non-nullable type. [C:\home\site\repository\Backend\Backend.csproj]" date="2025-07-16T21:26:08.329" /><!-- duration: 19ms -->
          <step title="C:\home\site\repository\Backend\Controllers\ChatController.cs(98,40): warning CS8600: Converting null literal or possible null value to non-nullable type. [C:\home\site\repository\Backend\Backend.csproj]" date="2025-07-16T21:26:08.406" /><!-- duration: 47ms -->
          <step title="C:\home\site\repository\Backend\Controllers\ChatController.cs(330,43): warning CS8600: Converting null literal or possible null value to non-nullable type. [C:\home\site\repository\Backend\Backend.csproj]" date="2025-07-16T21:26:08.483" /><!-- duration: 17ms -->
          <step title="C:\home\site\repository\Backend\Controllers\ChatController.cs(345,69): warning CS8604: Possible null reference argument for parameter &apos;message&apos; in &apos;Task&lt;IActionResult&gt; DocumentChatController.ChatWithFile(IFormFile file, string message, string? clientSessionId = null)&apos;. [C:\home\site\repository\Backend\Backend.csproj]" date="2025-07-16T21:26:08.577" /><!-- duration: 0ms -->
          <step title="C:\home\site\repository\Backend\Controllers\ChatController.cs(385,39): warning CS8600: Converting null literal or possible null value to non-nullable type. [C:\home\site\repository\Backend\Backend.csproj]" date="2025-07-16T21:26:08.608" /><!-- duration: 16ms -->
          <step title="C:\home\site\repository\Backend\Controllers\ChatController.cs(427,46): warning CS8600: Converting null literal or possible null value to non-nullable type. [C:\home\site\repository\Backend\Backend.csproj]" date="2025-07-16T21:26:08.655" /><!-- duration: 16ms -->
          <step title="C:\home\site\repository\Backend\Controllers\DiagnosticController.cs(177,37): warning CS8600: Converting null literal or possible null value to non-nullable type. [C:\home\site\repository\Backend\Backend.csproj]" date="2025-07-16T21:26:08.690" /><!-- duration: 59ms -->
          <step title="C:\home\site\repository\Backend\Models\ChatModels.cs(27,23): warning CS8618: Non-nullable property &apos;DocumentInfo&apos; must contain a non-null value when exiting constructor. Consider adding the &apos;required&apos; modifier or declaring the property as nullable. [C:\home\site\repository\Backend\Backend.csproj]" date="2025-07-16T21:26:08.767" /><!-- duration: 13ms -->
          <step title="C:\home\site\repository\Backend\Services\ChatService.cs(106,42): warning CS8600: Converting null literal or possible null value to non-nullable type. [C:\home\site\repository\Backend\Backend.csproj]" date="2025-07-16T21:26:08.796" /><!-- duration: 19ms -->
          <step title="C:\home\site\repository\Backend\Services\ChatService.cs(107,39): warning CS8600: Converting null literal or possible null value to non-nullable type. [C:\home\site\repository\Backend\Backend.csproj]" date="2025-07-16T21:26:08.827" /><!-- duration: 16ms -->
          <step title="C:\home\site\repository\Backend\Services\ChatService.cs(135,100): warning CS8604: Possible null reference argument for parameter &apos;userMessage&apos; in &apos;string IDocumentContextService.PrepareDocumentContext(DocumentInfo documentInfo, string userMessage)&apos;. [C:\home\site\repository\Backend\Backend.csproj]" date="2025-07-16T21:26:08.874" /><!-- duration: 0ms -->
          <step title="C:\home\site\repository\Backend\Services\ChatService.cs(173,54): warning CS8600: Converting null literal or possible null value to non-nullable type. [C:\home\site\repository\Backend\Backend.csproj]" date="2025-07-16T21:26:08.891" /><!-- duration: 19ms -->
          <step title="C:\home\site\repository\Backend\Services\ChatService.cs(239,77): warning CS8604: Possible null reference argument for parameter &apos;userMessage&apos; in &apos;Task IAzureFunctionService.SaveConversationAsync(string userMessage, string aiResponse)&apos;. [C:\home\site\repository\Backend\Backend.csproj]" date="2025-07-16T21:26:08.921" /><!-- duration: 17ms -->
          <step title="C:\home\site\repository\Backend\Services\ChatService.cs(239,86): warning CS8604: Possible null reference argument for parameter &apos;aiResponse&apos; in &apos;Task IAzureFunctionService.SaveConversationAsync(string userMessage, string aiResponse)&apos;. [C:\home\site\repository\Backend\Backend.csproj]" date="2025-07-16T21:26:08.957" /><!-- duration: 0ms -->
          <step title="C:\home\site\repository\Backend\Services\ChatService.cs(269,28): warning CS8603: Possible null reference return. [C:\home\site\repository\Backend\Backend.csproj]" date="2025-07-16T21:26:08.968" /><!-- duration: 16ms -->
          <step title="C:\home\site\repository\Backend\Controllers\DiagnosticController.cs(263,124): warning CS8602: Dereference of a possibly null reference. [C:\home\site\repository\Backend\Backend.csproj]" date="2025-07-16T21:26:09.001" /><!-- duration: 18ms -->
          <step title="C:\home\site\repository\Backend\Controllers\DiagnosticController.cs(413,31): warning CS8602: Dereference of a possibly null reference. [C:\home\site\repository\Backend\Backend.csproj]" date="2025-07-16T21:26:09.031" /><!-- duration: 19ms -->
          <step title="C:\home\site\repository\Backend\Controllers\DiagnosticController.cs(461,54): warning CS8602: Dereference of a possibly null reference. [C:\home\site\repository\Backend\Backend.csproj]" date="2025-07-16T21:26:09.078" /><!-- duration: 0ms -->
          <step title="C:\home\site\repository\Backend\Controllers\ConfigController.cs(82,35): warning CS8600: Converting null literal or possible null value to non-nullable type. [C:\home\site\repository\Backend\Backend.csproj]" date="2025-07-16T21:26:09.097" /><!-- duration: 12ms -->
          <step title="C:\home\site\repository\Backend\Controllers\ConfigController.cs(83,36): warning CS8600: Converting null literal or possible null value to non-nullable type. [C:\home\site\repository\Backend\Backend.csproj]" date="2025-07-16T21:26:09.125" /><!-- duration: 19ms -->
          <step title="C:\home\site\repository\Backend\Services\DocumentPersistenceService.cs(73,36): warning CS8600: Converting null literal or possible null value to non-nullable type. [C:\home\site\repository\Backend\Backend.csproj]" date="2025-07-16T21:26:09.155" /><!-- duration: 0ms -->
          <step title="C:\home\site\repository\Backend\Services\DocumentPersistenceService.cs(89,45): warning CS8601: Possible null reference assignment. [C:\home\site\repository\Backend\Backend.csproj]" date="2025-07-16T21:26:09.172" /><!-- duration: 18ms -->
          <step title="C:\home\site\repository\Backend\Services\DocumentPersistenceService.cs(92,43): warning CS8601: Possible null reference assignment. [C:\home\site\repository\Backend\Backend.csproj]" date="2025-07-16T21:26:09.218" /><!-- duration: 0ms -->
          <step title="C:\home\site\repository\Backend\Services\DocumentPersistenceService.cs(107,41): warning CS8601: Possible null reference assignment. [C:\home\site\repository\Backend\Backend.csproj]" date="2025-07-16T21:26:09.236" /><!-- duration: 13ms -->
          <step title="C:\home\site\repository\Backend\Services\DocumentPersistenceService.cs(110,39): warning CS8601: Possible null reference assignment. [C:\home\site\repository\Backend\Backend.csproj]" date="2025-07-16T21:26:09.264" /><!-- duration: 0ms -->
          <step title="C:\home\site\repository\Backend\Services\DocumentPersistenceService.cs(122,50): warning CS8602: Dereference of a possibly null reference. [C:\home\site\repository\Backend\Backend.csproj]" date="2025-07-16T21:26:09.313" /><!-- duration: 14ms -->
          <step title="C:\home\site\repository\Backend\Services\LegacyEndpointHandler.cs(75,41): warning CS8601: Possible null reference assignment. [C:\home\site\repository\Backend\Backend.csproj]" date="2025-07-16T21:26:09.344" /><!-- duration: 19ms -->
          <step title="C:\home\site\repository\Backend\Services\LegacyEndpointHandler.cs(124,39): warning CS8600: Converting null literal or possible null value to non-nullable type. [C:\home\site\repository\Backend\Backend.csproj]" date="2025-07-16T21:26:09.374" /><!-- duration: 16ms -->
          <step title="C:\home\site\repository\Backend\Services\LegacyEndpointHandler.cs(126,38): warning CS8602: Dereference of a possibly null reference. [C:\home\site\repository\Backend\Backend.csproj]" date="2025-07-16T21:26:09.390" /><!-- duration: 18ms -->
          <step title="C:\home\site\repository\Backend\Services\LegacyEndpointHandler.cs(236,36): warning CS8601: Possible null reference assignment. [C:\home\site\repository\Backend\Backend.csproj]" date="2025-07-16T21:26:09.421" /><!-- duration: 16ms -->
          <step title="C:\home\site\repository\Backend\Services\DocumentProcessingService.cs(127,28): warning CS8602: Dereference of a possibly null reference. [C:\home\site\repository\Backend\Backend.csproj]" date="2025-07-16T21:26:09.503" /><!-- duration: 158ms -->
          <step title="C:\home\site\repository\Backend\Services\DocumentProcessingService.cs(127,28): warning CS8602: Dereference of a possibly null reference. [C:\home\site\repository\Backend\Backend.csproj]" date="2025-07-16T21:26:10.001" /><!-- duration: 406ms -->
          <step title="C:\home\site\repository\Backend\Services\DocumentProcessingService.cs(147,45): warning CS8602: Dereference of a possibly null reference. [C:\home\site\repository\Backend\Backend.csproj]" date="2025-07-16T21:26:10.577" /><!-- duration: 94ms -->
          <step title="C:\home\site\repository\Backend\Services\DocumentProcessingService.cs(155,81): warning CS8604: Possible null reference argument for parameter &apos;id&apos; in &apos;OpenXmlPart OpenXmlPartContainer.GetPartById(string id)&apos;. [C:\home\site\repository\Backend\Backend.csproj]" date="2025-07-16T21:26:10.754" /><!-- duration: 636ms -->
          <step title="C:\home\site\repository\Backend\Services\DocumentProcessingService.cs(168,64): warning CS8604: Possible null reference argument for parameter &apos;sharedStringTable&apos; in &apos;string DocumentProcessingService.GetCellValue(Cell cell, SharedStringTable sharedStringTable)&apos;. [C:\home\site\repository\Backend\Backend.csproj]" date="2025-07-16T21:26:11.658" /><!-- duration: 75ms -->
          <step title="C:\home\site\repository\Backend\Controllers\DiagnosticController.cs(513,76): warning CS8600: Converting null literal or possible null value to non-nullable type. [C:\home\site\repository\Backend\Backend.csproj]" date="2025-07-16T21:26:11.893" /><!-- duration: 96ms -->
          <step title="C:\home\site\repository\Backend\Controllers\DiagnosticController.cs(514,79): warning CS8600: Converting null literal or possible null value to non-nullable type. [C:\home\site\repository\Backend\Backend.csproj]" date="2025-07-16T21:26:12.343" /><!-- duration: 172ms -->
          <step title="C:\home\site\repository\Backend\Controllers\DiagnosticController.cs(515,85): warning CS8600: Converting null literal or possible null value to non-nullable type. [C:\home\site\repository\Backend\Backend.csproj]" date="2025-07-16T21:26:12.769" /><!-- duration: 263ms -->
          <step title="C:\home\site\repository\Backend\Controllers\DiagnosticController.cs(529,80): warning CS8600: Converting null literal or possible null value to non-nullable type. [C:\home\site\repository\Backend\Backend.csproj]" date="2025-07-16T21:26:13.363" /><!-- duration: 230ms -->
          <step title="C:\home\site\repository\Backend\Controllers\DiagnosticController.cs(581,99): warning CS8604: Possible null reference argument for parameter &apos;oldValue&apos; in &apos;string string.Replace(string oldValue, string? newValue)&apos;. [C:\home\site\repository\Backend\Backend.csproj]" date="2025-07-16T21:26:13.861" /><!-- duration: 218ms -->
          <step title="C:\home\site\repository\Backend\Controllers\DiagnosticController.cs(593,48): warning CS8600: Converting null literal or possible null value to non-nullable type. [C:\home\site\repository\Backend\Backend.csproj]" date="2025-07-16T21:26:14.329" /><!-- duration: 29ms -->
          <step title="C:\home\site\repository\Backend\Controllers\DiagnosticController.cs(648,52): warning CS8600: Converting null literal or possible null value to non-nullable type. [C:\home\site\repository\Backend\Backend.csproj]" date="2025-07-16T21:26:14.516" /><!-- duration: 217ms -->
          <step title="C:\home\site\repository\Backend\Services\DocumentPersistenceService.cs(190,24): warning CS8603: Possible null reference return. [C:\home\site\repository\Backend\Backend.csproj]" date="2025-07-16T21:26:15.001" /><!-- duration: 170ms -->
          <step title="C:\home\site\repository\Backend\Services\DocumentPersistenceService.cs(227,32): warning CS8603: Possible null reference return. [C:\home\site\repository\Backend\Backend.csproj]" date="2025-07-16T21:26:15.691" /><!-- duration: 403ms -->
          <step title="C:\home\site\repository\Backend\Services\DocumentPersistenceService.cs(302,40): warning CS8603: Possible null reference return. [C:\home\site\repository\Backend\Backend.csproj]" date="2025-07-16T21:26:16.612" /><!-- duration: 202ms -->
          <step title="C:\home\site\repository\Backend\Services\DocumentPersistenceService.cs(318,32): warning CS8603: Possible null reference return. [C:\home\site\repository\Backend\Backend.csproj]" date="2025-07-16T21:26:17.424" /><!-- duration: 106ms -->
          <step title="C:\home\site\repository\Backend\Services\DocumentPersistenceService.cs(332,20): warning CS8603: Possible null reference return. [C:\home\site\repository\Backend\Backend.csproj]" date="2025-07-16T21:26:18.077" /><!-- duration: 63ms -->
          <step title="C:\home\site\repository\Backend\Services\DocumentContextService.cs(396,41): warning CS1998: This async method lacks &apos;await&apos; operators and will run synchronously. Consider using the &apos;await&apos; operator to await non-blocking API calls, or &apos;await Task.Run(...)&apos; to do CPU-bound work on a background thread. [C:\home\site\repository\Backend\Backend.csproj]" date="2025-07-16T21:26:18.235" /><!-- duration: 108ms -->
          <step title="C:\home\site\repository\Backend\Program.cs(65,14): warning ASP0000: Calling &apos;BuildServiceProvider&apos; from application code results in an additional copy of singleton services being created. Consider alternatives such as dependency injecting services as parameters to &apos;Configure&apos;. (https://aka.ms/AA5k895) [C:\home\site\repository\Backend\Backend.csproj]" date="2025-07-16T21:26:19.551" /><!-- duration: 183ms -->
          <step title="C:\home\site\repository\Backend\Controllers\ChatController.cs(412,31): warning CA2022: Avoid inexact read with &apos;System.IO.Stream.ReadAsync(byte[], int, int)&apos; (https://learn.microsoft.com/dotnet/fundamentals/code-analysis/quality-rules/ca2022) [C:\home\site\repository\Backend\Backend.csproj]" date="2025-07-16T21:26:19.844" /><!-- duration: 30ms -->
          <step title="  Backend -&gt; C:\home\site\repository\Backend\bin\Release\net9.0\Backend.dll" date="2025-07-16T21:26:20.046" /><!-- duration: 344ms -->
          <step title="  Backend -&gt; C:\local\Temp\8ddc4af485a67fd\" date="2025-07-16T21:26:22.812" /><!-- duration: 0ms -->
          <step title="Creating app_offline.htm" date="2025-07-16T21:26:31.328" /><!-- duration: 19ms -->
          <step title="KuduSync.NET from: &apos;C:\local\Temp\8ddc4af485a67fd&apos; to: &apos;C:\home\site\wwwroot&apos;" date="2025-07-16T21:26:31.376" /><!-- duration: 0ms -->
          <step title="Copying file: &apos;Backend.dll&apos;" date="2025-07-16T21:26:31.405" /><!-- duration: 0ms -->
          <step title="Copying file: &apos;Backend.exe&apos;" date="2025-07-16T21:26:31.423" /><!-- duration: 13ms -->
          <step title="Copying file: &apos;Backend.pdb&apos;" date="2025-07-16T21:26:31.452" /><!-- duration: 18ms -->
          <step title="Deleting app_offline.htm" date="2025-07-16T21:26:31.483" /><!-- duration: 16ms -->
          <step title="Finished successfully." date="2025-07-16T21:26:32.487" /><!-- duration: 12ms -->
        </step><!-- duration: 65681ms -->
        <step title="Running post deployment command(s)..." date="2025-07-16T21:26:33.547" /><!-- duration: 19ms -->
        <step title="Triggering recycle (preview mode disabled)." date="2025-07-16T21:26:33.749" /><!-- duration: 47ms -->
        <step title="Ignoring FS watcher based recycle request as this is a classic Windows app." date="2025-07-16T21:26:33.847" /><!-- duration: 11ms -->
        <step title="Deployment successful. DEPLOYMENTINFO: deployer = GitHub, os = windows, sku = Standard, siteName = site-net, siteHostName = site-net-rrai-blue-fsgabaardkdhhnhf.centralus-01.azurewebsites.net, deploymentStatus = Success" date="2025-07-16T21:26:35.173" /><!-- duration: 46ms -->
        <step title="Purge deployment items" date="2025-07-16T21:26:37.016" >
          <step title="Remove d5fbb5dbe, Success, received at 7/15/2025 8:36:31 PM" date="2025-07-16T21:26:37.156" /><!-- duration: 0ms -->
        </step><!-- duration: 158ms -->
      </step><!-- duration: 70302ms -->
    </step><!-- duration: 70911ms -->
    <step title="Cleaning up temp files" date="2025-07-16T21:26:37.250" /><!-- duration: 171ms -->
    <step title="Skip function trigger and logicapp sync because function is not enabled." date="2025-07-16T21:26:37.452" /><!-- duration: 16ms -->
  </step><!-- duration: 73726ms -->
  <step title="LockFile &apos;C:\home\site\locks\deployments.lock&apos; released" date="2025-07-16T21:26:37.535" /><!-- duration: 77ms -->
  <step title="Deleting shutdown sentinel file" date="2025-07-16T21:26:37.736" SemaphoreCount="8" /><!-- duration: 13ms -->
</step><!-- duration: 74286ms -->
