<step title="BackgroundTrace" date="2025-07-15T20:36:29.120" instance="15b9d3" url="/deploy" method="POST" >
  <step title="Updating shutdown sentinel last write time" date="2025-07-15T20:36:29.166" SemaphoreCount="7" /><!-- duration: 0ms -->
  <step title="LockFile &apos;C:\home\site\locks\deployments.lock&apos; acquired" date="2025-07-15T20:36:29.166" /><!-- duration: 16ms -->
  <step title="Creating temporary deployment" date="2025-07-15T20:36:29.182" /><!-- duration: 62ms -->
  <step title="Performing fetch based deployment" date="2025-07-15T20:36:29.260" >
    <step title="Fetching changes." date="2025-07-15T20:36:29.479" /><!-- duration: 17ms -->
    <step title="Before sending BuildRequestReceived status to /api/updatedeploystatus" date="2025-07-15T20:36:31.432" /><!-- duration: 0ms -->
    <step title="DeploymentManager.Deploy(id:d5fbb5dbed655d5ebb479c90d0b1904e6d7adaf7)" date="2025-07-15T20:36:31.557" >
      <step title="Collecting changeset information" date="2025-07-15T20:36:31.593" /><!-- duration: 73ms -->
      <step title="Updating submodules" date="2025-07-15T20:36:31.699" >
        <step title="Updating submodules." date="2025-07-15T20:36:31.807" /><!-- duration: 16ms -->
      </step><!-- duration: 143ms -->
      <step title="Preparing deployment for commit id &apos;d5fbb5dbed&apos;." date="2025-07-15T20:36:31.932" /><!-- duration: 16ms -->
      <step title="Determining deployment builder" date="2025-07-15T20:36:32.185" >
        <step title="Builder is CustomBuilder" date="2025-07-15T20:36:32.214" /><!-- duration: 19ms -->
      </step><!-- duration: 60ms -->
      <step title="Copying SSH keys" date="2025-07-15T20:36:32.276" /><!-- duration: 0ms -->
      <step title="Building" date="2025-07-15T20:36:32.291" >
        <step title="Running custom deployment command..." date="2025-07-15T20:36:32.386" /><!-- duration: 0ms -->
        <step title="Running deployment command..." date="2025-07-15T20:36:32.448" /><!-- duration: 0ms -->
        <step title="Command: deploy.cmd" date="2025-07-15T20:36:32.480" /><!-- duration: 0ms -->
        <step title="Executing external process" date="2025-07-15T20:36:32.557" type="process" path="starter.cmd" arguments="deploy.cmd" >
          <step title="Handling ASP.NET Core Web Application deployment." date="2025-07-15T20:36:33.590" /><!-- duration: 0ms -->
          <step title="  Determining projects to restore..." date="2025-07-15T20:36:41.795" /><!-- duration: 0ms -->
          <step title="  All projects are up-to-date for restore." date="2025-07-15T20:36:44.308" /><!-- duration: 0ms -->
          <step title="C:\home\site\repository\Backend\Program.cs(49,9): warning CS8604: Possible null reference argument for parameter &apos;openAIClient&apos; in &apos;ChatService.ChatService(OpenAIClient openAIClient, OpenAIConfiguration openAIConfig, DocumentChunkingService documentChunkingService, IDocumentContextService documentContextService, IChatAnalysisService chatAnalysisService, IPromptEngineeringService promptEngineeringService, ILogger&lt;ChatService&gt; logger)&apos;. [C:\home\site\repository\Backend\Backend.csproj]" date="2025-07-15T20:37:08.175" /><!-- duration: 0ms -->
          <step title="C:\home\site\repository\Backend\Program.cs(104,25): warning CS8604: Possible null reference argument for parameter &apos;uriString&apos; in &apos;Uri.Uri(string uriString)&apos;. [C:\home\site\repository\Backend\Backend.csproj]" date="2025-07-15T20:37:08.205" /><!-- duration: 16ms -->
          <step title="C:\home\site\repository\Backend\Program.cs(105,46): warning CS8604: Possible null reference argument for parameter &apos;key&apos; in &apos;AzureKeyCredential.AzureKeyCredential(string key)&apos;. [C:\home\site\repository\Backend\Backend.csproj]" date="2025-07-15T20:37:08.240" /><!-- duration: 0ms -->
          <step title="C:\home\site\repository\Backend\Program.cs(159,9): warning CS8602: Dereference of a possibly null reference. [C:\home\site\repository\Backend\Backend.csproj]" date="2025-07-15T20:37:08.268" /><!-- duration: 19ms -->
          <step title="C:\home\site\repository\Backend\Models\ChatModels.cs(27,23): warning CS8618: Non-nullable property &apos;DocumentInfo&apos; must contain a non-null value when exiting constructor. Consider adding the &apos;required&apos; modifier or declaring the property as nullable. [C:\home\site\repository\Backend\Backend.csproj]" date="2025-07-15T20:37:08.299" /><!-- duration: 16ms -->
          <step title="C:\home\site\repository\Backend\Services\AzureFunctionService.cs(142,49): warning CS8604: Possible null reference argument for parameter &apos;oldValue&apos; in &apos;string string.Replace(string oldValue, string? newValue)&apos;. [C:\home\site\repository\Backend\Backend.csproj]" date="2025-07-15T20:37:08.345" /><!-- duration: 0ms -->
          <step title="C:\home\site\repository\Backend\Controllers\ChatController.cs(84,45): warning CS8600: Converting null literal or possible null value to non-nullable type. [C:\home\site\repository\Backend\Backend.csproj]" date="2025-07-15T20:37:08.361" /><!-- duration: 0ms -->
          <step title="C:\home\site\repository\Backend\Controllers\ChatController.cs(92,36): warning CS8600: Converting null literal or possible null value to non-nullable type. [C:\home\site\repository\Backend\Backend.csproj]" date="2025-07-15T20:37:08.377" /><!-- duration: 0ms -->
          <step title="C:\home\site\repository\Backend\Controllers\ChatController.cs(98,40): warning CS8600: Converting null literal or possible null value to non-nullable type. [C:\home\site\repository\Backend\Backend.csproj]" date="2025-07-15T20:37:08.392" /><!-- duration: 0ms -->
          <step title="C:\home\site\repository\Backend\Controllers\DocumentChatController.cs(159,47): warning CS8600: Converting null literal or possible null value to non-nullable type. [C:\home\site\repository\Backend\Backend.csproj]" date="2025-07-15T20:37:08.408" /><!-- duration: 16ms -->
          <step title="C:\home\site\repository\Backend\Controllers\DocumentChatController.cs(163,44): warning CS8600: Converting null literal or possible null value to non-nullable type. [C:\home\site\repository\Backend\Backend.csproj]" date="2025-07-15T20:37:08.439" /><!-- duration: 0ms -->
          <step title="C:\home\site\repository\Backend\Controllers\DocumentChatController.cs(231,36): warning CS8602: Dereference of a possibly null reference. [C:\home\site\repository\Backend\Backend.csproj]" date="2025-07-15T20:37:08.455" /><!-- duration: 0ms -->
          <step title="C:\home\site\repository\Backend\Controllers\DocumentChatController.cs(257,47): warning CS8600: Converting null literal or possible null value to non-nullable type. [C:\home\site\repository\Backend\Backend.csproj]" date="2025-07-15T20:37:08.470" /><!-- duration: 0ms -->
          <step title="C:\home\site\repository\Backend\Controllers\ConfigController.cs(82,35): warning CS8600: Converting null literal or possible null value to non-nullable type. [C:\home\site\repository\Backend\Backend.csproj]" date="2025-07-15T20:37:08.486" /><!-- duration: 0ms -->
          <step title="C:\home\site\repository\Backend\Controllers\ConfigController.cs(83,36): warning CS8600: Converting null literal or possible null value to non-nullable type. [C:\home\site\repository\Backend\Backend.csproj]" date="2025-07-15T20:37:08.506" /><!-- duration: 11ms -->
          <step title="C:\home\site\repository\Backend\Services\LegacyEndpointHandler.cs(75,41): warning CS8601: Possible null reference assignment. [C:\home\site\repository\Backend\Backend.csproj]" date="2025-07-15T20:37:08.517" /><!-- duration: 0ms -->
          <step title="C:\home\site\repository\Backend\Services\LegacyEndpointHandler.cs(124,39): warning CS8600: Converting null literal or possible null value to non-nullable type. [C:\home\site\repository\Backend\Backend.csproj]" date="2025-07-15T20:37:08.533" /><!-- duration: 16ms -->
          <step title="C:\home\site\repository\Backend\Services\LegacyEndpointHandler.cs(126,38): warning CS8602: Dereference of a possibly null reference. [C:\home\site\repository\Backend\Backend.csproj]" date="2025-07-15T20:37:08.549" /><!-- duration: 16ms -->
          <step title="C:\home\site\repository\Backend\Services\LegacyEndpointHandler.cs(188,40): warning CS8602: Dereference of a possibly null reference. [C:\home\site\repository\Backend\Backend.csproj]" date="2025-07-15T20:37:08.580" /><!-- duration: 0ms -->
          <step title="C:\home\site\repository\Backend\Controllers\ChatController.cs(330,43): warning CS8600: Converting null literal or possible null value to non-nullable type. [C:\home\site\repository\Backend\Backend.csproj]" date="2025-07-15T20:37:08.595" /><!-- duration: 16ms -->
          <step title="C:\home\site\repository\Backend\Controllers\ChatController.cs(345,69): warning CS8604: Possible null reference argument for parameter &apos;message&apos; in &apos;Task&lt;IActionResult&gt; DocumentChatController.ChatWithFile(IFormFile file, string message, string? clientSessionId = null)&apos;. [C:\home\site\repository\Backend\Backend.csproj]" date="2025-07-15T20:37:08.627" /><!-- duration: 18ms -->
          <step title="C:\home\site\repository\Backend\Controllers\ChatController.cs(385,39): warning CS8600: Converting null literal or possible null value to non-nullable type. [C:\home\site\repository\Backend\Backend.csproj]" date="2025-07-15T20:37:08.658" /><!-- duration: 0ms -->
          <step title="C:\home\site\repository\Backend\Controllers\ChatController.cs(427,46): warning CS8600: Converting null literal or possible null value to non-nullable type. [C:\home\site\repository\Backend\Backend.csproj]" date="2025-07-15T20:37:08.658" /><!-- duration: 16ms -->
          <step title="C:\home\site\repository\Backend\Services\DocumentProcessingService.cs(127,28): warning CS8602: Dereference of a possibly null reference. [C:\home\site\repository\Backend\Backend.csproj]" date="2025-07-15T20:37:08.691" /><!-- duration: 14ms -->
          <step title="C:\home\site\repository\Backend\Services\DocumentProcessingService.cs(127,28): warning CS8602: Dereference of a possibly null reference. [C:\home\site\repository\Backend\Backend.csproj]" date="2025-07-15T20:37:08.705" /><!-- duration: 16ms -->
          <step title="C:\home\site\repository\Backend\Services\DocumentProcessingService.cs(147,45): warning CS8602: Dereference of a possibly null reference. [C:\home\site\repository\Backend\Backend.csproj]" date="2025-07-15T20:37:08.738" /><!-- duration: 14ms -->
          <step title="C:\home\site\repository\Backend\Services\DocumentProcessingService.cs(155,81): warning CS8604: Possible null reference argument for parameter &apos;id&apos; in &apos;OpenXmlPart OpenXmlPartContainer.GetPartById(string id)&apos;. [C:\home\site\repository\Backend\Backend.csproj]" date="2025-07-15T20:37:08.785" /><!-- duration: 0ms -->
          <step title="C:\home\site\repository\Backend\Services\DocumentProcessingService.cs(168,64): warning CS8604: Possible null reference argument for parameter &apos;sharedStringTable&apos; in &apos;string DocumentProcessingService.GetCellValue(Cell cell, SharedStringTable sharedStringTable)&apos;. [C:\home\site\repository\Backend\Backend.csproj]" date="2025-07-15T20:37:08.832" /><!-- duration: 76ms -->
          <step title="C:\home\site\repository\Backend\Services\DocumentPersistenceService.cs(73,36): warning CS8600: Converting null literal or possible null value to non-nullable type. [C:\home\site\repository\Backend\Backend.csproj]" date="2025-07-15T20:37:08.986" /><!-- duration: 19ms -->
          <step title="C:\home\site\repository\Backend\Services\DocumentPersistenceService.cs(89,45): warning CS8601: Possible null reference assignment. [C:\home\site\repository\Backend\Backend.csproj]" date="2025-07-15T20:37:09.033" /><!-- duration: 19ms -->
          <step title="C:\home\site\repository\Backend\Services\DocumentPersistenceService.cs(92,43): warning CS8601: Possible null reference assignment. [C:\home\site\repository\Backend\Backend.csproj]" date="2025-07-15T20:37:09.099" /><!-- duration: 12ms -->
          <step title="C:\home\site\repository\Backend\Services\DocumentPersistenceService.cs(107,41): warning CS8601: Possible null reference assignment. [C:\home\site\repository\Backend\Backend.csproj]" date="2025-07-15T20:37:09.158" /><!-- duration: 17ms -->
          <step title="C:\home\site\repository\Backend\Services\DocumentPersistenceService.cs(110,39): warning CS8601: Possible null reference assignment. [C:\home\site\repository\Backend\Backend.csproj]" date="2025-07-15T20:37:09.205" /><!-- duration: 17ms -->
          <step title="C:\home\site\repository\Backend\Services\DocumentPersistenceService.cs(122,50): warning CS8602: Dereference of a possibly null reference. [C:\home\site\repository\Backend\Backend.csproj]" date="2025-07-15T20:37:09.252" /><!-- duration: 37ms -->
          <step title="C:\home\site\repository\Backend\Services\DocumentPersistenceService.cs(190,24): warning CS8603: Possible null reference return. [C:\home\site\repository\Backend\Backend.csproj]" date="2025-07-15T20:37:09.298" /><!-- duration: 18ms -->
          <step title="C:\home\site\repository\Backend\Services\DocumentPersistenceService.cs(227,32): warning CS8603: Possible null reference return. [C:\home\site\repository\Backend\Backend.csproj]" date="2025-07-15T20:37:09.345" /><!-- duration: 0ms -->
          <step title="C:\home\site\repository\Backend\Services\DocumentPersistenceService.cs(302,40): warning CS8603: Possible null reference return. [C:\home\site\repository\Backend\Backend.csproj]" date="2025-07-15T20:37:09.392" /><!-- duration: 158ms -->
          <step title="C:\home\site\repository\Backend\Services\DocumentPersistenceService.cs(318,32): warning CS8603: Possible null reference return. [C:\home\site\repository\Backend\Backend.csproj]" date="2025-07-15T20:37:09.597" /><!-- duration: 0ms -->
          <step title="C:\home\site\repository\Backend\Services\DocumentPersistenceService.cs(332,20): warning CS8603: Possible null reference return. [C:\home\site\repository\Backend\Backend.csproj]" date="2025-07-15T20:37:09.643" /><!-- duration: 18ms -->
          <step title="C:\home\site\repository\Backend\Services\ChatService.cs(81,42): warning CS8600: Converting null literal or possible null value to non-nullable type. [C:\home\site\repository\Backend\Backend.csproj]" date="2025-07-15T20:37:09.689" /><!-- duration: 0ms -->
          <step title="C:\home\site\repository\Backend\Services\ChatService.cs(82,39): warning CS8600: Converting null literal or possible null value to non-nullable type. [C:\home\site\repository\Backend\Backend.csproj]" date="2025-07-15T20:37:09.708" /><!-- duration: 12ms -->
          <step title="C:\home\site\repository\Backend\Services\ChatService.cs(110,100): warning CS8604: Possible null reference argument for parameter &apos;userMessage&apos; in &apos;string IDocumentContextService.PrepareDocumentContext(DocumentInfo documentInfo, string userMessage)&apos;. [C:\home\site\repository\Backend\Backend.csproj]" date="2025-07-15T20:37:09.756" /><!-- duration: 12ms -->
          <step title="C:\home\site\repository\Backend\Services\ChatService.cs(148,54): warning CS8600: Converting null literal or possible null value to non-nullable type. [C:\home\site\repository\Backend\Backend.csproj]" date="2025-07-15T20:37:09.784" /><!-- duration: 19ms -->
          <step title="C:\home\site\repository\Backend\Services\ChatService.cs(188,28): warning CS8603: Possible null reference return. [C:\home\site\repository\Backend\Backend.csproj]" date="2025-07-15T20:37:09.830" /><!-- duration: 0ms -->
          <step title="C:\home\site\repository\Backend\Services\DocumentContextService.cs(396,41): warning CS1998: This async method lacks &apos;await&apos; operators and will run synchronously. Consider using the &apos;await&apos; operator to await non-blocking API calls, or &apos;await Task.Run(...)&apos; to do CPU-bound work on a background thread. [C:\home\site\repository\Backend\Backend.csproj]" date="2025-07-15T20:37:09.861" /><!-- duration: 16ms -->
          <step title="C:\home\site\repository\Backend\Controllers\ChatController.cs(412,31): warning CA2022: Avoid inexact read with &apos;System.IO.Stream.ReadAsync(byte[], int, int)&apos; (https://learn.microsoft.com/dotnet/fundamentals/code-analysis/quality-rules/ca2022) [C:\home\site\repository\Backend\Backend.csproj]" date="2025-07-15T20:37:09.908" /><!-- duration: 47ms -->
          <step title="  Backend -&gt; C:\home\site\repository\Backend\bin\Release\net9.0\Backend.dll" date="2025-07-15T20:37:12.974" /><!-- duration: 11ms -->
          <step title="  Backend -&gt; C:\local\Temp\8ddc3df48c4a555\" date="2025-07-15T20:37:20.127" /><!-- duration: 0ms -->
          <step title="Creating app_offline.htm" date="2025-07-15T20:37:28.485" /><!-- duration: 16ms -->
          <step title="KuduSync.NET from: &apos;C:\local\Temp\8ddc3df48c4a555&apos; to: &apos;C:\home\site\wwwroot&apos;" date="2025-07-15T20:37:28.519" /><!-- duration: 13ms -->
          <step title="Copying file: &apos;Backend.dll&apos;" date="2025-07-15T20:37:28.565" /><!-- duration: 0ms -->
          <step title="Copying file: &apos;Backend.exe&apos;" date="2025-07-15T20:37:28.580" /><!-- duration: 17ms -->
          <step title="Copying file: &apos;Backend.pdb&apos;" date="2025-07-15T20:37:28.611" /><!-- duration: 14ms -->
          <step title="Copying file: &apos;Backend.staticwebassets.endpoints.json&apos;" date="2025-07-15T20:37:28.641" /><!-- duration: 19ms -->
          <step title="Deleting file: &apos;App_Data\Documents\client-1752585801303-y7g2x7q50r.json&apos;" date="2025-07-15T20:37:28.672" /><!-- duration: 17ms -->
          <step title="Copying file: &apos;App_Data\Documents\d6a104b5-94b8-380f-83f4-7348d5fc974d.json&apos;" date="2025-07-15T20:37:28.706" /><!-- duration: 17ms -->
          <step title="Copying file: &apos;wwwroot\js\api.js&apos;" date="2025-07-15T20:37:28.735" /><!-- duration: 16ms -->
          <step title="Copying file: &apos;wwwroot\js\api.js.br&apos;" date="2025-07-15T20:37:28.770" /><!-- duration: 12ms -->
          <step title="Copying file: &apos;wwwroot\js\api.js.gz&apos;" date="2025-07-15T20:37:28.818" /><!-- duration: 10ms -->
          <step title="Deleting app_offline.htm" date="2025-07-15T20:37:28.847" /><!-- duration: 13ms -->
          <step title="Finished successfully." date="2025-07-15T20:37:29.409" /><!-- duration: 13ms -->
        </step><!-- duration: 57589ms -->
        <step title="Running post deployment command(s)..." date="2025-07-15T20:37:32.391" /><!-- duration: 94ms -->
        <step title="Triggering recycle (preview mode disabled)." date="2025-07-15T20:37:32.891" /><!-- duration: 0ms -->
        <step title="Ignoring FS watcher based recycle request as this is a classic Windows app." date="2025-07-15T20:37:32.909" /><!-- duration: 14ms -->
        <step title="Deployment successful. DEPLOYMENTINFO: deployer = GitHub, os = windows, sku = Standard, siteName = site-net, siteHostName = site-net-rrai-blue-fsgabaardkdhhnhf.centralus-01.azurewebsites.net, deploymentStatus = Success" date="2025-07-15T20:37:34.486" /><!-- duration: 189ms -->
        <step title="Purge deployment items" date="2025-07-15T20:37:36.109" >
          <step title="Remove 835f72281, Success, received at 7/3/2025 1:14:02 PM" date="2025-07-15T20:37:36.284" /><!-- duration: 13ms -->
        </step><!-- duration: 203ms -->
      </step><!-- duration: 64068ms -->
    </step><!-- duration: 64821ms -->
    <step title="Cleaning up temp files" date="2025-07-15T20:37:36.378" /><!-- duration: 188ms -->
    <step title="Skip function trigger and logicapp sync because function is not enabled." date="2025-07-15T20:37:36.625" /><!-- duration: 0ms -->
  </step><!-- duration: 67412ms -->
  <step title="LockFile &apos;C:\home\site\locks\deployments.lock&apos; released" date="2025-07-15T20:37:36.689" /><!-- duration: 14ms -->
  <step title="Deleting shutdown sentinel file" date="2025-07-15T20:37:36.719" SemaphoreCount="8" /><!-- duration: 18ms -->
</step><!-- duration: 67630ms -->
