<step title="BackgroundTrace" date="2025-08-11T20:55:07.292" instance="15b9d3" url="/api/zipdeploy" method="POST" >
  <step title="Updating shutdown sentinel last write time" date="2025-08-11T20:55:07.338" SemaphoreCount="7" /><!-- duration: 0ms -->
  <step title="LockFile &apos;C:\home\site\locks\deployments.lock&apos; acquired" date="2025-08-11T20:55:07.338" /><!-- duration: 16ms -->
  <step title="Creating temporary deployment" date="2025-08-11T20:55:07.353" /><!-- duration: 94ms -->
  <step title="Performing fetch based deployment" date="2025-08-11T20:55:07.465" >
    <step title="Fetching changes." date="2025-08-11T20:55:07.697" /><!-- duration: 16ms -->
    <step title="Starting LocalZipHandler" date="2025-08-11T20:55:07.744" /><!-- duration: 16ms -->
    <step title="Cleaning up temp folders from previous zip deployments and extracting pushed zip file C:\local\Temp\zipdeploy\kif3flyf.zip (7.49 MB) to C:\local\Temp\zipdeploy\extracted" date="2025-08-11T20:55:07.854" /><!-- duration: 0ms -->
    <step title="Cleaning up temp folders from previous zip deployments and extracting pushed zip file C:\local\Temp\zipdeploy\kif3flyf.zip (7.49 MB) to C:\local\Temp\zipdeploy\extracted" date="2025-08-11T20:55:07.869" >
      <step title="Extracting 106 entries to C:\local\Temp\zipdeploy\extracted directory" date="2025-08-11T20:55:08.511" >
        <step title="Extracting to C:\local\Temp\zipdeploy\extracted\appsettings.Development.json ..." date="2025-08-11T20:55:08.529" /><!-- duration: 11ms -->
        <step title="Extracting to C:\local\Temp\zipdeploy\extracted\appsettings.Development.template.json ..." date="2025-08-11T20:55:08.557" /><!-- duration: 19ms -->
        <step title="Extracting to C:\local\Temp\zipdeploy\extracted\appsettings.json ..." date="2025-08-11T20:55:08.576" /><!-- duration: 12ms -->
        <step title="Extracting to C:\local\Temp\zipdeploy\extracted\Azure.AI.OpenAI.dll ..." date="2025-08-11T20:55:08.588" /><!-- duration: 35ms -->
        <step title="Extracting to C:\local\Temp\zipdeploy\extracted\Azure.Core.dll ..." date="2025-08-11T20:55:08.623" /><!-- duration: 28ms -->
        <step title="Omitting extracting file traces ..." date="2025-08-11T20:55:08.666" /><!-- duration: 21ms -->
        <step title="Extracting to C:\local\Temp\zipdeploy\extracted\wwwroot\js\script.js.br ..." date="2025-08-11T20:55:10.776" /><!-- duration: 30ms -->
        <step title="Extracting to C:\local\Temp\zipdeploy\extracted\wwwroot\js\script.js.gz ..." date="2025-08-11T20:55:10.806" /><!-- duration: 16ms -->
        <step title="Extracting to C:\local\Temp\zipdeploy\extracted\wwwroot\js\ui.js ..." date="2025-08-11T20:55:10.823" /><!-- duration: 15ms -->
        <step title="Extracting to C:\local\Temp\zipdeploy\extracted\wwwroot\js\ui.js.br ..." date="2025-08-11T20:55:10.838" /><!-- duration: 16ms -->
        <step title="Extracting to C:\local\Temp\zipdeploy\extracted\wwwroot\js\ui.js.gz ..." date="2025-08-11T20:55:10.853" /><!-- duration: 0ms -->
      </step><!-- duration: 2358ms -->
    </step><!-- duration: 3016ms -->
    <step title="Before sending BuildRequestReceived status to /api/updatedeploystatus" date="2025-08-11T20:55:10.900" /><!-- duration: 31ms -->
    <step title="DeploymentManager.Deploy(id:a422a1839710429fa5e3d77d7255e757)" date="2025-08-11T20:55:10.963" >
      <step title="Collecting changeset information" date="2025-08-11T20:55:10.978" /><!-- duration: 172ms -->
      <step title="Updating submodules" date="2025-08-11T20:55:11.166" >
        <step title="Updating submodules." date="2025-08-11T20:55:11.245" /><!-- duration: 16ms -->
      </step><!-- duration: 111ms -->
      <step title="Preparing deployment for commit id &apos;a422a18397&apos;." date="2025-08-11T20:55:11.417" /><!-- duration: 18ms -->
      <step title="Determining deployment builder" date="2025-08-11T20:55:11.544" >
        <step title="Builder is BasicBuilder" date="2025-08-11T20:55:11.572" /><!-- duration: 17ms -->
      </step><!-- duration: 45ms -->
      <step title="Copying SSH keys" date="2025-08-11T20:55:11.745" /><!-- duration: 15ms -->
      <step title="Building" date="2025-08-11T20:55:11.760" >
        <step title="Generating deployment script." date="2025-08-11T20:55:11.853" /><!-- duration: 0ms -->
        <step title="Generating deployment script" date="2025-08-11T20:55:11.869" >
          <step title="Using the following command to generate deployment script: &apos;azure site deploymentscript -y --no-dot-deployment -r &quot;C:\local\Temp\zipdeploy\extracted&quot; -o &quot;C:\home\site\deployments\tools&quot; --basic --sitePath &quot;C:\local\Temp\zipdeploy\extracted&quot;&apos;." date="2025-08-11T20:55:12.119" /><!-- duration: 0ms -->
          <step title="Executing external process" date="2025-08-11T20:55:12.166" type="process" path="starter.cmd" arguments="&quot;C:\Program Files (x86)\SiteExtensions\Kudu\2025.06.2.6\bin\node_modules\.bin\kuduscript.cmd&quot; -y --no-dot-deployment -r &quot;C:\local\Temp\zipdeploy\extracted&quot; -o &quot;C:\home\site\deployments\tools&quot; --basic --sitePath &quot;C:\local\Temp\zipdeploy\extracted&quot;" >
            <step title="Generating deployment script for Web Site" date="2025-08-11T20:55:13.947" /><!-- duration: 16ms -->
          </step><!-- duration: 2206ms -->
          <step title="Saved cached version of the deployment script for command -y --no-dot-deployment -r &quot;C:\local\Temp\zipdeploy\extracted&quot; -o &quot;C:\home\site\deployments\tools&quot; --basic --sitePath &quot;C:\local\Temp\zipdeploy\extracted&quot;" date="2025-08-11T20:55:14.682" /><!-- duration: 19ms -->
        </step><!-- duration: 2831ms -->
        <step title="Running deployment command..." date="2025-08-11T20:55:15.150" /><!-- duration: 16ms -->
        <step title="Command: &quot;C:\home\site\deployments\tools\deploy.cmd&quot;" date="2025-08-11T20:55:15.182" /><!-- duration: 0ms -->
        <step title="Executing external process" date="2025-08-11T20:55:15.260" type="process" path="starter.cmd" arguments="&quot;C:\home\site\deployments\tools\deploy.cmd&quot;" >
          <step title="Handling Basic Web Site deployment." date="2025-08-11T20:55:16.447" /><!-- duration: 19ms -->
          <step title="Creating app_offline.htm" date="2025-08-11T20:55:19.716" /><!-- duration: 0ms -->
          <step title="KuduSync.NET from: &apos;C:\local\Temp\zipdeploy\extracted&apos; to: &apos;C:\home\site\wwwroot&apos;" date="2025-08-11T20:55:19.744" /><!-- duration: 0ms -->
          <step title="Copying file: &apos;appsettings.Development.json&apos;" date="2025-08-11T20:55:19.777" /><!-- duration: 17ms -->
          <step title="Copying file: &apos;appsettings.Development.template.json&apos;" date="2025-08-11T20:55:19.822" /><!-- duration: 0ms -->
          <step title="Copying file: &apos;appsettings.json&apos;" date="2025-08-11T20:55:19.858" /><!-- duration: 0ms -->
          <step title="Copying file: &apos;Azure.AI.OpenAI.dll&apos;" date="2025-08-11T20:55:19.885" /><!-- duration: 0ms -->
          <step title="Copying file: &apos;Azure.Core.dll&apos;" date="2025-08-11T20:55:19.919" /><!-- duration: 12ms -->
          <step title="Copying file: &apos;Azure.Identity.dll&apos;" date="2025-08-11T20:55:19.964" /><!-- duration: 18ms -->
          <step title="Copying file: &apos;Azure.Security.KeyVault.Certificates.dll&apos;" date="2025-08-11T20:55:20.010" /><!-- duration: 17ms -->
          <step title="Copying file: &apos;Azure.Security.KeyVault.Secrets.dll&apos;" date="2025-08-11T20:55:20.057" /><!-- duration: 18ms -->
          <step title="Copying file: &apos;Backend.deps.json&apos;" date="2025-08-11T20:55:20.093" /><!-- duration: 11ms -->
          <step title="Copying file: &apos;Backend.dll&apos;" date="2025-08-11T20:55:20.120" /><!-- duration: 18ms -->
          <step title="Copying file: &apos;Backend.exe&apos;" date="2025-08-11T20:55:20.150" /><!-- duration: 16ms -->
          <step title="Copying file: &apos;Backend.pdb&apos;" date="2025-08-11T20:55:20.183" /><!-- duration: 18ms -->
          <step title="Copying file: &apos;Backend.runtimeconfig.json&apos;" date="2025-08-11T20:55:20.228" /><!-- duration: 0ms -->
          <step title="Copying file: &apos;Backend.staticwebassets.endpoints.json&apos;" date="2025-08-11T20:55:20.246" /><!-- duration: 19ms -->
          <step title="Copying file: &apos;DocumentFormat.OpenXml.dll&apos;" date="2025-08-11T20:55:20.292" /><!-- duration: 0ms -->
          <step title="Copying file: &apos;DocumentFormat.OpenXml.Framework.dll&apos;" date="2025-08-11T20:55:20.311" /><!-- duration: 11ms -->
          <step title="Copying file: &apos;itext.barcodes.dll&apos;" date="2025-08-11T20:55:20.355" /><!-- duration: 0ms -->
          <step title="Copying file: &apos;itext.bouncy-castle-connector.dll&apos;" date="2025-08-11T20:55:20.385" /><!-- duration: 0ms -->
          <step title="Copying file: &apos;itext.commons.dll&apos;" date="2025-08-11T20:55:20.420" /><!-- duration: 0ms -->
          <step title="Copying file: &apos;itext.forms.dll&apos;" date="2025-08-11T20:55:20.494" /><!-- duration: 16ms -->
          <step title="Copying file: &apos;itext.io.dll&apos;" date="2025-08-11T20:55:20.526" /><!-- duration: 15ms -->
          <step title="Copying file: &apos;itext.kernel.dll&apos;" date="2025-08-11T20:55:20.572" /><!-- duration: 0ms -->
          <step title="Copying file: &apos;itext.layout.dll&apos;" date="2025-08-11T20:55:20.822" /><!-- duration: 0ms -->
          <step title="Copying file: &apos;itext.pdfa.dll&apos;" date="2025-08-11T20:55:20.839" /><!-- duration: 30ms -->
          <step title="Copying file: &apos;itext.pdfua.dll&apos;" date="2025-08-11T20:55:20.916" /><!-- duration: 16ms -->
          <step title="Copying file: &apos;itext.sign.dll&apos;" date="2025-08-11T20:55:20.951" /><!-- duration: 12ms -->
          <step title="Copying file: &apos;itext.styledxmlparser.dll&apos;" date="2025-08-11T20:55:20.979" /><!-- duration: 19ms -->
          <step title="Copying file: &apos;itext.svg.dll&apos;" date="2025-08-11T20:55:21.026" /><!-- duration: 0ms -->
          <step title="Copying file: &apos;Microsoft.AspNetCore.Authentication.JwtBearer.dll&apos;" date="2025-08-11T20:55:21.045" /><!-- duration: 12ms -->
          <step title="Copying file: &apos;Microsoft.AspNetCore.Authentication.OpenIdConnect.dll&apos;" date="2025-08-11T20:55:21.073" /><!-- duration: 19ms -->
          <step title="Copying file: &apos;Microsoft.AspNetCore.OpenApi.dll&apos;" date="2025-08-11T20:55:21.120" /><!-- duration: 18ms -->
          <step title="Copying file: &apos;Microsoft.Bcl.AsyncInterfaces.dll&apos;" date="2025-08-11T20:55:21.150" /><!-- duration: 16ms -->
          <step title="Copying file: &apos;Microsoft.Bcl.TimeProvider.dll&apos;" date="2025-08-11T20:55:21.184" /><!-- duration: 18ms -->
          <step title="Copying file: &apos;Microsoft.DotNet.PlatformAbstractions.dll&apos;" date="2025-08-11T20:55:21.229" /><!-- duration: 0ms -->
          <step title="Copying file: &apos;Microsoft.Extensions.DependencyModel.dll&apos;" date="2025-08-11T20:55:21.260" /><!-- duration: 0ms -->
          <step title="Copying file: &apos;Microsoft.Identity.Abstractions.dll&apos;" date="2025-08-11T20:55:21.295" /><!-- duration: 12ms -->
          <step title="Copying file: &apos;Microsoft.Identity.Client.dll&apos;" date="2025-08-11T20:55:21.324" /><!-- duration: 14ms -->
          <step title="Copying file: &apos;Microsoft.Identity.Client.Extensions.Msal.dll&apos;" date="2025-08-11T20:55:21.354" /><!-- duration: 17ms -->
          <step title="Copying file: &apos;Microsoft.Identity.Web.Certificate.dll&apos;" date="2025-08-11T20:55:21.389" /><!-- duration: 12ms -->
          <step title="Copying file: &apos;Microsoft.Identity.Web.Certificateless.dll&apos;" date="2025-08-11T20:55:21.417" /><!-- duration: 18ms -->
          <step title="Copying file: &apos;Microsoft.Identity.Web.Diagnostics.dll&apos;" date="2025-08-11T20:55:21.447" /><!-- duration: 16ms -->
          <step title="Copying file: &apos;Microsoft.Identity.Web.dll&apos;" date="2025-08-11T20:55:21.494" /><!-- duration: 16ms -->
          <step title="Copying file: &apos;Microsoft.Identity.Web.TokenAcquisition.dll&apos;" date="2025-08-11T20:55:21.528" /><!-- duration: 0ms -->
          <step title="Copying file: &apos;Microsoft.Identity.Web.TokenCache.dll&apos;" date="2025-08-11T20:55:21.541" /><!-- duration: 16ms -->
          <step title="Copying file: &apos;Microsoft.IdentityModel.Abstractions.dll&apos;" date="2025-08-11T20:55:21.592" /><!-- duration: 30ms -->
          <step title="Copying file: &apos;Microsoft.IdentityModel.JsonWebTokens.dll&apos;" date="2025-08-11T20:55:21.651" /><!-- duration: 0ms -->
          <step title="Copying file: &apos;Microsoft.IdentityModel.Logging.dll&apos;" date="2025-08-11T20:55:21.685" /><!-- duration: 12ms -->
          <step title="Copying file: &apos;Microsoft.IdentityModel.LoggingExtensions.dll&apos;" date="2025-08-11T20:55:21.713" /><!-- duration: 34ms -->
          <step title="Omitting next output lines..." date="2025-08-11T20:55:21.775" /><!-- duration: 18ms -->
          <step title="Finished successfully." date="2025-08-11T20:55:27.713" /><!-- duration: 16ms -->
        </step><!-- duration: 12672ms -->
        <step title="Running post deployment command(s)..." date="2025-08-11T20:55:28.339" /><!-- duration: 30ms -->
        <step title="Triggering recycle (preview mode disabled)." date="2025-08-11T20:55:28.621" /><!-- duration: 18ms -->
        <step title="Ignoring FS watcher based recycle request as this is a classic Windows app." date="2025-08-11T20:55:28.651" /><!-- duration: 16ms -->
        <step title="Deployment successful. DEPLOYMENTINFO: deploymentPath = ZipDeploy. Extract zip. , deployer = ZipDeploy, os = windows, sku = Standard, siteName = site-net, siteHostName = site-net-rrai-blue-fsgabaardkdhhnhf.centralus-01.azurewebsites.net, deploymentStatus = Success" date="2025-08-11T20:55:28.807" /><!-- duration: 20ms -->
        <step title="Purge deployment items" date="2025-08-11T20:55:29.154" >
          <step title="Remove a97d25338, Success, received at 7/15/2025 9:03:34 PM" date="2025-08-11T20:55:29.623" /><!-- duration: 12ms -->
        </step><!-- duration: 496ms -->
      </step><!-- duration: 17969ms -->
    </step><!-- duration: 18813ms -->
    <step title="Cleaning up temp files" date="2025-08-11T20:55:29.776" /><!-- duration: 18ms -->
    <step title="Skip function trigger and logicapp sync because function is not enabled." date="2025-08-11T20:55:29.840" /><!-- duration: 19ms -->
  </step><!-- duration: 22470ms -->
  <step title="LockFile &apos;C:\home\site\locks\deployments.lock&apos; released" date="2025-08-11T20:55:29.947" /><!-- duration: 16ms -->
  <step title="Deleting shutdown sentinel file" date="2025-08-11T20:55:29.981" SemaphoreCount="8" /><!-- duration: 14ms -->
</step><!-- duration: 22718ms -->
