<step title="BackgroundTrace" date="2025-07-15T21:31:12.997" instance="15b9d3" url="/deploy" method="POST" >
  <step title="Updating shutdown sentinel last write time" date="2025-07-15T21:31:13.015" SemaphoreCount="7" /><!-- duration: 29ms -->
  <step title="LockFile &apos;C:\home\site\locks\deployments.lock&apos; acquired" date="2025-07-15T21:31:13.076" /><!-- duration: 0ms -->
  <step title="Creating temporary deployment" date="2025-07-15T21:31:13.091" /><!-- duration: 18ms -->
  <step title="Performing fetch based deployment" date="2025-07-15T21:31:13.123" >
    <step title="Fetching changes." date="2025-07-15T21:31:13.346" /><!-- duration: 11ms -->
    <step title="Before sending BuildRequestReceived status to /api/updatedeploystatus" date="2025-07-15T21:31:15.127" /><!-- duration: 90ms -->
    <step title="DeploymentManager.Deploy(id:96056997d05d7dbfab4fe83ae07da139939a310f)" date="2025-07-15T21:31:15.482" >
      <step title="Collecting changeset information" date="2025-07-15T21:31:15.546" /><!-- duration: 61ms -->
      <step title="Updating submodules" date="2025-07-15T21:31:15.623" >
        <step title="Updating submodules." date="2025-07-15T21:31:15.732" /><!-- duration: 31ms -->
      </step><!-- duration: 188ms -->
      <step title="Preparing deployment for commit id &apos;96056997d0&apos;." date="2025-07-15T21:31:15.919" /><!-- duration: 0ms -->
      <step title="Determining deployment builder" date="2025-07-15T21:31:16.029" >
        <step title="Builder is CustomBuilder" date="2025-07-15T21:31:16.044" /><!-- duration: 0ms -->
      </step><!-- duration: 98ms -->
      <step title="Copying SSH keys" date="2025-07-15T21:31:16.169" /><!-- duration: 0ms -->
      <step title="Building" date="2025-07-15T21:31:16.185" >
        <step title="Running custom deployment command..." date="2025-07-15T21:31:16.263" /><!-- duration: 16ms -->
        <step title="Running deployment command..." date="2025-07-15T21:31:16.376" /><!-- duration: 28ms -->
        <step title="Command: deploy.cmd" date="2025-07-15T21:31:16.435" /><!-- duration: 16ms -->
        <step title="Executing external process" date="2025-07-15T21:31:16.515" type="process" path="starter.cmd" arguments="deploy.cmd" >
          <step title="Handling ASP.NET Core Web Application deployment." date="2025-07-15T21:31:19.937" /><!-- duration: 13ms -->
          <step title="  Determining projects to restore..." date="2025-07-15T21:31:27.935" /><!-- duration: 18ms -->
          <step title="  All projects are up-to-date for restore." date="2025-07-15T21:31:31.204" /><!-- duration: 12ms -->
          <step title="C:\home\site\repository\Backend\Program.cs(93,25): warning CS8604: Possible null reference argument for parameter &apos;uriString&apos; in &apos;Uri.Uri(string uriString)&apos;. [C:\home\site\repository\Backend\Backend.csproj]" date="2025-07-15T21:31:56.795" /><!-- duration: 0ms -->
          <step title="C:\home\site\repository\Backend\Program.cs(94,46): warning CS8604: Possible null reference argument for parameter &apos;key&apos; in &apos;AzureKeyCredential.AzureKeyCredential(string key)&apos;. [C:\home\site\repository\Backend\Backend.csproj]" date="2025-07-15T21:31:56.826" /><!-- duration: 0ms -->
          <step title="C:\home\site\repository\Backend\Program.cs(148,9): warning CS8602: Dereference of a possibly null reference. [C:\home\site\repository\Backend\Backend.csproj]" date="2025-07-15T21:31:56.873" /><!-- duration: 0ms -->
          <step title="C:\home\site\repository\Backend\Controllers\ChatController.cs(84,45): warning CS8600: Converting null literal or possible null value to non-nullable type. [C:\home\site\repository\Backend\Backend.csproj]" date="2025-07-15T21:31:56.908" /><!-- duration: 12ms -->
          <step title="C:\home\site\repository\Backend\Controllers\ChatController.cs(92,36): warning CS8600: Converting null literal or possible null value to non-nullable type. [C:\home\site\repository\Backend\Backend.csproj]" date="2025-07-15T21:31:56.954" /><!-- duration: 0ms -->
          <step title="C:\home\site\repository\Backend\Controllers\ChatController.cs(98,40): warning CS8600: Converting null literal or possible null value to non-nullable type. [C:\home\site\repository\Backend\Backend.csproj]" date="2025-07-15T21:31:56.967" /><!-- duration: 16ms -->
          <step title="C:\home\site\repository\Backend\Controllers\ChatController.cs(330,43): warning CS8600: Converting null literal or possible null value to non-nullable type. [C:\home\site\repository\Backend\Backend.csproj]" date="2025-07-15T21:31:57.030" /><!-- duration: 0ms -->
          <step title="C:\home\site\repository\Backend\Controllers\ChatController.cs(345,69): warning CS8604: Possible null reference argument for parameter &apos;message&apos; in &apos;Task&lt;IActionResult&gt; DocumentChatController.ChatWithFile(IFormFile file, string message, string? clientSessionId = null)&apos;. [C:\home\site\repository\Backend\Backend.csproj]" date="2025-07-15T21:31:57.060" /><!-- duration: 0ms -->
          <step title="C:\home\site\repository\Backend\Controllers\ChatController.cs(385,39): warning CS8600: Converting null literal or possible null value to non-nullable type. [C:\home\site\repository\Backend\Backend.csproj]" date="2025-07-15T21:31:57.076" /><!-- duration: 16ms -->
          <step title="C:\home\site\repository\Backend\Controllers\ChatController.cs(427,46): warning CS8600: Converting null literal or possible null value to non-nullable type. [C:\home\site\repository\Backend\Backend.csproj]" date="2025-07-15T21:31:57.107" /><!-- duration: 0ms -->
          <step title="C:\home\site\repository\Backend\Controllers\ConfigController.cs(82,35): warning CS8600: Converting null literal or possible null value to non-nullable type. [C:\home\site\repository\Backend\Backend.csproj]" date="2025-07-15T21:31:57.123" /><!-- duration: 18ms -->
          <step title="C:\home\site\repository\Backend\Controllers\ConfigController.cs(83,36): warning CS8600: Converting null literal or possible null value to non-nullable type. [C:\home\site\repository\Backend\Backend.csproj]" date="2025-07-15T21:31:57.154" /><!-- duration: 36ms -->
          <step title="C:\home\site\repository\Backend\Controllers\DocumentChatController.cs(159,47): warning CS8600: Converting null literal or possible null value to non-nullable type. [C:\home\site\repository\Backend\Backend.csproj]" date="2025-07-15T21:31:57.218" /><!-- duration: 0ms -->
          <step title="C:\home\site\repository\Backend\Controllers\DocumentChatController.cs(163,44): warning CS8600: Converting null literal or possible null value to non-nullable type. [C:\home\site\repository\Backend\Backend.csproj]" date="2025-07-15T21:31:57.248" /><!-- duration: 0ms -->
          <step title="C:\home\site\repository\Backend\Controllers\DocumentChatController.cs(231,36): warning CS8602: Dereference of a possibly null reference. [C:\home\site\repository\Backend\Backend.csproj]" date="2025-07-15T21:31:57.264" /><!-- duration: 19ms -->
          <step title="C:\home\site\repository\Backend\Controllers\DocumentChatController.cs(257,47): warning CS8600: Converting null literal or possible null value to non-nullable type. [C:\home\site\repository\Backend\Backend.csproj]" date="2025-07-15T21:31:57.311" /><!-- duration: 0ms -->
          <step title="C:\home\site\repository\Backend\Models\ChatModels.cs(27,23): warning CS8618: Non-nullable property &apos;DocumentInfo&apos; must contain a non-null value when exiting constructor. Consider adding the &apos;required&apos; modifier or declaring the property as nullable. [C:\home\site\repository\Backend\Backend.csproj]" date="2025-07-15T21:31:57.326" /><!-- duration: 16ms -->
          <step title="C:\home\site\repository\Backend\Services\LegacyEndpointHandler.cs(75,41): warning CS8601: Possible null reference assignment. [C:\home\site\repository\Backend\Backend.csproj]" date="2025-07-15T21:31:57.358" /><!-- duration: 0ms -->
          <step title="C:\home\site\repository\Backend\Services\LegacyEndpointHandler.cs(124,39): warning CS8600: Converting null literal or possible null value to non-nullable type. [C:\home\site\repository\Backend\Backend.csproj]" date="2025-07-15T21:31:57.389" /><!-- duration: 31ms -->
          <step title="C:\home\site\repository\Backend\Services\LegacyEndpointHandler.cs(126,38): warning CS8602: Dereference of a possibly null reference. [C:\home\site\repository\Backend\Backend.csproj]" date="2025-07-15T21:31:57.530" /><!-- duration: 77ms -->
          <step title="C:\home\site\repository\Backend\Services\LegacyEndpointHandler.cs(236,36): warning CS8601: Possible null reference assignment. [C:\home\site\repository\Backend\Backend.csproj]" date="2025-07-15T21:31:57.625" /><!-- duration: 0ms -->
          <step title="C:\home\site\repository\Backend\Services\DocumentProcessingService.cs(127,28): warning CS8602: Dereference of a possibly null reference. [C:\home\site\repository\Backend\Backend.csproj]" date="2025-07-15T21:31:57.639" /><!-- duration: 0ms -->
          <step title="C:\home\site\repository\Backend\Services\DocumentProcessingService.cs(127,28): warning CS8602: Dereference of a possibly null reference. [C:\home\site\repository\Backend\Backend.csproj]" date="2025-07-15T21:31:57.670" /><!-- duration: 0ms -->
          <step title="C:\home\site\repository\Backend\Services\DocumentProcessingService.cs(147,45): warning CS8602: Dereference of a possibly null reference. [C:\home\site\repository\Backend\Backend.csproj]" date="2025-07-15T21:31:57.685" /><!-- duration: 0ms -->
          <step title="C:\home\site\repository\Backend\Services\DocumentProcessingService.cs(155,81): warning CS8604: Possible null reference argument for parameter &apos;id&apos; in &apos;OpenXmlPart OpenXmlPartContainer.GetPartById(string id)&apos;. [C:\home\site\repository\Backend\Backend.csproj]" date="2025-07-15T21:31:57.764" /><!-- duration: 16ms -->
          <step title="C:\home\site\repository\Backend\Services\DocumentProcessingService.cs(168,64): warning CS8604: Possible null reference argument for parameter &apos;sharedStringTable&apos; in &apos;string DocumentProcessingService.GetCellValue(Cell cell, SharedStringTable sharedStringTable)&apos;. [C:\home\site\repository\Backend\Backend.csproj]" date="2025-07-15T21:31:57.921" /><!-- duration: 123ms -->
          <step title="C:\home\site\repository\Backend\Services\DocumentPersistenceService.cs(73,36): warning CS8600: Converting null literal or possible null value to non-nullable type. [C:\home\site\repository\Backend\Backend.csproj]" date="2025-07-15T21:31:58.205" /><!-- duration: 59ms -->
          <step title="C:\home\site\repository\Backend\Services\DocumentPersistenceService.cs(89,45): warning CS8601: Possible null reference assignment. [C:\home\site\repository\Backend\Backend.csproj]" date="2025-07-15T21:31:58.376" /><!-- duration: 122ms -->
          <step title="C:\home\site\repository\Backend\Services\DocumentPersistenceService.cs(92,43): warning CS8601: Possible null reference assignment. [C:\home\site\repository\Backend\Backend.csproj]" date="2025-07-15T21:31:59.107" /><!-- duration: 219ms -->
          <step title="C:\home\site\repository\Backend\Services\DocumentPersistenceService.cs(107,41): warning CS8601: Possible null reference assignment. [C:\home\site\repository\Backend\Backend.csproj]" date="2025-07-15T21:31:59.842" /><!-- duration: 206ms -->
          <step title="C:\home\site\repository\Backend\Services\DocumentPersistenceService.cs(110,39): warning CS8601: Possible null reference assignment. [C:\home\site\repository\Backend\Backend.csproj]" date="2025-07-15T21:32:00.190" /><!-- duration: 58ms -->
          <step title="C:\home\site\repository\Backend\Services\DocumentPersistenceService.cs(122,50): warning CS8602: Dereference of a possibly null reference. [C:\home\site\repository\Backend\Backend.csproj]" date="2025-07-15T21:32:00.389" /><!-- duration: 78ms -->
          <step title="C:\home\site\repository\Backend\Services\DocumentPersistenceService.cs(190,24): warning CS8603: Possible null reference return. [C:\home\site\repository\Backend\Backend.csproj]" date="2025-07-15T21:32:00.482" /><!-- duration: 19ms -->
          <step title="C:\home\site\repository\Backend\Services\DocumentPersistenceService.cs(227,32): warning CS8603: Possible null reference return. [C:\home\site\repository\Backend\Backend.csproj]" date="2025-07-15T21:32:00.529" /><!-- duration: 0ms -->
          <step title="C:\home\site\repository\Backend\Services\DocumentPersistenceService.cs(302,40): warning CS8603: Possible null reference return. [C:\home\site\repository\Backend\Backend.csproj]" date="2025-07-15T21:32:00.654" /><!-- duration: 144ms -->
          <step title="C:\home\site\repository\Backend\Services\DocumentPersistenceService.cs(318,32): warning CS8603: Possible null reference return. [C:\home\site\repository\Backend\Backend.csproj]" date="2025-07-15T21:32:00.968" /><!-- duration: 77ms -->
          <step title="C:\home\site\repository\Backend\Services\DocumentPersistenceService.cs(332,20): warning CS8603: Possible null reference return. [C:\home\site\repository\Backend\Backend.csproj]" date="2025-07-15T21:32:01.560" /><!-- duration: 81ms -->
          <step title="C:\home\site\repository\Backend\Services\DocumentContextService.cs(396,41): warning CS1998: This async method lacks &apos;await&apos; operators and will run synchronously. Consider using the &apos;await&apos; operator to await non-blocking API calls, or &apos;await Task.Run(...)&apos; to do CPU-bound work on a background thread. [C:\home\site\repository\Backend\Backend.csproj]" date="2025-07-15T21:32:01.967" /><!-- duration: 112ms -->
          <step title="C:\home\site\repository\Backend\Services\AzureFunctionService.cs(143,49): warning CS8604: Possible null reference argument for parameter &apos;oldValue&apos; in &apos;string string.Replace(string oldValue, string? newValue)&apos;. [C:\home\site\repository\Backend\Backend.csproj]" date="2025-07-15T21:32:02.456" /><!-- duration: 76ms -->
          <step title="C:\home\site\repository\Backend\Services\ChatService.cs(87,42): warning CS8600: Converting null literal or possible null value to non-nullable type. [C:\home\site\repository\Backend\Backend.csproj]" date="2025-07-15T21:32:02.671" /><!-- duration: 48ms -->
          <step title="C:\home\site\repository\Backend\Services\ChatService.cs(88,39): warning CS8600: Converting null literal or possible null value to non-nullable type. [C:\home\site\repository\Backend\Backend.csproj]" date="2025-07-15T21:32:02.826" /><!-- duration: 47ms -->
          <step title="C:\home\site\repository\Backend\Services\ChatService.cs(116,100): warning CS8604: Possible null reference argument for parameter &apos;userMessage&apos; in &apos;string IDocumentContextService.PrepareDocumentContext(DocumentInfo documentInfo, string userMessage)&apos;. [C:\home\site\repository\Backend\Backend.csproj]" date="2025-07-15T21:32:02.939" /><!-- duration: 28ms -->
          <step title="C:\home\site\repository\Backend\Services\ChatService.cs(154,54): warning CS8600: Converting null literal or possible null value to non-nullable type. [C:\home\site\repository\Backend\Backend.csproj]" date="2025-07-15T21:32:03.173" /><!-- duration: 76ms -->
          <step title="C:\home\site\repository\Backend\Services\ChatService.cs(194,28): warning CS8603: Possible null reference return. [C:\home\site\repository\Backend\Backend.csproj]" date="2025-07-15T21:32:03.531" /><!-- duration: 47ms -->
          <step title="C:\home\site\repository\Backend\Controllers\ChatController.cs(412,31): warning CA2022: Avoid inexact read with &apos;System.IO.Stream.ReadAsync(byte[], int, int)&apos; (https://learn.microsoft.com/dotnet/fundamentals/code-analysis/quality-rules/ca2022) [C:\home\site\repository\Backend\Backend.csproj]" date="2025-07-15T21:32:03.701" /><!-- duration: 31ms -->
          <step title="  Backend -&gt; C:\home\site\repository\Backend\bin\Release\net9.0\Backend.dll" date="2025-07-15T21:32:03.873" /><!-- duration: 253ms -->
          <step title="  Backend -&gt; C:\local\Temp\8ddc3e6ee1f1140\" date="2025-07-15T21:32:10.998" /><!-- duration: 18ms -->
          <step title="Creating app_offline.htm" date="2025-07-15T21:32:16.174" /><!-- duration: 12ms -->
          <step title="KuduSync.NET from: &apos;C:\local\Temp\8ddc3e6ee1f1140&apos; to: &apos;C:\home\site\wwwroot&apos;" date="2025-07-15T21:32:16.203" /><!-- duration: 14ms -->
          <step title="Copying file: &apos;Backend.dll&apos;" date="2025-07-15T21:32:16.233" /><!-- duration: 36ms -->
          <step title="Copying file: &apos;Backend.exe&apos;" date="2025-07-15T21:32:16.279" /><!-- duration: 18ms -->
          <step title="Copying file: &apos;Backend.pdb&apos;" date="2025-07-15T21:32:16.326" /><!-- duration: 17ms -->
          <step title="Deleting app_offline.htm" date="2025-07-15T21:32:16.361" /><!-- duration: 28ms -->
          <step title="Finished successfully." date="2025-07-15T21:32:16.717" /><!-- duration: 47ms -->
        </step><!-- duration: 60405ms -->
        <step title="Running post deployment command(s)..." date="2025-07-15T21:32:17.204" /><!-- duration: 13ms -->
        <step title="Triggering recycle (preview mode disabled)." date="2025-07-15T21:32:17.937" /><!-- duration: 0ms -->
        <step title="Ignoring FS watcher based recycle request as this is a classic Windows app." date="2025-07-15T21:32:17.956" /><!-- duration: 0ms -->
        <step title="Deployment successful. DEPLOYMENTINFO: deployer = GitHub, os = windows, sku = Standard, siteName = site-net, siteHostName = site-net-rrai-blue-fsgabaardkdhhnhf.centralus-01.azurewebsites.net, deploymentStatus = Success" date="2025-07-15T21:32:21.470" /><!-- duration: 674ms -->
        <step title="Purge deployment items" date="2025-07-15T21:32:25.404" >
          <step title="Remove 46ec5f9f8, Success, received at 7/15/2025 12:57:04 PM" date="2025-07-15T21:32:27.472" /><!-- duration: 122ms -->
        </step><!-- duration: 2250ms -->
      </step><!-- duration: 71735ms -->
    </step><!-- duration: 72490ms -->
    <step title="Cleaning up temp files" date="2025-07-15T21:32:28.000" /><!-- duration: 235ms -->
    <step title="Skip function trigger and logicapp sync because function is not enabled." date="2025-07-15T21:32:28.483" /><!-- duration: 18ms -->
  </step><!-- duration: 75565ms -->
  <step title="LockFile &apos;C:\home\site\locks\deployments.lock&apos; released" date="2025-07-15T21:32:28.858" /><!-- duration: 19ms -->
  <step title="Deleting shutdown sentinel file" date="2025-07-15T21:32:28.905" SemaphoreCount="8" /><!-- duration: 0ms -->
</step><!-- duration: 75938ms -->
