<step title="BackgroundTrace" date="2025-07-15T19:46:37.725" instance="15b9d3" url="/deploy" method="POST" >
  <step title="Updating shutdown sentinel last write time" date="2025-07-15T19:46:37.758" SemaphoreCount="7" /><!-- duration: 14ms -->
  <step title="LockFile &apos;C:\home\site\locks\deployments.lock&apos; acquired" date="2025-07-15T19:46:37.772" /><!-- duration: 0ms -->
  <step title="Creating temporary deployment" date="2025-07-15T19:46:37.787" /><!-- duration: 47ms -->
  <step title="Performing fetch based deployment" date="2025-07-15T19:46:37.852" >
    <step title="Fetching changes." date="2025-07-15T19:46:37.959" /><!-- duration: 16ms -->
    <step title="Before sending BuildRequestReceived status to /api/updatedeploystatus" date="2025-07-15T19:46:40.148" /><!-- duration: 0ms -->
    <step title="DeploymentManager.Deploy(id:64cd2b899781850aa7d53d5c20284b8ab66da6af)" date="2025-07-15T19:46:40.289" >
      <step title="Collecting changeset information" date="2025-07-15T19:46:40.324" /><!-- duration: 141ms -->
      <step title="Updating submodules" date="2025-07-15T19:46:40.477" >
        <step title="Updating submodules." date="2025-07-15T19:46:40.555" /><!-- duration: 16ms -->
      </step><!-- duration: 94ms -->
      <step title="Preparing deployment for commit id &apos;64cd2b8997&apos;." date="2025-07-15T19:46:40.664" /><!-- duration: 16ms -->
      <step title="Determining deployment builder" date="2025-07-15T19:46:40.774" >
        <step title="Builder is CustomBuilder" date="2025-07-15T19:46:40.789" /><!-- duration: 16ms -->
      </step><!-- duration: 47ms -->
      <step title="Copying SSH keys" date="2025-07-15T19:46:40.868" /><!-- duration: 15ms -->
      <step title="Building" date="2025-07-15T19:46:40.883" >
        <step title="Running custom deployment command..." date="2025-07-15T19:46:40.961" /><!-- duration: 16ms -->
        <step title="Running deployment command..." date="2025-07-15T19:46:41.072" /><!-- duration: 19ms -->
        <step title="Command: deploy.cmd" date="2025-07-15T19:46:41.102" /><!-- duration: 31ms -->
        <step title="Executing external process" date="2025-07-15T19:46:41.244" type="process" path="starter.cmd" arguments="deploy.cmd" >
          <step title="Handling ASP.NET Core Web Application deployment." date="2025-07-15T19:46:42.370" /><!-- duration: 13ms -->
          <step title="  Determining projects to restore..." date="2025-07-15T19:46:50.836" /><!-- duration: 0ms -->
          <step title="  All projects are up-to-date for restore." date="2025-07-15T19:46:53.055" /><!-- duration: 18ms -->
          <step title="C:\home\site\repository\Backend\Program.cs(51,9): error CS1503: Argument 4: cannot convert from &apos;Backend.Services.IDocumentContextService&apos; to &apos;Backend.Services.DocumentContextService&apos; [C:\home\site\repository\Backend\Backend.csproj]" date="2025-07-15T19:47:26.039" /><!-- duration: 64ms -->
          <step title="C:\home\site\repository\Backend\Program.cs(52,9): error CS1503: Argument 5: cannot convert from &apos;Backend.Services.IChatAnalysisService&apos; to &apos;Backend.Services.ChatAnalysisService&apos; [C:\home\site\repository\Backend\Backend.csproj]" date="2025-07-15T19:47:26.180" /><!-- duration: 31ms -->
          <step title="C:\home\site\repository\Backend\Program.cs(53,9): error CS1503: Argument 6: cannot convert from &apos;Backend.Services.IPromptEngineeringService&apos; to &apos;Backend.Services.PromptEngineeringService&apos; [C:\home\site\repository\Backend\Backend.csproj]" date="2025-07-15T19:47:26.274" /><!-- duration: 31ms -->
          <step title="C:\home\site\repository\Backend\Program.cs(58,18): error CS0311: The type &apos;Backend.Services.DocumentProcessingService&apos; cannot be used as type parameter &apos;TImplementation&apos; in the generic type or method &apos;ServiceCollectionServiceExtensions.AddTransient&lt;TService, TImplementation&gt;(IServiceCollection)&apos;. There is no implicit reference conversion from &apos;Backend.Services.DocumentProcessingService&apos; to &apos;Backend.Services.IDocumentProcessingService&apos;. [C:\home\site\repository\Backend\Backend.csproj]" date="2025-07-15T19:47:26.352" /><!-- duration: 16ms -->
          <step title="C:\home\site\repository\Backend\Program.cs(65,18): error CS0311: The type &apos;Backend.Services.ChatAnalysisService&apos; cannot be used as type parameter &apos;TImplementation&apos; in the generic type or method &apos;ServiceCollectionServiceExtensions.AddScoped&lt;TService, TImplementation&gt;(IServiceCollection)&apos;. There is no implicit reference conversion from &apos;Backend.Services.ChatAnalysisService&apos; to &apos;Backend.Services.IChatAnalysisService&apos;. [C:\home\site\repository\Backend\Backend.csproj]" date="2025-07-15T19:47:26.415" /><!-- duration: 0ms -->
          <step title="C:\home\site\repository\Backend\Program.cs(92,17): error CS1503: Argument 1: cannot convert from &apos;Azure.AzureKeyCredential&apos; to &apos;string&apos; [C:\home\site\repository\Backend\Backend.csproj]" date="2025-07-15T19:47:26.462" /><!-- duration: 19ms -->
          <step title="C:\home\site\repository\Backend\Program.cs(113,17): error CS1503: Argument 1: cannot convert from &apos;Azure.AzureKeyCredential&apos; to &apos;string&apos; [C:\home\site\repository\Backend\Backend.csproj]" date="2025-07-15T19:47:26.528" /><!-- duration: 28ms -->
          <step title="C:\home\site\repository\Backend\Program.cs(122,13): error CS1503: Argument 1: cannot convert from &apos;Azure.AzureKeyCredential&apos; to &apos;string&apos; [C:\home\site\repository\Backend\Backend.csproj]" date="2025-07-15T19:47:26.604" /><!-- duration: 76ms -->
          <step title="C:\home\site\repository\Backend\Program.cs(101,25): warning CS8604: Possible null reference argument for parameter &apos;uriString&apos; in &apos;Uri.Uri(string uriString)&apos;. [C:\home\site\repository\Backend\Backend.csproj]" date="2025-07-15T19:47:26.697" /><!-- duration: 18ms -->
          <step title="C:\home\site\repository\Backend\Program.cs(102,46): warning CS8604: Possible null reference argument for parameter &apos;key&apos; in &apos;AzureKeyCredential.AzureKeyCredential(string key)&apos;. [C:\home\site\repository\Backend\Backend.csproj]" date="2025-07-15T19:47:26.743" /><!-- duration: 31ms -->
          <step title="C:\home\site\repository\Backend\Program.cs(154,9): warning CS8602: Dereference of a possibly null reference. [C:\home\site\repository\Backend\Backend.csproj]" date="2025-07-15T19:47:26.808" /><!-- duration: 12ms -->
          <step title="C:\home\site\repository\Backend\Controllers\DocumentChatController.cs(169,55): error CS1061: &apos;IDocumentPersistenceService&apos; does not contain a definition for &apos;StoreDocumentAsync&apos; and no accessible extension method &apos;StoreDocumentAsync&apos; accepting a first argument of type &apos;IDocumentPersistenceService&apos; could be found (are you missing a using directive or an assembly reference?) [C:\home\site\repository\Backend\Backend.csproj]" date="2025-07-15T19:47:26.836" /><!-- duration: 18ms -->
          <step title="C:\home\site\repository\Backend\Controllers\DocumentChatController.cs(175,59): error CS1061: &apos;IDocumentPersistenceService&apos; does not contain a definition for &apos;StoreDocumentAsync&apos; and no accessible extension method &apos;StoreDocumentAsync&apos; accepting a first argument of type &apos;IDocumentPersistenceService&apos; could be found (are you missing a using directive or an assembly reference?) [C:\home\site\repository\Backend\Backend.csproj]" date="2025-07-15T19:47:26.883" /><!-- duration: 18ms -->
          <step title="C:\home\site\repository\Backend\Controllers\DocumentChatController.cs(158,47): warning CS8600: Converting null literal or possible null value to non-nullable type. [C:\home\site\repository\Backend\Backend.csproj]" date="2025-07-15T19:47:26.931" /><!-- duration: 0ms -->
          <step title="C:\home\site\repository\Backend\Controllers\DocumentChatController.cs(162,44): warning CS8600: Converting null literal or possible null value to non-nullable type. [C:\home\site\repository\Backend\Backend.csproj]" date="2025-07-15T19:47:26.961" /><!-- duration: 0ms -->
          <step title="C:\home\site\repository\Backend\Controllers\DocumentChatController.cs(230,36): warning CS8602: Dereference of a possibly null reference. [C:\home\site\repository\Backend\Backend.csproj]" date="2025-07-15T19:47:26.998" /><!-- duration: 11ms -->
          <step title="C:\home\site\repository\Backend\Controllers\DocumentChatController.cs(256,47): warning CS8600: Converting null literal or possible null value to non-nullable type. [C:\home\site\repository\Backend\Backend.csproj]" date="2025-07-15T19:47:27.039" /><!-- duration: 16ms -->
          <step title="C:\home\site\repository\Backend\Controllers\ConfigController.cs(82,35): warning CS8600: Converting null literal or possible null value to non-nullable type. [C:\home\site\repository\Backend\Backend.csproj]" date="2025-07-15T19:47:27.167" /><!-- duration: 0ms -->
          <step title="C:\home\site\repository\Backend\Controllers\ConfigController.cs(83,36): warning CS8600: Converting null literal or possible null value to non-nullable type. [C:\home\site\repository\Backend\Backend.csproj]" date="2025-07-15T19:47:27.196" /><!-- duration: 17ms -->
          <step title="C:\home\site\repository\Backend\Controllers\ChatController.cs(83,45): warning CS8600: Converting null literal or possible null value to non-nullable type. [C:\home\site\repository\Backend\Backend.csproj]" date="2025-07-15T19:47:27.231" /><!-- duration: 0ms -->
          <step title="C:\home\site\repository\Backend\Controllers\ChatController.cs(327,38): error CS0103: The name &apos;_documentChatController&apos; does not exist in the current context [C:\home\site\repository\Backend\Backend.csproj]" date="2025-07-15T19:47:27.259" /><!-- duration: 19ms -->
          <step title="C:\home\site\repository\Backend\Controllers\ChatController.cs(367,39): warning CS8600: Converting null literal or possible null value to non-nullable type. [C:\home\site\repository\Backend\Backend.csproj]" date="2025-07-15T19:47:27.305" /><!-- duration: 18ms -->
          <step title="C:\home\site\repository\Backend\Controllers\ChatController.cs(409,46): warning CS8600: Converting null literal or possible null value to non-nullable type. [C:\home\site\repository\Backend\Backend.csproj]" date="2025-07-15T19:47:27.336" /><!-- duration: 0ms -->
          <step title="C:\home\site\repository\Backend\Models\ChatModels.cs(27,23): warning CS8618: Non-nullable property &apos;DocumentInfo&apos; must contain a non-null value when exiting constructor. Consider adding the &apos;required&apos; modifier or declaring the property as nullable. [C:\home\site\repository\Backend\Backend.csproj]" date="2025-07-15T19:47:27.370" /><!-- duration: 18ms -->
          <step title="C:\home\site\repository\Backend\Services\AzureFunctionService.cs(142,49): warning CS8604: Possible null reference argument for parameter &apos;oldValue&apos; in &apos;string string.Replace(string oldValue, string? newValue)&apos;. [C:\home\site\repository\Backend\Backend.csproj]" date="2025-07-15T19:47:27.399" /><!-- duration: 17ms -->
          <step title="C:\home\site\repository\Backend\Services\LegacyEndpointHandler.cs(158,55): error CS1061: &apos;IDocumentPersistenceService&apos; does not contain a definition for &apos;StoreDocumentAsync&apos; and no accessible extension method &apos;StoreDocumentAsync&apos; accepting a first argument of type &apos;IDocumentPersistenceService&apos; could be found (are you missing a using directive or an assembly reference?) [C:\home\site\repository\Backend\Backend.csproj]" date="2025-07-15T19:47:27.446" /><!-- duration: 0ms -->
          <step title="C:\home\site\repository\Backend\Services\LegacyEndpointHandler.cs(164,59): error CS1061: &apos;IDocumentPersistenceService&apos; does not contain a definition for &apos;StoreDocumentAsync&apos; and no accessible extension method &apos;StoreDocumentAsync&apos; accepting a first argument of type &apos;IDocumentPersistenceService&apos; could be found (are you missing a using directive or an assembly reference?) [C:\home\site\repository\Backend\Backend.csproj]" date="2025-07-15T19:47:27.480" /><!-- duration: 0ms -->
          <step title="C:\home\site\repository\Backend\Services\LegacyEndpointHandler.cs(74,41): warning CS8601: Possible null reference assignment. [C:\home\site\repository\Backend\Backend.csproj]" date="2025-07-15T19:47:27.508" /><!-- duration: 160ms -->
          <step title="C:\home\site\repository\Backend\Services\LegacyEndpointHandler.cs(123,39): warning CS8600: Converting null literal or possible null value to non-nullable type. [C:\home\site\repository\Backend\Backend.csproj]" date="2025-07-15T19:47:27.774" /><!-- duration: 0ms -->
          <step title="C:\home\site\repository\Backend\Services\LegacyEndpointHandler.cs(125,38): warning CS8602: Dereference of a possibly null reference. [C:\home\site\repository\Backend\Backend.csproj]" date="2025-07-15T19:47:27.838" /><!-- duration: 0ms -->
          <step title="C:\home\site\repository\Backend\Services\LegacyEndpointHandler.cs(187,40): warning CS8602: Dereference of a possibly null reference. [C:\home\site\repository\Backend\Backend.csproj]" date="2025-07-15T19:47:27.867" /><!-- duration: 189ms -->
          <step title="C:\home\site\repository\Backend\Services\ChatService.cs(77,42): warning CS8600: Converting null literal or possible null value to non-nullable type. [C:\home\site\repository\Backend\Backend.csproj]" date="2025-07-15T19:47:28.262" /><!-- duration: 11ms -->
          <step title="C:\home\site\repository\Backend\Services\ChatService.cs(105,100): warning CS8604: Possible null reference argument for parameter &apos;userMessage&apos; in &apos;string DocumentContextService.PrepareDocumentContext(DocumentInfo documentInfo, string userMessage)&apos;. [C:\home\site\repository\Backend\Backend.csproj]" date="2025-07-15T19:47:28.321" /><!-- duration: 18ms -->
          <step title="C:\home\site\repository\Backend\Services\ChatService.cs(132,54): warning CS8600: Converting null literal or possible null value to non-nullable type. [C:\home\site\repository\Backend\Backend.csproj]" date="2025-07-15T19:47:28.557" /><!-- duration: 29ms -->
          <step title="C:\home\site\repository\Backend\Services\ChatService.cs(172,28): warning CS8603: Possible null reference return. [C:\home\site\repository\Backend\Backend.csproj]" date="2025-07-15T19:47:28.634" /><!-- duration: 468ms -->
          <step title="C:\home\site\repository\Backend\Services\DocumentProcessingService.cs(126,28): warning CS8602: Dereference of a possibly null reference. [C:\home\site\repository\Backend\Backend.csproj]" date="2025-07-15T19:47:29.431" /><!-- duration: 143ms -->
          <step title="C:\home\site\repository\Backend\Services\DocumentProcessingService.cs(126,28): warning CS8602: Dereference of a possibly null reference. [C:\home\site\repository\Backend\Backend.csproj]" date="2025-07-15T19:47:29.696" /><!-- duration: 47ms -->
          <step title="C:\home\site\repository\Backend\Services\DocumentProcessingService.cs(146,45): warning CS8602: Dereference of a possibly null reference. [C:\home\site\repository\Backend\Backend.csproj]" date="2025-07-15T19:47:29.809" /><!-- duration: 12ms -->
          <step title="C:\home\site\repository\Backend\Services\DocumentProcessingService.cs(154,81): warning CS8604: Possible null reference argument for parameter &apos;id&apos; in &apos;OpenXmlPart OpenXmlPartContainer.GetPartById(string id)&apos;. [C:\home\site\repository\Backend\Backend.csproj]" date="2025-07-15T19:47:29.884" /><!-- duration: 30ms -->
          <step title="C:\home\site\repository\Backend\Services\DocumentProcessingService.cs(167,64): warning CS8604: Possible null reference argument for parameter &apos;sharedStringTable&apos; in &apos;string DocumentProcessingService.GetCellValue(Cell cell, SharedStringTable sharedStringTable)&apos;. [C:\home\site\repository\Backend\Backend.csproj]" date="2025-07-15T19:47:29.979" /><!-- duration: 47ms -->
          <step title="C:\home\site\repository\Backend\Services\DocumentPersistenceService.cs(72,36): warning CS8600: Converting null literal or possible null value to non-nullable type. [C:\home\site\repository\Backend\Backend.csproj]" date="2025-07-15T19:47:30.123" /><!-- duration: 27ms -->
          <step title="C:\home\site\repository\Backend\Services\DocumentPersistenceService.cs(88,45): warning CS8601: Possible null reference assignment. [C:\home\site\repository\Backend\Backend.csproj]" date="2025-07-15T19:47:30.213" /><!-- duration: 48ms -->
          <step title="C:\home\site\repository\Backend\Services\DocumentPersistenceService.cs(91,43): warning CS8601: Possible null reference assignment. [C:\home\site\repository\Backend\Backend.csproj]" date="2025-07-15T19:47:30.321" /><!-- duration: 47ms -->
          <step title="C:\home\site\repository\Backend\Services\DocumentPersistenceService.cs(106,41): warning CS8601: Possible null reference assignment. [C:\home\site\repository\Backend\Backend.csproj]" date="2025-07-15T19:47:30.450" /><!-- duration: 29ms -->
          <step title="C:\home\site\repository\Backend\Services\DocumentPersistenceService.cs(109,39): warning CS8601: Possible null reference assignment. [C:\home\site\repository\Backend\Backend.csproj]" date="2025-07-15T19:47:30.621" /><!-- duration: 29ms -->
          <step title="C:\home\site\repository\Backend\Services\DocumentPersistenceService.cs(121,50): warning CS8602: Dereference of a possibly null reference. [C:\home\site\repository\Backend\Backend.csproj]" date="2025-07-15T19:47:30.711" /><!-- duration: 16ms -->
          <step title="C:\home\site\repository\Backend\Services\DocumentPersistenceService.cs(189,24): warning CS8603: Possible null reference return. [C:\home\site\repository\Backend\Backend.csproj]" date="2025-07-15T19:47:30.821" /><!-- duration: 47ms -->
          <step title="C:\home\site\repository\Backend\Services\DocumentPersistenceService.cs(226,32): warning CS8603: Possible null reference return. [C:\home\site\repository\Backend\Backend.csproj]" date="2025-07-15T19:47:30.946" /><!-- duration: 65ms -->
          <step title="C:\home\site\repository\Backend\Services\DocumentPersistenceService.cs(301,40): warning CS8603: Possible null reference return. [C:\home\site\repository\Backend\Backend.csproj]" date="2025-07-15T19:47:31.168" /><!-- duration: 47ms -->
          <step title="C:\home\site\repository\Backend\Services\DocumentPersistenceService.cs(317,32): warning CS8603: Possible null reference return. [C:\home\site\repository\Backend\Backend.csproj]" date="2025-07-15T19:47:31.309" /><!-- duration: 47ms -->
          <step title="C:\home\site\repository\Backend\Services\DocumentPersistenceService.cs(331,20): warning CS8603: Possible null reference return. [C:\home\site\repository\Backend\Backend.csproj]" date="2025-07-15T19:47:31.414" /><!-- duration: 64ms -->
          <step title="C:\home\site\repository\Backend\Services\DocumentContextService.cs(395,41): warning CS1998: This async method lacks &apos;await&apos; operators and will run synchronously. Consider using the &apos;await&apos; operator to await non-blocking API calls, or &apos;await Task.Run(...)&apos; to do CPU-bound work on a background thread. [C:\home\site\repository\Backend\Backend.csproj]" date="2025-07-15T19:47:31.555" /><!-- duration: 36ms -->
          <step title="C:\home\site\repository\Backend\Controllers\ChatController.cs(394,31): warning CA2022: Avoid inexact read with &apos;System.IO.Stream.ReadAsync(byte[], int, int)&apos; (https://learn.microsoft.com/dotnet/fundamentals/code-analysis/quality-rules/ca2022) [C:\home\site\repository\Backend\Backend.csproj]" date="2025-07-15T19:47:31.638" /><!-- duration: 42ms -->
          <step title="Failed exitCode=1, command=dotnet publish &quot;C:\home\site\repository\Backend\Backend.csproj&quot; --configuration Release --output &quot;C:\local\Temp\8ddc3d851bd8cdd&quot; --no-restore" date="2025-07-15T19:47:31.840" /><!-- duration: 29ms -->
          <step title="An error has occurred during web site deployment." date="2025-07-15T19:47:32.012" /><!-- duration: 29ms -->
          <step title="Process dump" date="2025-07-15T19:47:32.117" exitCode="255" type="processOutput" /><!-- duration: 47ms -->
        </step><!-- duration: 51003ms -->
        <step title="
C:\Program Files (x86)\SiteExtensions\Kudu\103.250502.001\bin\Scripts\starter.cmd deploy.cmd DEPLOYMENTINFO: deployer = GitHub, os = windows, sku = Standard, siteName = site-net, siteHostName = site-net-rrai-blue-fsgabaardkdhhnhf.centralus-01.azurewebsites.net, deploymentStatus = Error" date="2025-07-15T19:47:32.305" /><!-- duration: 0ms -->
        <step title="Error occurred" date="2025-07-15T19:47:32.336" type="error" text="
C:\Program Files (x86)\SiteExtensions\Kudu\103.250502.001\bin\Scripts\starter.cmd deploy.cmd" stackTrace="   at Kudu.Core.Infrastructure.Executable.ExecuteInternal(ITracer tracer, Func`2 onWriteOutput, Func`2 onWriteError, Encoding encoding, String arguments, Object[] args)
   at Kudu.Core.Infrastructure.Executable.ExecuteWithProgressWriter(ILogger logger, ITracer tracer, String arguments, Object[] args)
   at Kudu.Core.Deployment.Generator.ExternalCommandBuilder.RunCommand(DeploymentContext context, String command, Boolean ignoreManifest, String message)" /><!-- duration: 33ms -->
      </step><!-- duration: 52141ms -->
      <step title="Error occurred" date="2025-07-15T19:47:33.040" type="error" text="
C:\Program Files (x86)\SiteExtensions\Kudu\103.250502.001\bin\Scripts\starter.cmd deploy.cmd" stackTrace="   at Kudu.Core.Infrastructure.Executable.ExecuteInternal(ITracer tracer, Func`2 onWriteOutput, Func`2 onWriteError, Encoding encoding, String arguments, Object[] args)
   at Kudu.Core.Infrastructure.Executable.ExecuteWithProgressWriter(ILogger logger, ITracer tracer, String arguments, Object[] args)
   at Kudu.Core.Deployment.Generator.ExternalCommandBuilder.RunCommand(DeploymentContext context, String command, Boolean ignoreManifest, String message)
   at Kudu.Core.Deployment.Generator.CustomBuilder.Build(DeploymentContext context)
--- End of stack trace from previous location where exception was thrown ---
   at System.Runtime.CompilerServices.TaskAwaiter.ThrowForNonSuccess(Task task)
   at System.Runtime.CompilerServices.TaskAwaiter.HandleNonSuccessAndDebuggerNotification(Task task)
   at System.Runtime.CompilerServices.TaskAwaiter.ValidateEnd(Task task)
   at Kudu.Core.Deployment.DeploymentManager.&lt;Build&gt;d__38.MoveNext()" /><!-- duration: 0ms -->
      <step title="Deployment Failed. DEPLOYMENTINFO: deployer = GitHub, os = windows, sku = Standard, siteName = site-net, siteHostName = site-net-rrai-blue-fsgabaardkdhhnhf.centralus-01.azurewebsites.net, deploymentStatus = Failed" date="2025-07-15T19:47:33.227" /><!-- duration: 31ms -->
    </step><!-- duration: 53016ms -->
    <step title="Cleaning up temp files" date="2025-07-15T19:47:33.340" /><!-- duration: 11ms -->
  </step><!-- duration: 55813ms -->
  <step title="LockFile &apos;C:\home\site\locks\deployments.lock&apos; released" date="2025-07-15T19:47:33.789" /><!-- duration: 19ms -->
  <step title="Deleting shutdown sentinel file" date="2025-07-15T19:47:33.884" SemaphoreCount="8" /><!-- duration: 30ms -->
</step><!-- duration: 56225ms -->
