<step title="BackgroundTrace" date="2025-07-17T12:22:07.171" instance="15b9d3" url="/deploy" method="POST" >
  <step title="Updating shutdown sentinel last write time" date="2025-07-17T12:22:07.186" SemaphoreCount="7" /><!-- duration: 16ms -->
  <step title="LockFile &apos;C:\home\site\locks\deployments.lock&apos; acquired" date="2025-07-17T12:22:07.202" /><!-- duration: 16ms -->
  <step title="Creating temporary deployment" date="2025-07-17T12:22:07.346" /><!-- duration: 157ms -->
  <step title="Performing fetch based deployment" date="2025-07-17T12:22:07.577" >
    <step title="Fetching changes." date="2025-07-17T12:22:07.718" /><!-- duration: 16ms -->
    <step title="Before sending BuildRequestReceived status to /api/updatedeploystatus" date="2025-07-17T12:22:10.458" /><!-- duration: 16ms -->
    <step title="DeploymentManager.Deploy(id:528e03b7b8948c80bc2fe6fecc0e630607041de9)" date="2025-07-17T12:22:10.587" >
      <step title="Collecting changeset information" date="2025-07-17T12:22:10.616" /><!-- duration: 108ms -->
      <step title="Updating submodules" date="2025-07-17T12:22:10.758" >
        <step title="Updating submodules." date="2025-07-17T12:22:10.896" /><!-- duration: 31ms -->
      </step><!-- duration: 185ms -->
      <step title="Preparing deployment for commit id &apos;528e03b7b8&apos;." date="2025-07-17T12:22:11.005" /><!-- duration: 16ms -->
      <step title="Determining deployment builder" date="2025-07-17T12:22:11.286" >
        <step title="Builder is CustomBuilder" date="2025-07-17T12:22:11.302" /><!-- duration: 17ms -->
      </step><!-- duration: 33ms -->
      <step title="Copying SSH keys" date="2025-07-17T12:22:11.384" /><!-- duration: 28ms -->
      <step title="Building" date="2025-07-17T12:22:11.413" >
        <step title="Running custom deployment command..." date="2025-07-17T12:22:11.630" /><!-- duration: 0ms -->
        <step title="Running deployment command..." date="2025-07-17T12:22:11.724" /><!-- duration: 18ms -->
        <step title="Command: deploy.cmd" date="2025-07-17T12:22:11.755" /><!-- duration: 0ms -->
        <step title="Executing external process" date="2025-07-17T12:22:11.818" type="process" path="starter.cmd" arguments="deploy.cmd" >
          <step title="Handling ASP.NET Core Web Application deployment." date="2025-07-17T12:22:13.239" /><!-- duration: 17ms -->
          <step title="  Determining projects to restore..." date="2025-07-17T12:22:21.632" /><!-- duration: 13ms -->
          <step title="  All projects are up-to-date for restore." date="2025-07-17T12:22:24.099" /><!-- duration: 0ms -->
          <step title="C:\home\site\repository\Backend\Services\ChatService.cs(39,69): warning CS8625: Cannot convert null literal to non-nullable reference type. [C:\home\site\repository\Backend\Backend.csproj]" date="2025-07-17T12:23:35.603" /><!-- duration: 17ms -->
          <step title="C:\home\site\repository\Backend\Controllers\DiagnosticController.cs(29,58): warning CS8625: Cannot convert null literal to non-nullable reference type. [C:\home\site\repository\Backend\Backend.csproj]" date="2025-07-17T12:23:35.638" /><!-- duration: 0ms -->
          <step title="C:\home\site\repository\Backend\Program.cs(107,25): warning CS8604: Possible null reference argument for parameter &apos;uriString&apos; in &apos;Uri.Uri(string uriString)&apos;. [C:\home\site\repository\Backend\Backend.csproj]" date="2025-07-17T12:23:35.667" /><!-- duration: 0ms -->
          <step title="C:\home\site\repository\Backend\Program.cs(108,46): warning CS8604: Possible null reference argument for parameter &apos;key&apos; in &apos;AzureKeyCredential.AzureKeyCredential(string key)&apos;. [C:\home\site\repository\Backend\Backend.csproj]" date="2025-07-17T12:23:35.681" /><!-- duration: 16ms -->
          <step title="C:\home\site\repository\Backend\Program.cs(162,9): warning CS8602: Dereference of a possibly null reference. [C:\home\site\repository\Backend\Backend.csproj]" date="2025-07-17T12:23:35.714" /><!-- duration: 13ms -->
          <step title="C:\home\site\repository\Backend\Controllers\DocumentChatController.cs(159,47): warning CS8600: Converting null literal or possible null value to non-nullable type. [C:\home\site\repository\Backend\Backend.csproj]" date="2025-07-17T12:23:35.743" /><!-- duration: 19ms -->
          <step title="C:\home\site\repository\Backend\Controllers\DocumentChatController.cs(163,44): warning CS8600: Converting null literal or possible null value to non-nullable type. [C:\home\site\repository\Backend\Backend.csproj]" date="2025-07-17T12:23:35.774" /><!-- duration: 16ms -->
          <step title="C:\home\site\repository\Backend\Controllers\DocumentChatController.cs(231,36): warning CS8602: Dereference of a possibly null reference. [C:\home\site\repository\Backend\Backend.csproj]" date="2025-07-17T12:23:35.809" /><!-- duration: 0ms -->
          <step title="C:\home\site\repository\Backend\Controllers\DocumentChatController.cs(257,47): warning CS8600: Converting null literal or possible null value to non-nullable type. [C:\home\site\repository\Backend\Backend.csproj]" date="2025-07-17T12:23:35.838" /><!-- duration: 19ms -->
          <step title="C:\home\site\repository\Backend\Controllers\DiagnosticController.cs(177,37): warning CS8600: Converting null literal or possible null value to non-nullable type. [C:\home\site\repository\Backend\Backend.csproj]" date="2025-07-17T12:23:35.868" /><!-- duration: 17ms -->
          <step title="C:\home\site\repository\Backend\Controllers\DiagnosticController.cs(263,124): warning CS8602: Dereference of a possibly null reference. [C:\home\site\repository\Backend\Backend.csproj]" date="2025-07-17T12:23:35.915" /><!-- duration: 0ms -->
          <step title="C:\home\site\repository\Backend\Controllers\DiagnosticController.cs(413,31): warning CS8602: Dereference of a possibly null reference. [C:\home\site\repository\Backend\Backend.csproj]" date="2025-07-17T12:23:35.946" /><!-- duration: 16ms -->
          <step title="C:\home\site\repository\Backend\Controllers\DiagnosticController.cs(461,54): warning CS8602: Dereference of a possibly null reference. [C:\home\site\repository\Backend\Backend.csproj]" date="2025-07-17T12:23:35.993" /><!-- duration: 16ms -->
          <step title="C:\home\site\repository\Backend\Controllers\DiagnosticController.cs(513,76): warning CS8600: Converting null literal or possible null value to non-nullable type. [C:\home\site\repository\Backend\Backend.csproj]" date="2025-07-17T12:23:36.030" /><!-- duration: 10ms -->
          <step title="C:\home\site\repository\Backend\Controllers\DiagnosticController.cs(514,79): warning CS8600: Converting null literal or possible null value to non-nullable type. [C:\home\site\repository\Backend\Backend.csproj]" date="2025-07-17T12:23:36.061" /><!-- duration: 11ms -->
          <step title="C:\home\site\repository\Backend\Controllers\DiagnosticController.cs(515,85): warning CS8600: Converting null literal or possible null value to non-nullable type. [C:\home\site\repository\Backend\Backend.csproj]" date="2025-07-17T12:23:36.091" /><!-- duration: 12ms -->
          <step title="C:\home\site\repository\Backend\Controllers\DiagnosticController.cs(529,80): warning CS8600: Converting null literal or possible null value to non-nullable type. [C:\home\site\repository\Backend\Backend.csproj]" date="2025-07-17T12:23:36.119" /><!-- duration: 19ms -->
          <step title="C:\home\site\repository\Backend\Controllers\DiagnosticController.cs(581,99): warning CS8604: Possible null reference argument for parameter &apos;oldValue&apos; in &apos;string string.Replace(string oldValue, string? newValue)&apos;. [C:\home\site\repository\Backend\Backend.csproj]" date="2025-07-17T12:23:36.149" /><!-- duration: 16ms -->
          <step title="C:\home\site\repository\Backend\Controllers\DiagnosticController.cs(593,48): warning CS8600: Converting null literal or possible null value to non-nullable type. [C:\home\site\repository\Backend\Backend.csproj]" date="2025-07-17T12:23:36.184" /><!-- duration: 12ms -->
          <step title="C:\home\site\repository\Backend\Controllers\DiagnosticController.cs(648,52): warning CS8600: Converting null literal or possible null value to non-nullable type. [C:\home\site\repository\Backend\Backend.csproj]" date="2025-07-17T12:23:36.231" /><!-- duration: 0ms -->
          <step title="C:\home\site\repository\Backend\Controllers\ConfigController.cs(82,35): warning CS8600: Converting null literal or possible null value to non-nullable type. [C:\home\site\repository\Backend\Backend.csproj]" date="2025-07-17T12:23:36.260" /><!-- duration: 0ms -->
          <step title="C:\home\site\repository\Backend\Controllers\ConfigController.cs(83,36): warning CS8600: Converting null literal or possible null value to non-nullable type. [C:\home\site\repository\Backend\Backend.csproj]" date="2025-07-17T12:23:36.290" /><!-- duration: 0ms -->
          <step title="C:\home\site\repository\Backend\Services\LegacyEndpointHandler.cs(75,41): warning CS8601: Possible null reference assignment. [C:\home\site\repository\Backend\Backend.csproj]" date="2025-07-17T12:23:36.307" /><!-- duration: 19ms -->
          <step title="C:\home\site\repository\Backend\Services\LegacyEndpointHandler.cs(124,39): warning CS8600: Converting null literal or possible null value to non-nullable type. [C:\home\site\repository\Backend\Backend.csproj]" date="2025-07-17T12:23:36.354" /><!-- duration: 0ms -->
          <step title="C:\home\site\repository\Backend\Services\LegacyEndpointHandler.cs(126,38): warning CS8602: Dereference of a possibly null reference. [C:\home\site\repository\Backend\Backend.csproj]" date="2025-07-17T12:23:36.384" /><!-- duration: 0ms -->
          <step title="C:\home\site\repository\Backend\Services\LegacyEndpointHandler.cs(236,36): warning CS8601: Possible null reference assignment. [C:\home\site\repository\Backend\Backend.csproj]" date="2025-07-17T12:23:36.420" /><!-- duration: 10ms -->
          <step title="C:\home\site\repository\Backend\Controllers\ChatController.cs(84,45): warning CS8600: Converting null literal or possible null value to non-nullable type. [C:\home\site\repository\Backend\Backend.csproj]" date="2025-07-17T12:23:36.478" /><!-- duration: 0ms -->
          <step title="C:\home\site\repository\Backend\Controllers\ChatController.cs(92,36): warning CS8600: Converting null literal or possible null value to non-nullable type. [C:\home\site\repository\Backend\Backend.csproj]" date="2025-07-17T12:23:36.509" /><!-- duration: 16ms -->
          <step title="C:\home\site\repository\Backend\Controllers\ChatController.cs(98,40): warning CS8600: Converting null literal or possible null value to non-nullable type. [C:\home\site\repository\Backend\Backend.csproj]" date="2025-07-17T12:23:36.572" /><!-- duration: 19ms -->
          <step title="C:\home\site\repository\Backend\Models\ChatModels.cs(27,23): warning CS8618: Non-nullable property &apos;DocumentInfo&apos; must contain a non-null value when exiting constructor. Consider adding the &apos;required&apos; modifier or declaring the property as nullable. [C:\home\site\repository\Backend\Backend.csproj]" date="2025-07-17T12:23:36.603" /><!-- duration: 17ms -->
          <step title="C:\home\site\repository\Backend\Controllers\ChatController.cs(330,43): warning CS8600: Converting null literal or possible null value to non-nullable type. [C:\home\site\repository\Backend\Backend.csproj]" date="2025-07-17T12:23:36.667" /><!-- duration: 0ms -->
          <step title="C:\home\site\repository\Backend\Controllers\ChatController.cs(345,69): warning CS8604: Possible null reference argument for parameter &apos;message&apos; in &apos;Task&lt;IActionResult&gt; DocumentChatController.ChatWithFile(IFormFile file, string message, string? clientSessionId = null)&apos;. [C:\home\site\repository\Backend\Backend.csproj]" date="2025-07-17T12:23:36.774" /><!-- duration: 16ms -->
          <step title="C:\home\site\repository\Backend\Controllers\ChatController.cs(385,39): warning CS8600: Converting null literal or possible null value to non-nullable type. [C:\home\site\repository\Backend\Backend.csproj]" date="2025-07-17T12:23:36.886" /><!-- duration: 29ms -->
          <step title="C:\home\site\repository\Backend\Controllers\ChatController.cs(427,46): warning CS8600: Converting null literal or possible null value to non-nullable type. [C:\home\site\repository\Backend\Backend.csproj]" date="2025-07-17T12:23:36.933" /><!-- duration: 13ms -->
          <step title="C:\home\site\repository\Backend\Services\AzureFunctionService.cs(50,33): warning CS8600: Converting null literal or possible null value to non-nullable type. [C:\home\site\repository\Backend\Backend.csproj]" date="2025-07-17T12:23:36.946" /><!-- duration: 16ms -->
          <step title="C:\home\site\repository\Backend\Services\AzureFunctionService.cs(51,36): warning CS8600: Converting null literal or possible null value to non-nullable type. [C:\home\site\repository\Backend\Backend.csproj]" date="2025-07-17T12:23:36.978" /><!-- duration: 0ms -->
          <step title="C:\home\site\repository\Backend\Services\AzureFunctionService.cs(62,33): warning CS8600: Converting null literal or possible null value to non-nullable type. [C:\home\site\repository\Backend\Backend.csproj]" date="2025-07-17T12:23:36.993" /><!-- duration: 0ms -->
          <step title="C:\home\site\repository\Backend\Services\AzureFunctionService.cs(63,36): warning CS8600: Converting null literal or possible null value to non-nullable type. [C:\home\site\repository\Backend\Backend.csproj]" date="2025-07-17T12:23:37.009" /><!-- duration: 0ms -->
          <step title="C:\home\site\repository\Backend\Services\DocumentPersistenceService.cs(73,36): warning CS8600: Converting null literal or possible null value to non-nullable type. [C:\home\site\repository\Backend\Backend.csproj]" date="2025-07-17T12:23:37.024" /><!-- duration: 0ms -->
          <step title="C:\home\site\repository\Backend\Services\DocumentPersistenceService.cs(89,45): warning CS8601: Possible null reference assignment. [C:\home\site\repository\Backend\Backend.csproj]" date="2025-07-17T12:23:37.040" /><!-- duration: 0ms -->
          <step title="C:\home\site\repository\Backend\Services\DocumentPersistenceService.cs(92,43): warning CS8601: Possible null reference assignment. [C:\home\site\repository\Backend\Backend.csproj]" date="2025-07-17T12:23:37.103" /><!-- duration: 18ms -->
          <step title="C:\home\site\repository\Backend\Services\DocumentPersistenceService.cs(107,41): warning CS8601: Possible null reference assignment. [C:\home\site\repository\Backend\Backend.csproj]" date="2025-07-17T12:23:37.149" /><!-- duration: 0ms -->
          <step title="C:\home\site\repository\Backend\Services\DocumentPersistenceService.cs(110,39): warning CS8601: Possible null reference assignment. [C:\home\site\repository\Backend\Backend.csproj]" date="2025-07-17T12:23:37.181" /><!-- duration: 16ms -->
          <step title="C:\home\site\repository\Backend\Services\DocumentPersistenceService.cs(122,50): warning CS8602: Dereference of a possibly null reference. [C:\home\site\repository\Backend\Backend.csproj]" date="2025-07-17T12:23:37.215" /><!-- duration: 13ms -->
          <step title="C:\home\site\repository\Backend\Services\DocumentPersistenceService.cs(190,24): warning CS8603: Possible null reference return. [C:\home\site\repository\Backend\Backend.csproj]" date="2025-07-17T12:23:37.243" /><!-- duration: 19ms -->
          <step title="C:\home\site\repository\Backend\Services\DocumentPersistenceService.cs(227,32): warning CS8603: Possible null reference return. [C:\home\site\repository\Backend\Backend.csproj]" date="2025-07-17T12:23:37.290" /><!-- duration: 19ms -->
          <step title="C:\home\site\repository\Backend\Services\DocumentPersistenceService.cs(302,40): warning CS8603: Possible null reference return. [C:\home\site\repository\Backend\Backend.csproj]" date="2025-07-17T12:23:37.337" /><!-- duration: 0ms -->
          <step title="C:\home\site\repository\Backend\Services\DocumentPersistenceService.cs(318,32): warning CS8603: Possible null reference return. [C:\home\site\repository\Backend\Backend.csproj]" date="2025-07-17T12:23:37.356" /><!-- duration: 12ms -->
          <step title="C:\home\site\repository\Backend\Services\DocumentPersistenceService.cs(332,20): warning CS8603: Possible null reference return. [C:\home\site\repository\Backend\Backend.csproj]" date="2025-07-17T12:23:37.384" /><!-- duration: 19ms -->
          <step title="C:\home\site\repository\Backend\Services\ChatService.cs(106,42): warning CS8600: Converting null literal or possible null value to non-nullable type. [C:\home\site\repository\Backend\Backend.csproj]" date="2025-07-17T12:23:37.415" /><!-- duration: 16ms -->
          <step title="C:\home\site\repository\Backend\Services\ChatService.cs(107,39): warning CS8600: Converting null literal or possible null value to non-nullable type. [C:\home\site\repository\Backend\Backend.csproj]" date="2025-07-17T12:23:37.540" /><!-- duration: 16ms -->
          <step title="C:\home\site\repository\Backend\Services\ChatService.cs(135,100): warning CS8604: Possible null reference argument for parameter &apos;userMessage&apos; in &apos;string IDocumentContextService.PrepareDocumentContext(DocumentInfo documentInfo, string userMessage)&apos;. [C:\home\site\repository\Backend\Backend.csproj]" date="2025-07-17T12:23:37.574" /><!-- duration: 13ms -->
          <step title="C:\home\site\repository\Backend\Services\ChatService.cs(173,54): warning CS8600: Converting null literal or possible null value to non-nullable type. [C:\home\site\repository\Backend\Backend.csproj]" date="2025-07-17T12:23:37.621" /><!-- duration: 0ms -->
          <step title="C:\home\site\repository\Backend\Services\ChatService.cs(258,95): warning CS8604: Possible null reference argument for parameter &apos;userMessage&apos; in &apos;Task IAzureFunctionService.SaveConversationAsync(string userMessage, string aiResponse)&apos;. [C:\home\site\repository\Backend\Backend.csproj]" date="2025-07-17T12:23:37.715" /><!-- duration: 0ms -->
          <step title="C:\home\site\repository\Backend\Services\ChatService.cs(258,104): warning CS8604: Possible null reference argument for parameter &apos;aiResponse&apos; in &apos;Task IAzureFunctionService.SaveConversationAsync(string userMessage, string aiResponse)&apos;. [C:\home\site\repository\Backend\Backend.csproj]" date="2025-07-17T12:23:37.743" /><!-- duration: 0ms -->
          <step title="C:\home\site\repository\Backend\Services\ChatService.cs(296,28): warning CS8603: Possible null reference return. [C:\home\site\repository\Backend\Backend.csproj]" date="2025-07-17T12:23:37.790" /><!-- duration: 19ms -->
          <step title="C:\home\site\repository\Backend\Services\DocumentContextService.cs(396,41): warning CS1998: This async method lacks &apos;await&apos; operators and will run synchronously. Consider using the &apos;await&apos; operator to await non-blocking API calls, or &apos;await Task.Run(...)&apos; to do CPU-bound work on a background thread. [C:\home\site\repository\Backend\Backend.csproj]" date="2025-07-17T12:23:37.905" /><!-- duration: 11ms -->
          <step title="C:\home\site\repository\Backend\Services\DocumentProcessingService.cs(127,28): warning CS8602: Dereference of a possibly null reference. [C:\home\site\repository\Backend\Backend.csproj]" date="2025-07-17T12:23:37.980" /><!-- duration: 13ms -->
          <step title="C:\home\site\repository\Backend\Services\DocumentProcessingService.cs(127,28): warning CS8602: Dereference of a possibly null reference. [C:\home\site\repository\Backend\Backend.csproj]" date="2025-07-17T12:23:38.040" /><!-- duration: 126ms -->
          <step title="C:\home\site\repository\Backend\Services\DocumentProcessingService.cs(147,45): warning CS8602: Dereference of a possibly null reference. [C:\home\site\repository\Backend\Backend.csproj]" date="2025-07-17T12:23:38.556" /><!-- duration: 95ms -->
          <step title="C:\home\site\repository\Backend\Services\DocumentProcessingService.cs(155,81): warning CS8604: Possible null reference argument for parameter &apos;id&apos; in &apos;OpenXmlPart OpenXmlPartContainer.GetPartById(string id)&apos;. [C:\home\site\repository\Backend\Backend.csproj]" date="2025-07-17T12:23:38.965" /><!-- duration: 220ms -->
          <step title="C:\home\site\repository\Backend\Services\DocumentProcessingService.cs(168,64): warning CS8604: Possible null reference argument for parameter &apos;sharedStringTable&apos; in &apos;string DocumentProcessingService.GetCellValue(Cell cell, SharedStringTable sharedStringTable)&apos;. [C:\home\site\repository\Backend\Backend.csproj]" date="2025-07-17T12:23:39.337" /><!-- duration: 67ms -->
          <step title="C:\home\site\repository\Backend\Program.cs(65,14): warning ASP0000: Calling &apos;BuildServiceProvider&apos; from application code results in an additional copy of singleton services being created. Consider alternatives such as dependency injecting services as parameters to &apos;Configure&apos;. (https://aka.ms/AA5k895) [C:\home\site\repository\Backend\Backend.csproj]" date="2025-07-17T12:23:39.540" /><!-- duration: 47ms -->
          <step title="C:\home\site\repository\Backend\Controllers\ChatController.cs(412,31): warning CA2022: Avoid inexact read with &apos;System.IO.Stream.ReadAsync(byte[], int, int)&apos; (https://learn.microsoft.com/dotnet/fundamentals/code-analysis/quality-rules/ca2022) [C:\home\site\repository\Backend\Backend.csproj]" date="2025-07-17T12:23:39.652" /><!-- duration: 142ms -->
          <step title="  Backend -&gt; C:\home\site\repository\Backend\bin\Release\net9.0\Backend.dll" date="2025-07-17T12:23:40.371" /><!-- duration: 0ms -->
          <step title="  Backend -&gt; C:\local\Temp\8ddc52c8e4e1428\" date="2025-07-17T12:23:47.400" /><!-- duration: 0ms -->
          <step title="Creating app_offline.htm" date="2025-07-17T12:23:52.730" /><!-- duration: 0ms -->
          <step title="KuduSync.NET from: &apos;C:\local\Temp\8ddc52c8e4e1428&apos; to: &apos;C:\home\site\wwwroot&apos;" date="2025-07-17T12:23:52.759" /><!-- duration: 18ms -->
          <step title="Copying file: &apos;Backend.dll&apos;" date="2025-07-17T12:23:52.790" /><!-- duration: 16ms -->
          <step title="Copying file: &apos;Backend.exe&apos;" date="2025-07-17T12:23:52.825" /><!-- duration: 0ms -->
          <step title="Copying file: &apos;Backend.pdb&apos;" date="2025-07-17T12:23:52.853" /><!-- duration: 0ms -->
          <step title="Deleting app_offline.htm" date="2025-07-17T12:23:52.872" /><!-- duration: 12ms -->
          <step title="Finished successfully." date="2025-07-17T12:23:53.013" /><!-- duration: 12ms -->
        </step><!-- duration: 101289ms -->
        <step title="Running post deployment command(s)..." date="2025-07-17T12:23:53.353" /><!-- duration: 47ms -->
        <step title="Triggering recycle (preview mode disabled)." date="2025-07-17T12:23:53.874" /><!-- duration: 10ms -->
        <step title="Ignoring FS watcher based recycle request as this is a classic Windows app." date="2025-07-17T12:23:53.902" /><!-- duration: 0ms -->
        <step title="Deployment successful. DEPLOYMENTINFO: deployer = GitHub, os = windows, sku = Standard, siteName = site-net, siteHostName = site-net-rrai-blue-fsgabaardkdhhnhf.centralus-01.azurewebsites.net, deploymentStatus = Success" date="2025-07-17T12:23:55.806" /><!-- duration: 1031ms -->
        <step title="Purge deployment items" date="2025-07-17T12:23:57.698" >
          <step title="Remove 47932e687, Success, received at 7/15/2025 8:51:32 PM" date="2025-07-17T12:23:57.887" /><!-- duration: 0ms -->
        </step><!-- duration: 202ms -->
      </step><!-- duration: 106534ms -->
    </step><!-- duration: 107378ms -->
    <step title="Cleaning up temp files" date="2025-07-17T12:23:57.964" /><!-- duration: 170ms -->
    <step title="Skip function trigger and logicapp sync because function is not enabled." date="2025-07-17T12:23:58.170" /><!-- duration: 11ms -->
  </step><!-- duration: 110651ms -->
  <step title="LockFile &apos;C:\home\site\locks\deployments.lock&apos; released" date="2025-07-17T12:23:58.245" /><!-- duration: 19ms -->
  <step title="Deleting shutdown sentinel file" date="2025-07-17T12:23:58.275" SemaphoreCount="8" /><!-- duration: 17ms -->
</step><!-- duration: 111120ms -->
