<step title="BackgroundTrace" date="2025-07-16T21:10:48.360" instance="15b9d3" url="/deploy" method="POST" >
  <step title="Updating shutdown sentinel last write time" date="2025-07-16T21:10:48.469" SemaphoreCount="7" /><!-- duration: 0ms -->
  <step title="LockFile &apos;C:\home\site\locks\deployments.lock&apos; acquired" date="2025-07-16T21:10:48.469" /><!-- duration: 16ms -->
  <step title="Creating temporary deployment" date="2025-07-16T21:10:48.485" /><!-- duration: 63ms -->
  <step title="Performing fetch based deployment" date="2025-07-16T21:10:48.568" >
    <step title="Fetching changes." date="2025-07-16T21:10:48.751" /><!-- duration: 16ms -->
    <step title="Before sending BuildRequestReceived status to /api/updatedeploystatus" date="2025-07-16T21:10:50.788" /><!-- duration: 29ms -->
    <step title="DeploymentManager.Deploy(id:8c6a9e7a30ae10064fe8304ad3a30aa70fde9205)" date="2025-07-16T21:10:50.974" >
      <step title="Collecting changeset information" date="2025-07-16T21:10:50.992" /><!-- duration: 345ms -->
      <step title="Updating submodules" date="2025-07-16T21:10:51.368" >
        <step title="Updating submodules." date="2025-07-16T21:10:51.479" /><!-- duration: 19ms -->
      </step><!-- duration: 141ms -->
      <step title="Preparing deployment for commit id &apos;8c6a9e7a30&apos;." date="2025-07-16T21:10:51.621" /><!-- duration: 0ms -->
      <step title="Determining deployment builder" date="2025-07-16T21:10:51.763" >
        <step title="Builder is CustomBuilder" date="2025-07-16T21:10:51.774" /><!-- duration: 18ms -->
      </step><!-- duration: 29ms -->
      <step title="Copying SSH keys" date="2025-07-16T21:10:51.852" /><!-- duration: 16ms -->
      <step title="Building" date="2025-07-16T21:10:51.868" >
        <step title="Running custom deployment command..." date="2025-07-16T21:10:51.946" /><!-- duration: 0ms -->
        <step title="Running deployment command..." date="2025-07-16T21:10:52.024" /><!-- duration: 16ms -->
        <step title="Command: deploy.cmd" date="2025-07-16T21:10:52.059" /><!-- duration: 12ms -->
        <step title="Executing external process" date="2025-07-16T21:10:52.258" type="process" path="starter.cmd" arguments="deploy.cmd" >
          <step title="Handling ASP.NET Core Web Application deployment." date="2025-07-16T21:10:53.633" /><!-- duration: 18ms -->
          <step title="  Determining projects to restore..." date="2025-07-16T21:11:03.463" /><!-- duration: 0ms -->
          <step title="  All projects are up-to-date for restore." date="2025-07-16T21:11:06.593" /><!-- duration: 12ms -->
          <step title="C:\home\site\repository\Backend\Controllers\DiagnosticController.cs(29,58): warning CS8625: Cannot convert null literal to non-nullable reference type. [C:\home\site\repository\Backend\Backend.csproj]" date="2025-07-16T21:12:13.782" /><!-- duration: 11ms -->
          <step title="C:\home\site\repository\Backend\Services\ChatService.cs(39,69): warning CS8625: Cannot convert null literal to non-nullable reference type. [C:\home\site\repository\Backend\Backend.csproj]" date="2025-07-16T21:12:13.811" /><!-- duration: 18ms -->
          <step title="C:\home\site\repository\Backend\Program.cs(93,25): warning CS8604: Possible null reference argument for parameter &apos;uriString&apos; in &apos;Uri.Uri(string uriString)&apos;. [C:\home\site\repository\Backend\Backend.csproj]" date="2025-07-16T21:12:13.876" /><!-- duration: 11ms -->
          <step title="C:\home\site\repository\Backend\Program.cs(94,46): warning CS8604: Possible null reference argument for parameter &apos;key&apos; in &apos;AzureKeyCredential.AzureKeyCredential(string key)&apos;. [C:\home\site\repository\Backend\Backend.csproj]" date="2025-07-16T21:12:13.923" /><!-- duration: 11ms -->
          <step title="C:\home\site\repository\Backend\Program.cs(148,9): warning CS8602: Dereference of a possibly null reference. [C:\home\site\repository\Backend\Backend.csproj]" date="2025-07-16T21:12:13.968" /><!-- duration: 0ms -->
          <step title="C:\home\site\repository\Backend\Controllers\DocumentChatController.cs(159,47): warning CS8600: Converting null literal or possible null value to non-nullable type. [C:\home\site\repository\Backend\Backend.csproj]" date="2025-07-16T21:12:14.015" /><!-- duration: 12ms -->
          <step title="C:\home\site\repository\Backend\Controllers\DocumentChatController.cs(163,44): warning CS8600: Converting null literal or possible null value to non-nullable type. [C:\home\site\repository\Backend\Backend.csproj]" date="2025-07-16T21:12:14.062" /><!-- duration: 13ms -->
          <step title="C:\home\site\repository\Backend\Controllers\DocumentChatController.cs(231,36): warning CS8602: Dereference of a possibly null reference. [C:\home\site\repository\Backend\Backend.csproj]" date="2025-07-16T21:12:14.108" /><!-- duration: 0ms -->
          <step title="C:\home\site\repository\Backend\Controllers\DocumentChatController.cs(257,47): warning CS8600: Converting null literal or possible null value to non-nullable type. [C:\home\site\repository\Backend\Backend.csproj]" date="2025-07-16T21:12:14.137" /><!-- duration: 0ms -->
          <step title="C:\home\site\repository\Backend\Services\LegacyEndpointHandler.cs(75,41): warning CS8601: Possible null reference assignment. [C:\home\site\repository\Backend\Backend.csproj]" date="2025-07-16T21:12:14.156" /><!-- duration: 13ms -->
          <step title="C:\home\site\repository\Backend\Services\LegacyEndpointHandler.cs(124,39): warning CS8600: Converting null literal or possible null value to non-nullable type. [C:\home\site\repository\Backend\Backend.csproj]" date="2025-07-16T21:12:14.203" /><!-- duration: 0ms -->
          <step title="C:\home\site\repository\Backend\Services\LegacyEndpointHandler.cs(126,38): warning CS8602: Dereference of a possibly null reference. [C:\home\site\repository\Backend\Backend.csproj]" date="2025-07-16T21:12:14.231" /><!-- duration: 0ms -->
          <step title="C:\home\site\repository\Backend\Services\LegacyEndpointHandler.cs(236,36): warning CS8601: Possible null reference assignment. [C:\home\site\repository\Backend\Backend.csproj]" date="2025-07-16T21:12:14.248" /><!-- duration: 19ms -->
          <step title="C:\home\site\repository\Backend\Controllers\DiagnosticController.cs(177,37): warning CS8600: Converting null literal or possible null value to non-nullable type. [C:\home\site\repository\Backend\Backend.csproj]" date="2025-07-16T21:12:14.278" /><!-- duration: 17ms -->
          <step title="C:\home\site\repository\Backend\Controllers\DiagnosticController.cs(273,76): warning CS8600: Converting null literal or possible null value to non-nullable type. [C:\home\site\repository\Backend\Backend.csproj]" date="2025-07-16T21:12:14.314" /><!-- duration: 10ms -->
          <step title="C:\home\site\repository\Backend\Controllers\DiagnosticController.cs(274,79): warning CS8600: Converting null literal or possible null value to non-nullable type. [C:\home\site\repository\Backend\Backend.csproj]" date="2025-07-16T21:12:14.342" /><!-- duration: 0ms -->
          <step title="C:\home\site\repository\Backend\Controllers\DiagnosticController.cs(275,85): warning CS8600: Converting null literal or possible null value to non-nullable type. [C:\home\site\repository\Backend\Backend.csproj]" date="2025-07-16T21:12:14.371" /><!-- duration: 0ms -->
          <step title="C:\home\site\repository\Backend\Controllers\DiagnosticController.cs(289,80): warning CS8600: Converting null literal or possible null value to non-nullable type. [C:\home\site\repository\Backend\Backend.csproj]" date="2025-07-16T21:12:14.403" /><!-- duration: 0ms -->
          <step title="C:\home\site\repository\Backend\Controllers\DiagnosticController.cs(341,99): warning CS8604: Possible null reference argument for parameter &apos;oldValue&apos; in &apos;string string.Replace(string oldValue, string? newValue)&apos;. [C:\home\site\repository\Backend\Backend.csproj]" date="2025-07-16T21:12:14.437" /><!-- duration: 0ms -->
          <step title="C:\home\site\repository\Backend\Controllers\DiagnosticController.cs(353,48): warning CS8600: Converting null literal or possible null value to non-nullable type. [C:\home\site\repository\Backend\Backend.csproj]" date="2025-07-16T21:12:14.466" /><!-- duration: 78ms -->
          <step title="C:\home\site\repository\Backend\Controllers\DiagnosticController.cs(408,52): warning CS8600: Converting null literal or possible null value to non-nullable type. [C:\home\site\repository\Backend\Backend.csproj]" date="2025-07-16T21:12:14.702" /><!-- duration: 29ms -->
          <step title="C:\home\site\repository\Backend\Controllers\ConfigController.cs(82,35): warning CS8600: Converting null literal or possible null value to non-nullable type. [C:\home\site\repository\Backend\Backend.csproj]" date="2025-07-16T21:12:14.748" /><!-- duration: 18ms -->
          <step title="C:\home\site\repository\Backend\Controllers\ConfigController.cs(83,36): warning CS8600: Converting null literal or possible null value to non-nullable type. [C:\home\site\repository\Backend\Backend.csproj]" date="2025-07-16T21:12:14.794" /><!-- duration: 19ms -->
          <step title="C:\home\site\repository\Backend\Controllers\ChatController.cs(84,45): warning CS8600: Converting null literal or possible null value to non-nullable type. [C:\home\site\repository\Backend\Backend.csproj]" date="2025-07-16T21:12:14.824" /><!-- duration: 17ms -->
          <step title="C:\home\site\repository\Backend\Controllers\ChatController.cs(92,36): warning CS8600: Converting null literal or possible null value to non-nullable type. [C:\home\site\repository\Backend\Backend.csproj]" date="2025-07-16T21:12:14.889" /><!-- duration: 19ms -->
          <step title="C:\home\site\repository\Backend\Controllers\ChatController.cs(98,40): warning CS8600: Converting null literal or possible null value to non-nullable type. [C:\home\site\repository\Backend\Backend.csproj]" date="2025-07-16T21:12:14.936" /><!-- duration: 29ms -->
          <step title="C:\home\site\repository\Backend\Controllers\ChatController.cs(330,43): warning CS8600: Converting null literal or possible null value to non-nullable type. [C:\home\site\repository\Backend\Backend.csproj]" date="2025-07-16T21:12:14.984" /><!-- duration: 28ms -->
          <step title="C:\home\site\repository\Backend\Controllers\ChatController.cs(345,69): warning CS8604: Possible null reference argument for parameter &apos;message&apos; in &apos;Task&lt;IActionResult&gt; DocumentChatController.ChatWithFile(IFormFile file, string message, string? clientSessionId = null)&apos;. [C:\home\site\repository\Backend\Backend.csproj]" date="2025-07-16T21:12:15.049" /><!-- duration: 10ms -->
          <step title="C:\home\site\repository\Backend\Controllers\ChatController.cs(385,39): warning CS8600: Converting null literal or possible null value to non-nullable type. [C:\home\site\repository\Backend\Backend.csproj]" date="2025-07-16T21:12:15.106" /><!-- duration: 0ms -->
          <step title="C:\home\site\repository\Backend\Controllers\ChatController.cs(427,46): warning CS8600: Converting null literal or possible null value to non-nullable type. [C:\home\site\repository\Backend\Backend.csproj]" date="2025-07-16T21:12:15.153" /><!-- duration: 18ms -->
          <step title="C:\home\site\repository\Backend\Services\ChatService.cs(106,42): warning CS8600: Converting null literal or possible null value to non-nullable type. [C:\home\site\repository\Backend\Backend.csproj]" date="2025-07-16T21:12:15.199" /><!-- duration: 17ms -->
          <step title="C:\home\site\repository\Backend\Services\ChatService.cs(107,39): warning CS8600: Converting null literal or possible null value to non-nullable type. [C:\home\site\repository\Backend\Backend.csproj]" date="2025-07-16T21:12:15.235" /><!-- duration: 11ms -->
          <step title="C:\home\site\repository\Backend\Services\ChatService.cs(135,100): warning CS8604: Possible null reference argument for parameter &apos;userMessage&apos; in &apos;string IDocumentContextService.PrepareDocumentContext(DocumentInfo documentInfo, string userMessage)&apos;. [C:\home\site\repository\Backend\Backend.csproj]" date="2025-07-16T21:12:15.264" /><!-- duration: 18ms -->
          <step title="C:\home\site\repository\Backend\Services\ChatService.cs(173,54): warning CS8600: Converting null literal or possible null value to non-nullable type. [C:\home\site\repository\Backend\Backend.csproj]" date="2025-07-16T21:12:15.293" /><!-- duration: 16ms -->
          <step title="C:\home\site\repository\Backend\Services\ChatService.cs(239,77): warning CS8604: Possible null reference argument for parameter &apos;userMessage&apos; in &apos;Task IAzureFunctionService.SaveConversationAsync(string userMessage, string aiResponse)&apos;. [C:\home\site\repository\Backend\Backend.csproj]" date="2025-07-16T21:12:15.344" /><!-- duration: 11ms -->
          <step title="C:\home\site\repository\Backend\Services\ChatService.cs(239,86): warning CS8604: Possible null reference argument for parameter &apos;aiResponse&apos; in &apos;Task IAzureFunctionService.SaveConversationAsync(string userMessage, string aiResponse)&apos;. [C:\home\site\repository\Backend\Backend.csproj]" date="2025-07-16T21:12:15.389" /><!-- duration: 17ms -->
          <step title="C:\home\site\repository\Backend\Services\ChatService.cs(269,28): warning CS8603: Possible null reference return. [C:\home\site\repository\Backend\Backend.csproj]" date="2025-07-16T21:12:15.498" /><!-- duration: 50ms -->
          <step title="C:\home\site\repository\Backend\Models\ChatModels.cs(27,23): warning CS8618: Non-nullable property &apos;DocumentInfo&apos; must contain a non-null value when exiting constructor. Consider adding the &apos;required&apos; modifier or declaring the property as nullable. [C:\home\site\repository\Backend\Backend.csproj]" date="2025-07-16T21:12:16.231" /><!-- duration: 284ms -->
          <step title="C:\home\site\repository\Backend\Services\DocumentPersistenceService.cs(73,36): warning CS8600: Converting null literal or possible null value to non-nullable type. [C:\home\site\repository\Backend\Backend.csproj]" date="2025-07-16T21:12:17.278" /><!-- duration: 234ms -->
          <step title="C:\home\site\repository\Backend\Services\DocumentPersistenceService.cs(89,45): warning CS8601: Possible null reference assignment. [C:\home\site\repository\Backend\Backend.csproj]" date="2025-07-16T21:12:17.688" /><!-- duration: 47ms -->
          <step title="C:\home\site\repository\Backend\Services\DocumentPersistenceService.cs(92,43): warning CS8601: Possible null reference assignment. [C:\home\site\repository\Backend\Backend.csproj]" date="2025-07-16T21:12:17.871" /><!-- duration: 35ms -->
          <step title="C:\home\site\repository\Backend\Services\DocumentPersistenceService.cs(107,41): warning CS8601: Possible null reference assignment. [C:\home\site\repository\Backend\Backend.csproj]" date="2025-07-16T21:12:17.982" /><!-- duration: 77ms -->
          <step title="C:\home\site\repository\Backend\Services\DocumentPersistenceService.cs(110,39): warning CS8601: Possible null reference assignment. [C:\home\site\repository\Backend\Backend.csproj]" date="2025-07-16T21:12:18.267" /><!-- duration: 88ms -->
          <step title="C:\home\site\repository\Backend\Services\DocumentPersistenceService.cs(122,50): warning CS8602: Dereference of a possibly null reference. [C:\home\site\repository\Backend\Backend.csproj]" date="2025-07-16T21:12:18.483" /><!-- duration: 141ms -->
          <step title="C:\home\site\repository\Backend\Services\DocumentProcessingService.cs(127,28): warning CS8602: Dereference of a possibly null reference. [C:\home\site\repository\Backend\Backend.csproj]" date="2025-07-16T21:12:18.735" /><!-- duration: 105ms -->
          <step title="C:\home\site\repository\Backend\Services\DocumentProcessingService.cs(127,28): warning CS8602: Dereference of a possibly null reference. [C:\home\site\repository\Backend\Backend.csproj]" date="2025-07-16T21:12:18.918" /><!-- duration: 63ms -->
          <step title="C:\home\site\repository\Backend\Services\DocumentProcessingService.cs(147,45): warning CS8602: Dereference of a possibly null reference. [C:\home\site\repository\Backend\Backend.csproj]" date="2025-07-16T21:12:19.093" /><!-- duration: 59ms -->
          <step title="C:\home\site\repository\Backend\Services\DocumentProcessingService.cs(155,81): warning CS8604: Possible null reference argument for parameter &apos;id&apos; in &apos;OpenXmlPart OpenXmlPartContainer.GetPartById(string id)&apos;. [C:\home\site\repository\Backend\Backend.csproj]" date="2025-07-16T21:12:19.246" /><!-- duration: 47ms -->
          <step title="C:\home\site\repository\Backend\Services\DocumentProcessingService.cs(168,64): warning CS8604: Possible null reference argument for parameter &apos;sharedStringTable&apos; in &apos;string DocumentProcessingService.GetCellValue(Cell cell, SharedStringTable sharedStringTable)&apos;. [C:\home\site\repository\Backend\Backend.csproj]" date="2025-07-16T21:12:19.420" /><!-- duration: 47ms -->
          <step title="C:\home\site\repository\Backend\Services\DocumentContextService.cs(396,41): warning CS1998: This async method lacks &apos;await&apos; operators and will run synchronously. Consider using the &apos;await&apos; operator to await non-blocking API calls, or &apos;await Task.Run(...)&apos; to do CPU-bound work on a background thread. [C:\home\site\repository\Backend\Backend.csproj]" date="2025-07-16T21:12:19.562" /><!-- duration: 47ms -->
          <step title="C:\home\site\repository\Backend\Services\DocumentPersistenceService.cs(190,24): warning CS8603: Possible null reference return. [C:\home\site\repository\Backend\Backend.csproj]" date="2025-07-16T21:12:19.668" /><!-- duration: 35ms -->
          <step title="C:\home\site\repository\Backend\Services\DocumentPersistenceService.cs(227,32): warning CS8603: Possible null reference return. [C:\home\site\repository\Backend\Backend.csproj]" date="2025-07-16T21:12:19.982" /><!-- duration: 127ms -->
          <step title="C:\home\site\repository\Backend\Services\DocumentPersistenceService.cs(302,40): warning CS8603: Possible null reference return. [C:\home\site\repository\Backend\Backend.csproj]" date="2025-07-16T21:12:20.232" /><!-- duration: 189ms -->
          <step title="C:\home\site\repository\Backend\Services\DocumentPersistenceService.cs(318,32): warning CS8603: Possible null reference return. [C:\home\site\repository\Backend\Backend.csproj]" date="2025-07-16T21:12:20.528" /><!-- duration: 97ms -->
          <step title="C:\home\site\repository\Backend\Services\DocumentPersistenceService.cs(332,20): warning CS8603: Possible null reference return. [C:\home\site\repository\Backend\Backend.csproj]" date="2025-07-16T21:12:20.887" /><!-- duration: 47ms -->
          <step title="C:\home\site\repository\Backend\Controllers\ChatController.cs(412,31): warning CA2022: Avoid inexact read with &apos;System.IO.Stream.ReadAsync(byte[], int, int)&apos; (https://learn.microsoft.com/dotnet/fundamentals/code-analysis/quality-rules/ca2022) [C:\home\site\repository\Backend\Backend.csproj]" date="2025-07-16T21:12:21.013" /><!-- duration: 47ms -->
          <step title="  Backend -&gt; C:\home\site\repository\Backend\bin\Release\net9.0\Backend.dll" date="2025-07-16T21:12:21.621" /><!-- duration: 770ms -->
          <step title="  Backend -&gt; C:\local\Temp\8ddc4ad3ec742ef\" date="2025-07-16T21:12:24.907" /><!-- duration: 11ms -->
          <step title="Creating app_offline.htm" date="2025-07-16T21:12:32.811" /><!-- duration: 0ms -->
          <step title="KuduSync.NET from: &apos;C:\local\Temp\8ddc4ad3ec742ef&apos; to: &apos;C:\home\site\wwwroot&apos;" date="2025-07-16T21:12:32.840" /><!-- duration: 18ms -->
          <step title="Copying file: &apos;Backend.dll&apos;" date="2025-07-16T21:12:32.872" /><!-- duration: 0ms -->
          <step title="Copying file: &apos;Backend.exe&apos;" date="2025-07-16T21:12:32.903" /><!-- duration: 0ms -->
          <step title="Copying file: &apos;Backend.pdb&apos;" date="2025-07-16T21:12:32.918" /><!-- duration: 18ms -->
          <step title="Deleting app_offline.htm" date="2025-07-16T21:12:32.950" /><!-- duration: 16ms -->
          <step title="Finished successfully." date="2025-07-16T21:12:33.202" /><!-- duration: 0ms -->
        </step><!-- duration: 101270ms -->
        <step title="Running post deployment command(s)..." date="2025-07-16T21:12:34.905" /><!-- duration: 95ms -->
        <step title="Triggering recycle (preview mode disabled)." date="2025-07-16T21:12:35.403" /><!-- duration: 19ms -->
        <step title="Ignoring FS watcher based recycle request as this is a classic Windows app." date="2025-07-16T21:12:35.434" /><!-- duration: 17ms -->
        <step title="Deployment successful. DEPLOYMENTINFO: deployer = GitHub, os = windows, sku = Standard, siteName = site-net, siteHostName = site-net-rrai-blue-fsgabaardkdhhnhf.centralus-01.azurewebsites.net, deploymentStatus = Success" date="2025-07-16T21:12:37.173" /><!-- duration: 625ms -->
        <step title="Purge deployment items" date="2025-07-16T21:12:38.424" >
          <step title="Remove 61ee2e698, Success, received at 7/15/2025 2:07:57 PM" date="2025-07-16T21:12:38.576" /><!-- duration: 19ms -->
        </step><!-- duration: 182ms -->
      </step><!-- duration: 106785ms -->
    </step><!-- duration: 107710ms -->
    <step title="Cleaning up temp files" date="2025-07-16T21:12:38.684" /><!-- duration: 158ms -->
    <step title="Skip function trigger and logicapp sync because function is not enabled." date="2025-07-16T21:12:38.950" /><!-- duration: 17ms -->
  </step><!-- duration: 110507ms -->
  <step title="LockFile &apos;C:\home\site\locks\deployments.lock&apos; released" date="2025-07-16T21:12:39.157" /><!-- duration: 47ms -->
  <step title="Deleting shutdown sentinel file" date="2025-07-16T21:12:39.231" SemaphoreCount="8" /><!-- duration: 0ms -->
</step><!-- duration: 110902ms -->
