<step title="BackgroundTrace" date="2025-07-15T14:25:06.215" instance="15b9d3" url="/deploy" method="POST" >
  <step title="Updating shutdown sentinel last write time" date="2025-07-15T14:25:06.246" SemaphoreCount="7" /><!-- duration: 0ms -->
  <step title="LockFile &apos;C:\home\site\locks\deployments.lock&apos; acquired" date="2025-07-15T14:25:06.262" /><!-- duration: 0ms -->
  <step title="Creating temporary deployment" date="2025-07-15T14:25:06.262" /><!-- duration: 47ms -->
  <step title="Performing fetch based deployment" date="2025-07-15T14:25:06.389" >
    <step title="Fetching changes." date="2025-07-15T14:25:06.497" /><!-- duration: 15ms -->
    <step title="Before sending BuildRequestReceived status to /api/updatedeploystatus" date="2025-07-15T14:25:08.064" /><!-- duration: 14ms -->
    <step title="DeploymentManager.Deploy(id:8d480f624b39de0374b5b5f4f4ae2ae22a315510)" date="2025-07-15T14:25:08.141" >
      <step title="Collecting changeset information" date="2025-07-15T14:25:08.157" /><!-- duration: 77ms -->
      <step title="Updating submodules" date="2025-07-15T14:25:08.250" >
        <step title="Updating submodules." date="2025-07-15T14:25:08.359" /><!-- duration: 17ms -->
      </step><!-- duration: 144ms -->
      <step title="Preparing deployment for commit id &apos;8d480f624b&apos;." date="2025-07-15T14:25:08.547" /><!-- duration: 16ms -->
      <step title="Determining deployment builder" date="2025-07-15T14:25:08.640" >
        <step title="Builder is CustomBuilder" date="2025-07-15T14:25:08.658" /><!-- duration: 0ms -->
      </step><!-- duration: 36ms -->
      <step title="Copying SSH keys" date="2025-07-15T14:25:08.719" /><!-- duration: 0ms -->
      <step title="Building" date="2025-07-15T14:25:08.734" >
        <step title="Running custom deployment command..." date="2025-07-15T14:25:08.828" /><!-- duration: 16ms -->
        <step title="Running deployment command..." date="2025-07-15T14:25:08.908" /><!-- duration: 14ms -->
        <step title="Command: deploy.cmd" date="2025-07-15T14:25:08.937" /><!-- duration: 0ms -->
        <step title="Executing external process" date="2025-07-15T14:25:09.020" type="process" path="starter.cmd" arguments="deploy.cmd" >
          <step title="Handling ASP.NET Core Web Application deployment." date="2025-07-15T14:25:10.127" /><!-- duration: 18ms -->
          <step title="  Determining projects to restore..." date="2025-07-15T14:25:19.703" /><!-- duration: 16ms -->
          <step title="  All projects are up-to-date for restore." date="2025-07-15T14:25:22.251" /><!-- duration: 0ms -->
          <step title="C:\home\site\repository\Backend\Controllers\DocumentChatController.cs(44,134): warning CS8625: Cannot convert null literal to non-nullable reference type. [C:\home\site\repository\Backend\Backend.csproj]" date="2025-07-15T14:26:08.176" /><!-- duration: 19ms -->
          <step title="C:\home\site\repository\Backend\Services\PromptEngineeringService.cs(26,70): warning CS8625: Cannot convert null literal to non-nullable reference type. [C:\home\site\repository\Backend\Backend.csproj]" date="2025-07-15T14:26:08.206" /><!-- duration: 18ms -->
          <step title="C:\home\site\repository\Backend\Services\PromptEngineeringService.cs(26,101): warning CS8625: Cannot convert null literal to non-nullable reference type. [C:\home\site\repository\Backend\Backend.csproj]" date="2025-07-15T14:26:08.253" /><!-- duration: 19ms -->
          <step title="C:\home\site\repository\Backend\Services\DocumentPersistenceService.cs(183,30): warning CS8766: Nullability of reference types in return type of &apos;DocumentInfo? DocumentPersistenceService.GetDocument(string sessionId)&apos; doesn&apos;t match implicitly implemented member &apos;DocumentInfo IDocumentPersistenceService.GetDocument(string sessionId)&apos; (possibly because of nullability attributes). [C:\home\site\repository\Backend\Backend.csproj]" date="2025-07-15T14:26:08.284" /><!-- duration: 16ms -->
          <step title="C:\home\site\repository\Backend\Program.cs(73,20): warning CS8603: Possible null reference return. [C:\home\site\repository\Backend\Backend.csproj]" date="2025-07-15T14:26:08.319" /><!-- duration: 12ms -->
          <step title="C:\home\site\repository\Backend\Program.cs(82,25): warning CS8604: Possible null reference argument for parameter &apos;uriString&apos; in &apos;Uri.Uri(string uriString)&apos;. [C:\home\site\repository\Backend\Backend.csproj]" date="2025-07-15T14:26:08.347" /><!-- duration: 18ms -->
          <step title="C:\home\site\repository\Backend\Program.cs(83,46): warning CS8604: Possible null reference argument for parameter &apos;key&apos; in &apos;AzureKeyCredential.AzureKeyCredential(string key)&apos;. [C:\home\site\repository\Backend\Backend.csproj]" date="2025-07-15T14:26:08.377" /><!-- duration: 16ms -->
          <step title="C:\home\site\repository\Backend\Program.cs(91,20): warning CS8603: Possible null reference return. [C:\home\site\repository\Backend\Backend.csproj]" date="2025-07-15T14:26:08.429" /><!-- duration: 11ms -->
          <step title="C:\home\site\repository\Backend\Program.cs(97,16): warning CS8603: Possible null reference return. [C:\home\site\repository\Backend\Backend.csproj]" date="2025-07-15T14:26:08.457" /><!-- duration: 0ms -->
          <step title="C:\home\site\repository\Backend\Program.cs(129,9): warning CS8602: Dereference of a possibly null reference. [C:\home\site\repository\Backend\Backend.csproj]" date="2025-07-15T14:26:08.504" /><!-- duration: 19ms -->
          <step title="C:\home\site\repository\Backend\Controllers\DocumentChatController.cs(170,47): warning CS8600: Converting null literal or possible null value to non-nullable type. [C:\home\site\repository\Backend\Backend.csproj]" date="2025-07-15T14:26:08.552" /><!-- duration: 0ms -->
          <step title="C:\home\site\repository\Backend\Controllers\DocumentChatController.cs(175,44): warning CS8600: Converting null literal or possible null value to non-nullable type. [C:\home\site\repository\Backend\Backend.csproj]" date="2025-07-15T14:26:08.581" /><!-- duration: 18ms -->
          <step title="C:\home\site\repository\Backend\Controllers\DocumentChatController.cs(244,47): warning CS8600: Converting null literal or possible null value to non-nullable type. [C:\home\site\repository\Backend\Backend.csproj]" date="2025-07-15T14:26:08.612" /><!-- duration: 16ms -->
          <step title="C:\home\site\repository\Backend\Services\PromptEngineeringService.cs(43,87): warning CS8602: Dereference of a possibly null reference. [C:\home\site\repository\Backend\Backend.csproj]" date="2025-07-15T14:26:08.646" /><!-- duration: 12ms -->
          <step title="C:\home\site\repository\Backend\Services\DocumentProcessingService.cs(126,28): warning CS8602: Dereference of a possibly null reference. [C:\home\site\repository\Backend\Backend.csproj]" date="2025-07-15T14:26:08.675" /><!-- duration: 19ms -->
          <step title="C:\home\site\repository\Backend\Services\DocumentProcessingService.cs(126,28): warning CS8602: Dereference of a possibly null reference. [C:\home\site\repository\Backend\Backend.csproj]" date="2025-07-15T14:26:08.706" /><!-- duration: 17ms -->
          <step title="C:\home\site\repository\Backend\Services\DocumentProcessingService.cs(146,45): warning CS8602: Dereference of a possibly null reference. [C:\home\site\repository\Backend\Backend.csproj]" date="2025-07-15T14:26:08.742" /><!-- duration: 10ms -->
          <step title="C:\home\site\repository\Backend\Services\DocumentProcessingService.cs(154,81): warning CS8604: Possible null reference argument for parameter &apos;id&apos; in &apos;OpenXmlPart OpenXmlPartContainer.GetPartById(string id)&apos;. [C:\home\site\repository\Backend\Backend.csproj]" date="2025-07-15T14:26:08.784" /><!-- duration: 16ms -->
          <step title="C:\home\site\repository\Backend\Services\DocumentProcessingService.cs(167,64): warning CS8604: Possible null reference argument for parameter &apos;sharedStringTable&apos; in &apos;string DocumentProcessingService.GetCellValue(Cell cell, SharedStringTable sharedStringTable)&apos;. [C:\home\site\repository\Backend\Backend.csproj]" date="2025-07-15T14:26:08.819" /><!-- duration: 11ms -->
          <step title="C:\home\site\repository\Backend\Controllers\ConfigController.cs(82,35): warning CS8600: Converting null literal or possible null value to non-nullable type. [C:\home\site\repository\Backend\Backend.csproj]" date="2025-07-15T14:26:08.913" /><!-- duration: 11ms -->
          <step title="C:\home\site\repository\Backend\Controllers\ConfigController.cs(83,36): warning CS8600: Converting null literal or possible null value to non-nullable type. [C:\home\site\repository\Backend\Backend.csproj]" date="2025-07-15T14:26:08.942" /><!-- duration: 0ms -->
          <step title="C:\home\site\repository\Backend\Controllers\ChatController.cs(83,45): warning CS8600: Converting null literal or possible null value to non-nullable type. [C:\home\site\repository\Backend\Backend.csproj]" date="2025-07-15T14:26:08.990" /><!-- duration: 0ms -->
          <step title="C:\home\site\repository\Backend\Controllers\ChatController.cs(327,38): error CS0103: The name &apos;_documentChatController&apos; does not exist in the current context [C:\home\site\repository\Backend\Backend.csproj]" date="2025-07-15T14:26:09.018" /><!-- duration: 18ms -->
          <step title="C:\home\site\repository\Backend\Controllers\ChatController.cs(367,39): warning CS8600: Converting null literal or possible null value to non-nullable type. [C:\home\site\repository\Backend\Backend.csproj]" date="2025-07-15T14:26:09.049" /><!-- duration: 16ms -->
          <step title="C:\home\site\repository\Backend\Controllers\ChatController.cs(409,46): warning CS8600: Converting null literal or possible null value to non-nullable type. [C:\home\site\repository\Backend\Backend.csproj]" date="2025-07-15T14:26:09.084" /><!-- duration: 0ms -->
          <step title="C:\home\site\repository\Backend\Controllers\ChatController.cs(429,91): warning CS8604: Possible null reference argument for parameter &apos;clientSessionId&apos; in &apos;Task&lt;IActionResult&gt; DocumentChatController.ChatWithFile(IFormFile file, string message, string clientSessionId = null)&apos;. [C:\home\site\repository\Backend\Backend.csproj]" date="2025-07-15T14:26:09.112" /><!-- duration: 19ms -->
          <step title="C:\home\site\repository\Backend\Models\ChatModels.cs(27,23): warning CS8618: Non-nullable property &apos;DocumentInfo&apos; must contain a non-null value when exiting constructor. Consider adding the &apos;required&apos; modifier or declaring the property as nullable. [C:\home\site\repository\Backend\Backend.csproj]" date="2025-07-15T14:26:09.206" /><!-- duration: 17ms -->
          <step title="C:\home\site\repository\Backend\Services\DocumentPersistenceService.cs(71,36): warning CS8600: Converting null literal or possible null value to non-nullable type. [C:\home\site\repository\Backend\Backend.csproj]" date="2025-07-15T14:26:09.316" /><!-- duration: 141ms -->
          <step title="C:\home\site\repository\Backend\Services\DocumentPersistenceService.cs(87,45): warning CS8601: Possible null reference assignment. [C:\home\site\repository\Backend\Backend.csproj]" date="2025-07-15T14:26:09.551" /><!-- duration: 264ms -->
          <step title="C:\home\site\repository\Backend\Services\DocumentPersistenceService.cs(90,43): warning CS8601: Possible null reference assignment. [C:\home\site\repository\Backend\Backend.csproj]" date="2025-07-15T14:26:09.880" /><!-- duration: 29ms -->
          <step title="C:\home\site\repository\Backend\Services\DocumentPersistenceService.cs(105,41): warning CS8601: Possible null reference assignment. [C:\home\site\repository\Backend\Backend.csproj]" date="2025-07-15T14:26:10.034" /><!-- duration: 47ms -->
          <step title="C:\home\site\repository\Backend\Services\DocumentPersistenceService.cs(108,39): warning CS8601: Possible null reference assignment. [C:\home\site\repository\Backend\Backend.csproj]" date="2025-07-15T14:26:10.127" /><!-- duration: 35ms -->
          <step title="C:\home\site\repository\Backend\Services\DocumentPersistenceService.cs(120,50): warning CS8602: Dereference of a possibly null reference. [C:\home\site\repository\Backend\Backend.csproj]" date="2025-07-15T14:26:10.221" /><!-- duration: 17ms -->
          <step title="C:\home\site\repository\Backend\Services\AzureFunctionService.cs(142,49): warning CS8604: Possible null reference argument for parameter &apos;oldValue&apos; in &apos;string string.Replace(string oldValue, string? newValue)&apos;. [C:\home\site\repository\Backend\Backend.csproj]" date="2025-07-15T14:26:10.285" /><!-- duration: 47ms -->
          <step title="C:\home\site\repository\Backend\Services\ChatService.cs(77,42): warning CS8600: Converting null literal or possible null value to non-nullable type. [C:\home\site\repository\Backend\Backend.csproj]" date="2025-07-15T14:26:10.379" /><!-- duration: 30ms -->
          <step title="C:\home\site\repository\Backend\Services\ChatService.cs(105,100): warning CS8604: Possible null reference argument for parameter &apos;userMessage&apos; in &apos;string DocumentContextService.PrepareDocumentContext(DocumentInfo documentInfo, string userMessage)&apos;. [C:\home\site\repository\Backend\Backend.csproj]" date="2025-07-15T14:26:10.519" /><!-- duration: 30ms -->
          <step title="C:\home\site\repository\Backend\Services\ChatService.cs(123,84): warning CS8604: Possible null reference argument for parameter &apos;documentInfo&apos; in &apos;string PromptEngineeringService.CreateSystemPrompt(DocumentInfo documentInfo = null, string documentContext = null)&apos;. [C:\home\site\repository\Backend\Backend.csproj]" date="2025-07-15T14:26:10.629" /><!-- duration: 18ms -->
          <step title="C:\home\site\repository\Backend\Services\ChatService.cs(123,98): warning CS8604: Possible null reference argument for parameter &apos;documentContext&apos; in &apos;string PromptEngineeringService.CreateSystemPrompt(DocumentInfo documentInfo = null, string documentContext = null)&apos;. [C:\home\site\repository\Backend\Backend.csproj]" date="2025-07-15T14:26:10.757" /><!-- duration: 11ms -->
          <step title="C:\home\site\repository\Backend\Services\ChatService.cs(132,54): warning CS8600: Converting null literal or possible null value to non-nullable type. [C:\home\site\repository\Backend\Backend.csproj]" date="2025-07-15T14:26:10.815" /><!-- duration: 18ms -->
          <step title="C:\home\site\repository\Backend\Services\ChatService.cs(172,28): warning CS8603: Possible null reference return. [C:\home\site\repository\Backend\Backend.csproj]" date="2025-07-15T14:26:10.927" /><!-- duration: 13ms -->
          <step title="C:\home\site\repository\Backend\Program.cs(131,9): warning ASP0019: Use IHeaderDictionary.Append or the indexer to append or set headers. IDictionary.Add will throw an ArgumentException when attempting to add a duplicate key. (https://aka.ms/aspnet/analyzers) [C:\home\site\repository\Backend\Backend.csproj]" date="2025-07-15T14:26:10.974" /><!-- duration: 13ms -->
          <step title="C:\home\site\repository\Backend\Program.cs(132,9): warning ASP0019: Use IHeaderDictionary.Append or the indexer to append or set headers. IDictionary.Add will throw an ArgumentException when attempting to add a duplicate key. (https://aka.ms/aspnet/analyzers) [C:\home\site\repository\Backend\Backend.csproj]" date="2025-07-15T14:26:11.081" /><!-- duration: 52ms -->
          <step title="C:\home\site\repository\Backend\Program.cs(133,9): warning ASP0019: Use IHeaderDictionary.Append or the indexer to append or set headers. IDictionary.Add will throw an ArgumentException when attempting to add a duplicate key. (https://aka.ms/aspnet/analyzers) [C:\home\site\repository\Backend\Backend.csproj]" date="2025-07-15T14:26:11.227" /><!-- duration: 47ms -->
          <step title="C:\home\site\repository\Backend\Controllers\ChatController.cs(394,31): warning CA2022: Avoid inexact read with &apos;System.IO.Stream.ReadAsync(byte[], int, int)&apos; (https://learn.microsoft.com/dotnet/fundamentals/code-analysis/quality-rules/ca2022) [C:\home\site\repository\Backend\Backend.csproj]" date="2025-07-15T14:26:11.412" /><!-- duration: 29ms -->
          <step title="Failed exitCode=1, command=dotnet publish &quot;C:\home\site\repository\Backend\Backend.csproj&quot; --configuration Release --output &quot;C:\local\Temp\8ddc3ab66bbae11&quot; --no-restore" date="2025-07-15T14:26:11.489" /><!-- duration: 19ms -->
          <step title="An error has occurred during web site deployment." date="2025-07-15T14:26:11.565" /><!-- duration: 18ms -->
          <step title="Process dump" date="2025-07-15T14:26:11.601" exitCode="255" type="processOutput" /><!-- duration: 46ms -->
        </step><!-- duration: 62674ms -->
        <step title="
C:\Program Files (x86)\SiteExtensions\Kudu\103.250502.001\bin\Scripts\starter.cmd deploy.cmd DEPLOYMENTINFO: deployer = GitHub, os = windows, sku = Standard, siteName = site-net, siteHostName = site-net-rrai-blue-fsgabaardkdhhnhf.centralus-01.azurewebsites.net, deploymentStatus = Error" date="2025-07-15T14:26:11.722" /><!-- duration: 0ms -->
        <step title="Error occurred" date="2025-07-15T14:26:11.753" type="error" text="
C:\Program Files (x86)\SiteExtensions\Kudu\103.250502.001\bin\Scripts\starter.cmd deploy.cmd" stackTrace="   at Kudu.Core.Infrastructure.Executable.ExecuteInternal(ITracer tracer, Func`2 onWriteOutput, Func`2 onWriteError, Encoding encoding, String arguments, Object[] args)
   at Kudu.Core.Infrastructure.Executable.ExecuteWithProgressWriter(ILogger logger, ITracer tracer, String arguments, Object[] args)
   at Kudu.Core.Deployment.Generator.ExternalCommandBuilder.RunCommand(DeploymentContext context, String command, Boolean ignoreManifest, String message)" /><!-- duration: 0ms -->
      </step><!-- duration: 63254ms -->
      <step title="Error occurred" date="2025-07-15T14:26:12.035" type="error" text="
C:\Program Files (x86)\SiteExtensions\Kudu\103.250502.001\bin\Scripts\starter.cmd deploy.cmd" stackTrace="   at Kudu.Core.Infrastructure.Executable.ExecuteInternal(ITracer tracer, Func`2 onWriteOutput, Func`2 onWriteError, Encoding encoding, String arguments, Object[] args)
   at Kudu.Core.Infrastructure.Executable.ExecuteWithProgressWriter(ILogger logger, ITracer tracer, String arguments, Object[] args)
   at Kudu.Core.Deployment.Generator.ExternalCommandBuilder.RunCommand(DeploymentContext context, String command, Boolean ignoreManifest, String message)
   at Kudu.Core.Deployment.Generator.CustomBuilder.Build(DeploymentContext context)
--- End of stack trace from previous location where exception was thrown ---
   at System.Runtime.CompilerServices.TaskAwaiter.ThrowForNonSuccess(Task task)
   at System.Runtime.CompilerServices.TaskAwaiter.HandleNonSuccessAndDebuggerNotification(Task task)
   at System.Runtime.CompilerServices.TaskAwaiter.ValidateEnd(Task task)
   at Kudu.Core.Deployment.DeploymentManager.&lt;Build&gt;d__38.MoveNext()" /><!-- duration: 18ms -->
      <step title="Deployment Failed. DEPLOYMENTINFO: deployer = GitHub, os = windows, sku = Standard, siteName = site-net, siteHostName = site-net-rrai-blue-fsgabaardkdhhnhf.centralus-01.azurewebsites.net, deploymentStatus = Failed" date="2025-07-15T14:26:12.081" /><!-- duration: 19ms -->
    </step><!-- duration: 63971ms -->
    <step title="Cleaning up temp files" date="2025-07-15T14:26:12.112" /><!-- duration: 16ms -->
  </step><!-- duration: 65804ms -->
  <step title="LockFile &apos;C:\home\site\locks\deployments.lock&apos; released" date="2025-07-15T14:26:12.221" /><!-- duration: 0ms -->
  <step title="Deleting shutdown sentinel file" date="2025-07-15T14:26:12.240" SemaphoreCount="8" /><!-- duration: 13ms -->
</step><!-- duration: 66053ms -->
