<step title="BackgroundTrace" date="2025-07-15T19:23:12.014" instance="15b9d3" url="/deploy" method="POST" >
  <step title="Updating shutdown sentinel last write time" date="2025-07-15T19:23:12.047" SemaphoreCount="7" /><!-- duration: 0ms -->
  <step title="LockFile &apos;C:\home\site\locks\deployments.lock&apos; acquired" date="2025-07-15T19:23:12.066" /><!-- duration: 11ms -->
  <step title="Creating temporary deployment" date="2025-07-15T19:23:12.095" /><!-- duration: 91ms -->
  <step title="Performing fetch based deployment" date="2025-07-15T19:23:12.237" >
    <step title="Fetching changes." date="2025-07-15T19:23:12.342" /><!-- duration: 18ms -->
    <step title="Before sending BuildRequestReceived status to /api/updatedeploystatus" date="2025-07-15T19:23:14.394" /><!-- duration: 16ms -->
    <step title="DeploymentManager.Deploy(id:acee3e01cf7ef29bb78f5dedd2fa17c91fb83d82)" date="2025-07-15T19:23:14.491" >
      <step title="Collecting changeset information" date="2025-07-15T19:23:14.503" /><!-- duration: 94ms -->
      <step title="Updating submodules" date="2025-07-15T19:23:14.631" >
        <step title="Updating submodules." date="2025-07-15T19:23:14.738" /><!-- duration: 0ms -->
      </step><!-- duration: 126ms -->
      <step title="Preparing deployment for commit id &apos;acee3e01cf&apos;." date="2025-07-15T19:23:14.847" /><!-- duration: 0ms -->
      <step title="Determining deployment builder" date="2025-07-15T19:23:14.956" >
        <step title="Builder is CustomBuilder" date="2025-07-15T19:23:14.973" /><!-- duration: 14ms -->
      </step><!-- duration: 31ms -->
      <step title="Copying SSH keys" date="2025-07-15T19:23:15.050" /><!-- duration: 47ms -->
      <step title="Building" date="2025-07-15T19:23:15.097" >
        <step title="Running custom deployment command..." date="2025-07-15T19:23:15.162" /><!-- duration: 13ms -->
        <step title="Running deployment command..." date="2025-07-15T19:23:15.269" /><!-- duration: 0ms -->
        <step title="Command: deploy.cmd" date="2025-07-15T19:23:15.304" /><!-- duration: 0ms -->
        <step title="Executing external process" date="2025-07-15T19:23:15.378" type="process" path="starter.cmd" arguments="deploy.cmd" >
          <step title="Handling ASP.NET Core Web Application deployment." date="2025-07-15T19:23:16.631" /><!-- duration: 13ms -->
          <step title="  Determining projects to restore..." date="2025-07-15T19:23:27.848" /><!-- duration: 19ms -->
          <step title="  All projects are up-to-date for restore." date="2025-07-15T19:23:30.477" /><!-- duration: 12ms -->
          <step title="C:\home\site\repository\Backend\Program.cs(51,9): error CS1503: Argument 4: cannot convert from &apos;Backend.Services.IDocumentContextService&apos; to &apos;Backend.Services.DocumentContextService&apos; [C:\home\site\repository\Backend\Backend.csproj]" date="2025-07-15T19:24:01.105" /><!-- duration: 11ms -->
          <step title="C:\home\site\repository\Backend\Program.cs(52,9): error CS1503: Argument 5: cannot convert from &apos;Backend.Services.IChatAnalysisService&apos; to &apos;Backend.Services.ChatAnalysisService&apos; [C:\home\site\repository\Backend\Backend.csproj]" date="2025-07-15T19:24:01.134" /><!-- duration: 19ms -->
          <step title="C:\home\site\repository\Backend\Program.cs(53,9): error CS1503: Argument 6: cannot convert from &apos;Backend.Services.IPromptEngineeringService&apos; to &apos;Backend.Services.PromptEngineeringService&apos; [C:\home\site\repository\Backend\Backend.csproj]" date="2025-07-15T19:24:01.242" /><!-- duration: 16ms -->
          <step title="C:\home\site\repository\Backend\Program.cs(58,18): error CS0311: The type &apos;Backend.Services.DocumentProcessingService&apos; cannot be used as type parameter &apos;TImplementation&apos; in the generic type or method &apos;ServiceCollectionServiceExtensions.AddTransient&lt;TService, TImplementation&gt;(IServiceCollection)&apos;. There is no implicit reference conversion from &apos;Backend.Services.DocumentProcessingService&apos; to &apos;Backend.Services.IDocumentProcessingService&apos;. [C:\home\site\repository\Backend\Backend.csproj]" date="2025-07-15T19:24:01.288" /><!-- duration: 16ms -->
          <step title="C:\home\site\repository\Backend\Program.cs(65,18): error CS0311: The type &apos;Backend.Services.ChatAnalysisService&apos; cannot be used as type parameter &apos;TImplementation&apos; in the generic type or method &apos;ServiceCollectionServiceExtensions.AddScoped&lt;TService, TImplementation&gt;(IServiceCollection)&apos;. There is no implicit reference conversion from &apos;Backend.Services.ChatAnalysisService&apos; to &apos;Backend.Services.IChatAnalysisService&apos;. [C:\home\site\repository\Backend\Backend.csproj]" date="2025-07-15T19:24:01.711" /><!-- duration: 30ms -->
          <step title="C:\home\site\repository\Backend\Program.cs(69,52): error CS0246: The type or namespace name &apos;FileValidationService&apos; could not be found (are you missing a using directive or an assembly reference?) [C:\home\site\repository\Backend\Backend.csproj]" date="2025-07-15T19:24:01.742" /><!-- duration: 16ms -->
          <step title="C:\home\site\repository\Backend\Program.cs(70,56): error CS0246: The type or namespace name &apos;RequestDiagnosticsService&apos; could not be found (are you missing a using directive or an assembly reference?) [C:\home\site\repository\Backend\Backend.csproj]" date="2025-07-15T19:24:01.757" /><!-- duration: 16ms -->
          <step title="C:\home\site\repository\Backend\Program.cs(92,17): error CS1503: Argument 1: cannot convert from &apos;Azure.AzureKeyCredential&apos; to &apos;string&apos; [C:\home\site\repository\Backend\Backend.csproj]" date="2025-07-15T19:24:01.788" /><!-- duration: 0ms -->
          <step title="C:\home\site\repository\Backend\Program.cs(113,17): error CS1503: Argument 1: cannot convert from &apos;Azure.AzureKeyCredential&apos; to &apos;string&apos; [C:\home\site\repository\Backend\Backend.csproj]" date="2025-07-15T19:24:01.804" /><!-- duration: 16ms -->
          <step title="C:\home\site\repository\Backend\Program.cs(122,13): error CS1503: Argument 1: cannot convert from &apos;Azure.AzureKeyCredential&apos; to &apos;string&apos; [C:\home\site\repository\Backend\Backend.csproj]" date="2025-07-15T19:24:01.835" /><!-- duration: 0ms -->
          <step title="C:\home\site\repository\Backend\Program.cs(101,25): warning CS8604: Possible null reference argument for parameter &apos;uriString&apos; in &apos;Uri.Uri(string uriString)&apos;. [C:\home\site\repository\Backend\Backend.csproj]" date="2025-07-15T19:24:01.851" /><!-- duration: 0ms -->
          <step title="C:\home\site\repository\Backend\Program.cs(102,46): warning CS8604: Possible null reference argument for parameter &apos;key&apos; in &apos;AzureKeyCredential.AzureKeyCredential(string key)&apos;. [C:\home\site\repository\Backend\Backend.csproj]" date="2025-07-15T19:24:01.867" /><!-- duration: 0ms -->
          <step title="C:\home\site\repository\Backend\Program.cs(154,9): warning CS8602: Dereference of a possibly null reference. [C:\home\site\repository\Backend\Backend.csproj]" date="2025-07-15T19:24:01.882" /><!-- duration: 16ms -->
          <step title="C:\home\site\repository\Backend\Controllers\DocumentChatController.cs(169,55): error CS1061: &apos;IDocumentPersistenceService&apos; does not contain a definition for &apos;StoreDocumentAsync&apos; and no accessible extension method &apos;StoreDocumentAsync&apos; accepting a first argument of type &apos;IDocumentPersistenceService&apos; could be found (are you missing a using directive or an assembly reference?) [C:\home\site\repository\Backend\Backend.csproj]" date="2025-07-15T19:24:01.898" /><!-- duration: 16ms -->
          <step title="C:\home\site\repository\Backend\Controllers\DocumentChatController.cs(175,59): error CS1061: &apos;IDocumentPersistenceService&apos; does not contain a definition for &apos;StoreDocumentAsync&apos; and no accessible extension method &apos;StoreDocumentAsync&apos; accepting a first argument of type &apos;IDocumentPersistenceService&apos; could be found (are you missing a using directive or an assembly reference?) [C:\home\site\repository\Backend\Backend.csproj]" date="2025-07-15T19:24:01.929" /><!-- duration: 0ms -->
          <step title="C:\home\site\repository\Backend\Controllers\DocumentChatController.cs(158,47): warning CS8600: Converting null literal or possible null value to non-nullable type. [C:\home\site\repository\Backend\Backend.csproj]" date="2025-07-15T19:24:01.946" /><!-- duration: 0ms -->
          <step title="C:\home\site\repository\Backend\Controllers\DocumentChatController.cs(162,44): warning CS8600: Converting null literal or possible null value to non-nullable type. [C:\home\site\repository\Backend\Backend.csproj]" date="2025-07-15T19:24:01.960" /><!-- duration: 0ms -->
          <step title="C:\home\site\repository\Backend\Controllers\DocumentChatController.cs(230,36): warning CS8602: Dereference of a possibly null reference. [C:\home\site\repository\Backend\Backend.csproj]" date="2025-07-15T19:24:01.976" /><!-- duration: 0ms -->
          <step title="C:\home\site\repository\Backend\Controllers\DocumentChatController.cs(256,47): warning CS8600: Converting null literal or possible null value to non-nullable type. [C:\home\site\repository\Backend\Backend.csproj]" date="2025-07-15T19:24:01.976" /><!-- duration: 16ms -->
          <step title="C:\home\site\repository\Backend\Controllers\ConfigController.cs(82,35): warning CS8600: Converting null literal or possible null value to non-nullable type. [C:\home\site\repository\Backend\Backend.csproj]" date="2025-07-15T19:24:02.007" /><!-- duration: 0ms -->
          <step title="C:\home\site\repository\Backend\Controllers\ConfigController.cs(83,36): warning CS8600: Converting null literal or possible null value to non-nullable type. [C:\home\site\repository\Backend\Backend.csproj]" date="2025-07-15T19:24:02.023" /><!-- duration: 0ms -->
          <step title="C:\home\site\repository\Backend\Models\ChatModels.cs(27,23): warning CS8618: Non-nullable property &apos;DocumentInfo&apos; must contain a non-null value when exiting constructor. Consider adding the &apos;required&apos; modifier or declaring the property as nullable. [C:\home\site\repository\Backend\Backend.csproj]" date="2025-07-15T19:24:02.071" /><!-- duration: 30ms -->
          <step title="C:\home\site\repository\Backend\Services\AzureFunctionService.cs(142,49): warning CS8604: Possible null reference argument for parameter &apos;oldValue&apos; in &apos;string string.Replace(string oldValue, string? newValue)&apos;. [C:\home\site\repository\Backend\Backend.csproj]" date="2025-07-15T19:24:02.320" /><!-- duration: 31ms -->
          <step title="C:\home\site\repository\Backend\Controllers\ChatController.cs(83,45): warning CS8600: Converting null literal or possible null value to non-nullable type. [C:\home\site\repository\Backend\Backend.csproj]" date="2025-07-15T19:24:02.431" /><!-- duration: 16ms -->
          <step title="C:\home\site\repository\Backend\Services\LegacyEndpointHandler.cs(158,55): error CS1061: &apos;IDocumentPersistenceService&apos; does not contain a definition for &apos;StoreDocumentAsync&apos; and no accessible extension method &apos;StoreDocumentAsync&apos; accepting a first argument of type &apos;IDocumentPersistenceService&apos; could be found (are you missing a using directive or an assembly reference?) [C:\home\site\repository\Backend\Backend.csproj]" date="2025-07-15T19:24:02.479" /><!-- duration: 13ms -->
          <step title="C:\home\site\repository\Backend\Services\LegacyEndpointHandler.cs(164,59): error CS1061: &apos;IDocumentPersistenceService&apos; does not contain a definition for &apos;StoreDocumentAsync&apos; and no accessible extension method &apos;StoreDocumentAsync&apos; accepting a first argument of type &apos;IDocumentPersistenceService&apos; could be found (are you missing a using directive or an assembly reference?) [C:\home\site\repository\Backend\Backend.csproj]" date="2025-07-15T19:24:02.572" /><!-- duration: 14ms -->
          <step title="C:\home\site\repository\Backend\Services\LegacyEndpointHandler.cs(74,41): warning CS8601: Possible null reference assignment. [C:\home\site\repository\Backend\Backend.csproj]" date="2025-07-15T19:24:02.695" /><!-- duration: 17ms -->
          <step title="C:\home\site\repository\Backend\Services\LegacyEndpointHandler.cs(123,39): warning CS8600: Converting null literal or possible null value to non-nullable type. [C:\home\site\repository\Backend\Backend.csproj]" date="2025-07-15T19:24:02.742" /><!-- duration: 17ms -->
          <step title="C:\home\site\repository\Backend\Services\LegacyEndpointHandler.cs(125,38): warning CS8602: Dereference of a possibly null reference. [C:\home\site\repository\Backend\Backend.csproj]" date="2025-07-15T19:24:02.806" /><!-- duration: 0ms -->
          <step title="C:\home\site\repository\Backend\Services\LegacyEndpointHandler.cs(187,40): warning CS8602: Dereference of a possibly null reference. [C:\home\site\repository\Backend\Backend.csproj]" date="2025-07-15T19:24:02.867" /><!-- duration: 158ms -->
          <step title="C:\home\site\repository\Backend\Services\ChatService.cs(77,42): warning CS8600: Converting null literal or possible null value to non-nullable type. [C:\home\site\repository\Backend\Backend.csproj]" date="2025-07-15T19:24:03.273" /><!-- duration: 81ms -->
          <step title="C:\home\site\repository\Backend\Services\ChatService.cs(105,100): warning CS8604: Possible null reference argument for parameter &apos;userMessage&apos; in &apos;string DocumentContextService.PrepareDocumentContext(DocumentInfo documentInfo, string userMessage)&apos;. [C:\home\site\repository\Backend\Backend.csproj]" date="2025-07-15T19:24:03.710" /><!-- duration: 221ms -->
          <step title="C:\home\site\repository\Backend\Services\ChatService.cs(132,54): warning CS8600: Converting null literal or possible null value to non-nullable type. [C:\home\site\repository\Backend\Backend.csproj]" date="2025-07-15T19:24:04.244" /><!-- duration: 49ms -->
          <step title="C:\home\site\repository\Backend\Services\ChatService.cs(172,28): warning CS8603: Possible null reference return. [C:\home\site\repository\Backend\Backend.csproj]" date="2025-07-15T19:24:04.387" /><!-- duration: 57ms -->
          <step title="C:\home\site\repository\Backend\Controllers\ChatController.cs(327,38): error CS0103: The name &apos;_documentChatController&apos; does not exist in the current context [C:\home\site\repository\Backend\Backend.csproj]" date="2025-07-15T19:24:04.510" /><!-- duration: 47ms -->
          <step title="C:\home\site\repository\Backend\Controllers\ChatController.cs(367,39): warning CS8600: Converting null literal or possible null value to non-nullable type. [C:\home\site\repository\Backend\Backend.csproj]" date="2025-07-15T19:24:04.632" /><!-- duration: 48ms -->
          <step title="C:\home\site\repository\Backend\Controllers\ChatController.cs(409,46): warning CS8600: Converting null literal or possible null value to non-nullable type. [C:\home\site\repository\Backend\Backend.csproj]" date="2025-07-15T19:24:04.757" /><!-- duration: 47ms -->
          <step title="C:\home\site\repository\Backend\Services\DocumentContextService.cs(395,41): warning CS1998: This async method lacks &apos;await&apos; operators and will run synchronously. Consider using the &apos;await&apos; operator to await non-blocking API calls, or &apos;await Task.Run(...)&apos; to do CPU-bound work on a background thread. [C:\home\site\repository\Backend\Backend.csproj]" date="2025-07-15T19:24:05.023" /><!-- duration: 82ms -->
          <step title="C:\home\site\repository\Backend\Services\DocumentProcessingService.cs(126,28): warning CS8602: Dereference of a possibly null reference. [C:\home\site\repository\Backend\Backend.csproj]" date="2025-07-15T19:24:05.180" /><!-- duration: 46ms -->
          <step title="C:\home\site\repository\Backend\Services\DocumentProcessingService.cs(126,28): warning CS8602: Dereference of a possibly null reference. [C:\home\site\repository\Backend\Backend.csproj]" date="2025-07-15T19:24:06.009" /><!-- duration: 253ms -->
          <step title="C:\home\site\repository\Backend\Services\DocumentProcessingService.cs(146,45): warning CS8602: Dereference of a possibly null reference. [C:\home\site\repository\Backend\Backend.csproj]" date="2025-07-15T19:24:06.460" /><!-- duration: 111ms -->
          <step title="C:\home\site\repository\Backend\Services\DocumentProcessingService.cs(154,81): warning CS8604: Possible null reference argument for parameter &apos;id&apos; in &apos;OpenXmlPart OpenXmlPartContainer.GetPartById(string id)&apos;. [C:\home\site\repository\Backend\Backend.csproj]" date="2025-07-15T19:24:06.679" /><!-- duration: 47ms -->
          <step title="C:\home\site\repository\Backend\Services\DocumentProcessingService.cs(167,64): warning CS8604: Possible null reference argument for parameter &apos;sharedStringTable&apos; in &apos;string DocumentProcessingService.GetCellValue(Cell cell, SharedStringTable sharedStringTable)&apos;. [C:\home\site\repository\Backend\Backend.csproj]" date="2025-07-15T19:24:06.790" /><!-- duration: 29ms -->
          <step title="C:\home\site\repository\Backend\Services\DocumentPersistenceService.cs(72,36): warning CS8600: Converting null literal or possible null value to non-nullable type. [C:\home\site\repository\Backend\Backend.csproj]" date="2025-07-15T19:24:06.945" /><!-- duration: 47ms -->
          <step title="C:\home\site\repository\Backend\Services\DocumentPersistenceService.cs(88,45): warning CS8601: Possible null reference assignment. [C:\home\site\repository\Backend\Backend.csproj]" date="2025-07-15T19:24:07.117" /><!-- duration: 66ms -->
          <step title="C:\home\site\repository\Backend\Services\DocumentPersistenceService.cs(91,43): warning CS8601: Possible null reference assignment. [C:\home\site\repository\Backend\Backend.csproj]" date="2025-07-15T19:24:07.258" /><!-- duration: 67ms -->
          <step title="C:\home\site\repository\Backend\Services\DocumentPersistenceService.cs(106,41): warning CS8601: Possible null reference assignment. [C:\home\site\repository\Backend\Backend.csproj]" date="2025-07-15T19:24:07.476" /><!-- duration: 78ms -->
          <step title="C:\home\site\repository\Backend\Services\DocumentPersistenceService.cs(109,39): warning CS8601: Possible null reference assignment. [C:\home\site\repository\Backend\Backend.csproj]" date="2025-07-15T19:24:07.666" /><!-- duration: 47ms -->
          <step title="C:\home\site\repository\Backend\Services\DocumentPersistenceService.cs(121,50): warning CS8602: Dereference of a possibly null reference. [C:\home\site\repository\Backend\Backend.csproj]" date="2025-07-15T19:24:07.773" /><!-- duration: 35ms -->
          <step title="C:\home\site\repository\Backend\Services\DocumentPersistenceService.cs(189,24): warning CS8603: Possible null reference return. [C:\home\site\repository\Backend\Backend.csproj]" date="2025-07-15T19:24:07.855" /><!-- duration: 12ms -->
          <step title="C:\home\site\repository\Backend\Services\DocumentPersistenceService.cs(226,32): warning CS8603: Possible null reference return. [C:\home\site\repository\Backend\Backend.csproj]" date="2025-07-15T19:24:07.913" /><!-- duration: 18ms -->
          <step title="C:\home\site\repository\Backend\Services\DocumentPersistenceService.cs(301,40): warning CS8603: Possible null reference return. [C:\home\site\repository\Backend\Backend.csproj]" date="2025-07-15T19:24:08.119" /><!-- duration: 29ms -->
          <step title="C:\home\site\repository\Backend\Services\DocumentPersistenceService.cs(317,32): warning CS8603: Possible null reference return. [C:\home\site\repository\Backend\Backend.csproj]" date="2025-07-15T19:24:08.195" /><!-- duration: 47ms -->
          <step title="C:\home\site\repository\Backend\Services\DocumentPersistenceService.cs(331,20): warning CS8603: Possible null reference return. [C:\home\site\repository\Backend\Backend.csproj]" date="2025-07-15T19:24:08.289" /><!-- duration: 31ms -->
          <step title="C:\home\site\repository\Backend\Program.cs(156,9): warning ASP0019: Use IHeaderDictionary.Append or the indexer to append or set headers. IDictionary.Add will throw an ArgumentException when attempting to add a duplicate key. (https://aka.ms/aspnet/analyzers) [C:\home\site\repository\Backend\Backend.csproj]" date="2025-07-15T19:24:08.585" /><!-- duration: 1001ms -->
          <step title="C:\home\site\repository\Backend\Program.cs(157,9): warning ASP0019: Use IHeaderDictionary.Append or the indexer to append or set headers. IDictionary.Add will throw an ArgumentException when attempting to add a duplicate key. (https://aka.ms/aspnet/analyzers) [C:\home\site\repository\Backend\Backend.csproj]" date="2025-07-15T19:24:09.977" /><!-- duration: 77ms -->
          <step title="C:\home\site\repository\Backend\Program.cs(158,9): warning ASP0019: Use IHeaderDictionary.Append or the indexer to append or set headers. IDictionary.Add will throw an ArgumentException when attempting to add a duplicate key. (https://aka.ms/aspnet/analyzers) [C:\home\site\repository\Backend\Backend.csproj]" date="2025-07-15T19:24:10.195" /><!-- duration: 35ms -->
          <step title="C:\home\site\repository\Backend\Controllers\ChatController.cs(394,31): warning CA2022: Avoid inexact read with &apos;System.IO.Stream.ReadAsync(byte[], int, int)&apos; (https://learn.microsoft.com/dotnet/fundamentals/code-analysis/quality-rules/ca2022) [C:\home\site\repository\Backend\Backend.csproj]" date="2025-07-15T19:24:10.288" /><!-- duration: 16ms -->
          <step title="Failed exitCode=1, command=dotnet publish &quot;C:\home\site\repository\Backend\Backend.csproj&quot; --configuration Release --output &quot;C:\local\Temp\8ddc3d50bcede12&quot; --no-restore" date="2025-07-15T19:24:10.351" /><!-- duration: 47ms -->
          <step title="An error has occurred during web site deployment." date="2025-07-15T19:24:10.493" /><!-- duration: 19ms -->
          <step title="Process dump" date="2025-07-15T19:24:10.570" exitCode="255" type="processOutput" /><!-- duration: 17ms -->
        </step><!-- duration: 55239ms -->
        <step title="
C:\Program Files (x86)\SiteExtensions\Kudu\103.250502.001\bin\Scripts\starter.cmd deploy.cmd DEPLOYMENTINFO: deployer = GitHub, os = windows, sku = Standard, siteName = site-net, siteHostName = site-net-rrai-blue-fsgabaardkdhhnhf.centralus-01.azurewebsites.net, deploymentStatus = Error" date="2025-07-15T19:24:10.648" /><!-- duration: 16ms -->
        <step title="Error occurred" date="2025-07-15T19:24:10.663" type="error" text="
C:\Program Files (x86)\SiteExtensions\Kudu\103.250502.001\bin\Scripts\starter.cmd deploy.cmd" stackTrace="   at Kudu.Core.Infrastructure.Executable.ExecuteInternal(ITracer tracer, Func`2 onWriteOutput, Func`2 onWriteError, Encoding encoding, String arguments, Object[] args)
   at Kudu.Core.Infrastructure.Executable.ExecuteWithProgressWriter(ILogger logger, ITracer tracer, String arguments, Object[] args)
   at Kudu.Core.Deployment.Generator.ExternalCommandBuilder.RunCommand(DeploymentContext context, String command, Boolean ignoreManifest, String message)" /><!-- duration: 19ms -->
      </step><!-- duration: 55864ms -->
      <step title="Error occurred" date="2025-07-15T19:24:10.997" type="error" text="
C:\Program Files (x86)\SiteExtensions\Kudu\103.250502.001\bin\Scripts\starter.cmd deploy.cmd" stackTrace="   at Kudu.Core.Infrastructure.Executable.ExecuteInternal(ITracer tracer, Func`2 onWriteOutput, Func`2 onWriteError, Encoding encoding, String arguments, Object[] args)
   at Kudu.Core.Infrastructure.Executable.ExecuteWithProgressWriter(ILogger logger, ITracer tracer, String arguments, Object[] args)
   at Kudu.Core.Deployment.Generator.ExternalCommandBuilder.RunCommand(DeploymentContext context, String command, Boolean ignoreManifest, String message)
   at Kudu.Core.Deployment.Generator.CustomBuilder.Build(DeploymentContext context)
--- End of stack trace from previous location where exception was thrown ---
   at System.Runtime.CompilerServices.TaskAwaiter.ThrowForNonSuccess(Task task)
   at System.Runtime.CompilerServices.TaskAwaiter.HandleNonSuccessAndDebuggerNotification(Task task)
   at System.Runtime.CompilerServices.TaskAwaiter.ValidateEnd(Task task)
   at Kudu.Core.Deployment.DeploymentManager.&lt;Build&gt;d__38.MoveNext()" /><!-- duration: 10ms -->
      <step title="Deployment Failed. DEPLOYMENTINFO: deployer = GitHub, os = windows, sku = Standard, siteName = site-net, siteHostName = site-net-rrai-blue-fsgabaardkdhhnhf.centralus-01.azurewebsites.net, deploymentStatus = Failed" date="2025-07-15T19:24:11.026" /><!-- duration: 12ms -->
    </step><!-- duration: 56564ms -->
    <step title="Cleaning up temp files" date="2025-07-15T19:24:11.055" /><!-- duration: 31ms -->
  </step><!-- duration: 59114ms -->
  <step title="LockFile &apos;C:\home\site\locks\deployments.lock&apos; released" date="2025-07-15T19:24:11.445" /><!-- duration: 18ms -->
  <step title="Deleting shutdown sentinel file" date="2025-07-15T19:24:11.509" SemaphoreCount="8" /><!-- duration: 29ms -->
</step><!-- duration: 59560ms -->
