<step title="BackgroundTrace" date="2025-07-15T20:47:39.036" instance="15b9d3" url="/deploy" method="POST" >
  <step title="Updating shutdown sentinel last write time" date="2025-07-15T20:47:39.067" SemaphoreCount="7" /><!-- duration: 16ms -->
  <step title="LockFile &apos;C:\home\site\locks\deployments.lock&apos; acquired" date="2025-07-15T20:47:39.082" /><!-- duration: 0ms -->
  <step title="Creating temporary deployment" date="2025-07-15T20:47:39.098" /><!-- duration: 47ms -->
  <step title="Performing fetch based deployment" date="2025-07-15T20:47:39.145" >
    <step title="Fetching changes." date="2025-07-15T20:47:39.270" /><!-- duration: 47ms -->
    <step title="Before sending BuildRequestReceived status to /api/updatedeploystatus" date="2025-07-15T20:47:41.270" /><!-- duration: 18ms -->
    <step title="DeploymentManager.Deploy(id:267f780efeaaad8d136a40ab9f1a9c8bafb60235)" date="2025-07-15T20:47:41.395" >
      <step title="Collecting changeset information" date="2025-07-15T20:47:41.413" /><!-- duration: 75ms -->
      <step title="Updating submodules" date="2025-07-15T20:47:41.505" >
        <step title="Updating submodules." date="2025-07-15T20:47:41.676" /><!-- duration: 0ms -->
      </step><!-- duration: 187ms -->
      <step title="Preparing deployment for commit id &apos;267f780efe&apos;." date="2025-07-15T20:47:41.770" /><!-- duration: 16ms -->
      <step title="Determining deployment builder" date="2025-07-15T20:47:41.864" >
        <step title="Builder is CustomBuilder" date="2025-07-15T20:47:41.880" /><!-- duration: 0ms -->
      </step><!-- duration: 35ms -->
      <step title="Copying SSH keys" date="2025-07-15T20:47:41.927" /><!-- duration: 30ms -->
      <step title="Building" date="2025-07-15T20:47:41.957" >
        <step title="Running custom deployment command..." date="2025-07-15T20:47:42.051" /><!-- duration: 31ms -->
        <step title="Running deployment command..." date="2025-07-15T20:47:42.192" /><!-- duration: 0ms -->
        <step title="Command: deploy.cmd" date="2025-07-15T20:47:42.207" /><!-- duration: 0ms -->
        <step title="Executing external process" date="2025-07-15T20:47:42.304" type="process" path="starter.cmd" arguments="deploy.cmd" >
          <step title="Handling ASP.NET Core Web Application deployment." date="2025-07-15T20:47:43.633" /><!-- duration: 12ms -->
          <step title="  Determining projects to restore..." date="2025-07-15T20:47:53.598" /><!-- duration: 17ms -->
          <step title="  All projects are up-to-date for restore." date="2025-07-15T20:47:56.321" /><!-- duration: 12ms -->
          <step title="C:\home\site\repository\Backend\Program.cs(49,9): warning CS8604: Possible null reference argument for parameter &apos;openAIClient&apos; in &apos;ChatService.ChatService(OpenAIClient openAIClient, OpenAIConfiguration openAIConfig, DocumentChunkingService documentChunkingService, IDocumentContextService documentContextService, IChatAnalysisService chatAnalysisService, IPromptEngineeringService promptEngineeringService, ILogger&lt;ChatService&gt; logger)&apos;. [C:\home\site\repository\Backend\Backend.csproj]" date="2025-07-15T20:48:55.177" /><!-- duration: 18ms -->
          <step title="C:\home\site\repository\Backend\Program.cs(104,25): warning CS8604: Possible null reference argument for parameter &apos;uriString&apos; in &apos;Uri.Uri(string uriString)&apos;. [C:\home\site\repository\Backend\Backend.csproj]" date="2025-07-15T20:48:55.224" /><!-- duration: 0ms -->
          <step title="C:\home\site\repository\Backend\Program.cs(105,46): warning CS8604: Possible null reference argument for parameter &apos;key&apos; in &apos;AzureKeyCredential.AzureKeyCredential(string key)&apos;. [C:\home\site\repository\Backend\Backend.csproj]" date="2025-07-15T20:48:55.255" /><!-- duration: 0ms -->
          <step title="C:\home\site\repository\Backend\Program.cs(159,9): warning CS8602: Dereference of a possibly null reference. [C:\home\site\repository\Backend\Backend.csproj]" date="2025-07-15T20:48:55.289" /><!-- duration: 13ms -->
          <step title="C:\home\site\repository\Backend\Controllers\DocumentChatController.cs(159,47): warning CS8600: Converting null literal or possible null value to non-nullable type. [C:\home\site\repository\Backend\Backend.csproj]" date="2025-07-15T20:48:55.318" /><!-- duration: 19ms -->
          <step title="C:\home\site\repository\Backend\Controllers\DocumentChatController.cs(163,44): warning CS8600: Converting null literal or possible null value to non-nullable type. [C:\home\site\repository\Backend\Backend.csproj]" date="2025-07-15T20:48:55.366" /><!-- duration: 19ms -->
          <step title="C:\home\site\repository\Backend\Controllers\DocumentChatController.cs(231,36): warning CS8602: Dereference of a possibly null reference. [C:\home\site\repository\Backend\Backend.csproj]" date="2025-07-15T20:48:55.414" /><!-- duration: 0ms -->
          <step title="C:\home\site\repository\Backend\Controllers\DocumentChatController.cs(257,47): warning CS8600: Converting null literal or possible null value to non-nullable type. [C:\home\site\repository\Backend\Backend.csproj]" date="2025-07-15T20:48:55.443" /><!-- duration: 0ms -->
          <step title="C:\home\site\repository\Backend\Models\ChatModels.cs(27,23): warning CS8618: Non-nullable property &apos;DocumentInfo&apos; must contain a non-null value when exiting constructor. Consider adding the &apos;required&apos; modifier or declaring the property as nullable. [C:\home\site\repository\Backend\Backend.csproj]" date="2025-07-15T20:48:55.461" /><!-- duration: 13ms -->
          <step title="C:\home\site\repository\Backend\Controllers\ConfigController.cs(82,35): warning CS8600: Converting null literal or possible null value to non-nullable type. [C:\home\site\repository\Backend\Backend.csproj]" date="2025-07-15T20:48:55.490" /><!-- duration: 18ms -->
          <step title="C:\home\site\repository\Backend\Controllers\ConfigController.cs(83,36): warning CS8600: Converting null literal or possible null value to non-nullable type. [C:\home\site\repository\Backend\Backend.csproj]" date="2025-07-15T20:48:55.521" /><!-- duration: 16ms -->
          <step title="C:\home\site\repository\Backend\Controllers\ChatController.cs(84,45): warning CS8600: Converting null literal or possible null value to non-nullable type. [C:\home\site\repository\Backend\Backend.csproj]" date="2025-07-15T20:48:55.555" /><!-- duration: 0ms -->
          <step title="C:\home\site\repository\Backend\Controllers\ChatController.cs(92,36): warning CS8600: Converting null literal or possible null value to non-nullable type. [C:\home\site\repository\Backend\Backend.csproj]" date="2025-07-15T20:48:55.584" /><!-- duration: 0ms -->
          <step title="C:\home\site\repository\Backend\Controllers\ChatController.cs(98,40): warning CS8600: Converting null literal or possible null value to non-nullable type. [C:\home\site\repository\Backend\Backend.csproj]" date="2025-07-15T20:48:55.615" /><!-- duration: 17ms -->
          <step title="C:\home\site\repository\Backend\Services\AzureFunctionService.cs(142,49): warning CS8604: Possible null reference argument for parameter &apos;oldValue&apos; in &apos;string string.Replace(string oldValue, string? newValue)&apos;. [C:\home\site\repository\Backend\Backend.csproj]" date="2025-07-15T20:48:55.651" /><!-- duration: 11ms -->
          <step title="C:\home\site\repository\Backend\Controllers\ChatController.cs(330,43): warning CS8600: Converting null literal or possible null value to non-nullable type. [C:\home\site\repository\Backend\Backend.csproj]" date="2025-07-15T20:48:55.679" /><!-- duration: 0ms -->
          <step title="C:\home\site\repository\Backend\Controllers\ChatController.cs(345,69): warning CS8604: Possible null reference argument for parameter &apos;message&apos; in &apos;Task&lt;IActionResult&gt; DocumentChatController.ChatWithFile(IFormFile file, string message, string? clientSessionId = null)&apos;. [C:\home\site\repository\Backend\Backend.csproj]" date="2025-07-15T20:48:55.708" /><!-- duration: 0ms -->
          <step title="C:\home\site\repository\Backend\Controllers\ChatController.cs(385,39): warning CS8600: Converting null literal or possible null value to non-nullable type. [C:\home\site\repository\Backend\Backend.csproj]" date="2025-07-15T20:48:55.726" /><!-- duration: 19ms -->
          <step title="C:\home\site\repository\Backend\Controllers\ChatController.cs(427,46): warning CS8600: Converting null literal or possible null value to non-nullable type. [C:\home\site\repository\Backend\Backend.csproj]" date="2025-07-15T20:48:55.755" /><!-- duration: 17ms -->
          <step title="C:\home\site\repository\Backend\Services\LegacyEndpointHandler.cs(75,41): warning CS8601: Possible null reference assignment. [C:\home\site\repository\Backend\Backend.csproj]" date="2025-07-15T20:48:55.804" /><!-- duration: 0ms -->
          <step title="C:\home\site\repository\Backend\Services\LegacyEndpointHandler.cs(124,39): warning CS8600: Converting null literal or possible null value to non-nullable type. [C:\home\site\repository\Backend\Backend.csproj]" date="2025-07-15T20:48:55.834" /><!-- duration: 0ms -->
          <step title="C:\home\site\repository\Backend\Services\LegacyEndpointHandler.cs(126,38): warning CS8602: Dereference of a possibly null reference. [C:\home\site\repository\Backend\Backend.csproj]" date="2025-07-15T20:48:55.851" /><!-- duration: 19ms -->
          <step title="C:\home\site\repository\Backend\Services\LegacyEndpointHandler.cs(187,40): warning CS8602: Dereference of a possibly null reference. [C:\home\site\repository\Backend\Backend.csproj]" date="2025-07-15T20:48:55.880" /><!-- duration: 18ms -->
          <step title="C:\home\site\repository\Backend\Services\ChatService.cs(81,42): warning CS8600: Converting null literal or possible null value to non-nullable type. [C:\home\site\repository\Backend\Backend.csproj]" date="2025-07-15T20:48:55.917" /><!-- duration: 10ms -->
          <step title="C:\home\site\repository\Backend\Services\ChatService.cs(82,39): warning CS8600: Converting null literal or possible null value to non-nullable type. [C:\home\site\repository\Backend\Backend.csproj]" date="2025-07-15T20:48:55.958" /><!-- duration: 0ms -->
          <step title="C:\home\site\repository\Backend\Services\ChatService.cs(110,100): warning CS8604: Possible null reference argument for parameter &apos;userMessage&apos; in &apos;string IDocumentContextService.PrepareDocumentContext(DocumentInfo documentInfo, string userMessage)&apos;. [C:\home\site\repository\Backend\Backend.csproj]" date="2025-07-15T20:48:56.005" /><!-- duration: 16ms -->
          <step title="C:\home\site\repository\Backend\Services\ChatService.cs(148,54): warning CS8600: Converting null literal or possible null value to non-nullable type. [C:\home\site\repository\Backend\Backend.csproj]" date="2025-07-15T20:48:56.039" /><!-- duration: 29ms -->
          <step title="C:\home\site\repository\Backend\Services\ChatService.cs(188,28): warning CS8603: Possible null reference return. [C:\home\site\repository\Backend\Backend.csproj]" date="2025-07-15T20:48:56.161" /><!-- duration: 17ms -->
          <step title="C:\home\site\repository\Backend\Services\DocumentProcessingService.cs(127,28): warning CS8602: Dereference of a possibly null reference. [C:\home\site\repository\Backend\Backend.csproj]" date="2025-07-15T20:48:56.197" /><!-- duration: 74ms -->
          <step title="C:\home\site\repository\Backend\Services\DocumentProcessingService.cs(127,28): warning CS8602: Dereference of a possibly null reference. [C:\home\site\repository\Backend\Backend.csproj]" date="2025-07-15T20:48:56.289" /><!-- duration: 13ms -->
          <step title="C:\home\site\repository\Backend\Services\DocumentProcessingService.cs(147,45): warning CS8602: Dereference of a possibly null reference. [C:\home\site\repository\Backend\Backend.csproj]" date="2025-07-15T20:48:56.318" /><!-- duration: 47ms -->
          <step title="C:\home\site\repository\Backend\Services\DocumentProcessingService.cs(155,81): warning CS8604: Possible null reference argument for parameter &apos;id&apos; in &apos;OpenXmlPart OpenXmlPartContainer.GetPartById(string id)&apos;. [C:\home\site\repository\Backend\Backend.csproj]" date="2025-07-15T20:48:56.412" /><!-- duration: 19ms -->
          <step title="C:\home\site\repository\Backend\Services\DocumentProcessingService.cs(168,64): warning CS8604: Possible null reference argument for parameter &apos;sharedStringTable&apos; in &apos;string DocumentProcessingService.GetCellValue(Cell cell, SharedStringTable sharedStringTable)&apos;. [C:\home\site\repository\Backend\Backend.csproj]" date="2025-07-15T20:48:56.443" /><!-- duration: 17ms -->
          <step title="C:\home\site\repository\Backend\Services\DocumentPersistenceService.cs(73,36): warning CS8600: Converting null literal or possible null value to non-nullable type. [C:\home\site\repository\Backend\Backend.csproj]" date="2025-07-15T20:48:56.478" /><!-- duration: 0ms -->
          <step title="C:\home\site\repository\Backend\Services\DocumentPersistenceService.cs(89,45): warning CS8601: Possible null reference assignment. [C:\home\site\repository\Backend\Backend.csproj]" date="2025-07-15T20:48:56.537" /><!-- duration: 17ms -->
          <step title="C:\home\site\repository\Backend\Services\DocumentPersistenceService.cs(92,43): warning CS8601: Possible null reference assignment. [C:\home\site\repository\Backend\Backend.csproj]" date="2025-07-15T20:48:56.583" /><!-- duration: 16ms -->
          <step title="C:\home\site\repository\Backend\Services\DocumentPersistenceService.cs(107,41): warning CS8601: Possible null reference assignment. [C:\home\site\repository\Backend\Backend.csproj]" date="2025-07-15T20:48:56.646" /><!-- duration: 19ms -->
          <step title="C:\home\site\repository\Backend\Services\DocumentPersistenceService.cs(110,39): warning CS8601: Possible null reference assignment. [C:\home\site\repository\Backend\Backend.csproj]" date="2025-07-15T20:48:56.713" /><!-- duration: 11ms -->
          <step title="C:\home\site\repository\Backend\Services\DocumentPersistenceService.cs(122,50): warning CS8602: Dereference of a possibly null reference. [C:\home\site\repository\Backend\Backend.csproj]" date="2025-07-15T20:48:56.742" /><!-- duration: 60ms -->
          <step title="C:\home\site\repository\Backend\Services\DocumentPersistenceService.cs(190,24): warning CS8603: Possible null reference return. [C:\home\site\repository\Backend\Backend.csproj]" date="2025-07-15T20:48:56.992" /><!-- duration: 19ms -->
          <step title="C:\home\site\repository\Backend\Services\DocumentPersistenceService.cs(227,32): warning CS8603: Possible null reference return. [C:\home\site\repository\Backend\Backend.csproj]" date="2025-07-15T20:48:57.039" /><!-- duration: 0ms -->
          <step title="C:\home\site\repository\Backend\Services\DocumentPersistenceService.cs(302,40): warning CS8603: Possible null reference return. [C:\home\site\repository\Backend\Backend.csproj]" date="2025-07-15T20:48:57.052" /><!-- duration: 16ms -->
          <step title="C:\home\site\repository\Backend\Services\DocumentPersistenceService.cs(318,32): warning CS8603: Possible null reference return. [C:\home\site\repository\Backend\Backend.csproj]" date="2025-07-15T20:48:57.086" /><!-- duration: 13ms -->
          <step title="C:\home\site\repository\Backend\Services\DocumentPersistenceService.cs(332,20): warning CS8603: Possible null reference return. [C:\home\site\repository\Backend\Backend.csproj]" date="2025-07-15T20:48:57.115" /><!-- duration: 20ms -->
          <step title="C:\home\site\repository\Backend\Services\DocumentContextService.cs(396,41): warning CS1998: This async method lacks &apos;await&apos; operators and will run synchronously. Consider using the &apos;await&apos; operator to await non-blocking API calls, or &apos;await Task.Run(...)&apos; to do CPU-bound work on a background thread. [C:\home\site\repository\Backend\Backend.csproj]" date="2025-07-15T20:48:57.162" /><!-- duration: 21ms -->
          <step title="C:\home\site\repository\Backend\Controllers\ChatController.cs(412,31): warning CA2022: Avoid inexact read with &apos;System.IO.Stream.ReadAsync(byte[], int, int)&apos; (https://learn.microsoft.com/dotnet/fundamentals/code-analysis/quality-rules/ca2022) [C:\home\site\repository\Backend\Backend.csproj]" date="2025-07-15T20:48:57.224" /><!-- duration: 16ms -->
          <step title="  Backend -&gt; C:\home\site\repository\Backend\bin\Release\net9.0\Backend.dll" date="2025-07-15T20:48:58.853" /><!-- duration: 12ms -->
          <step title="  Backend -&gt; C:\local\Temp\8ddc3e0d7e9c82c\" date="2025-07-15T20:49:06.021" /><!-- duration: 19ms -->
          <step title="Creating app_offline.htm" date="2025-07-15T20:49:14.681" /><!-- duration: 12ms -->
          <step title="KuduSync.NET from: &apos;C:\local\Temp\8ddc3e0d7e9c82c&apos; to: &apos;C:\home\site\wwwroot&apos;" date="2025-07-15T20:49:14.709" /><!-- duration: 0ms -->
          <step title="Copying file: &apos;Backend.dll&apos;" date="2025-07-15T20:49:14.740" /><!-- duration: 16ms -->
          <step title="Copying file: &apos;Backend.exe&apos;" date="2025-07-15T20:49:14.775" /><!-- duration: 0ms -->
          <step title="Copying file: &apos;Backend.pdb&apos;" date="2025-07-15T20:49:14.803" /><!-- duration: 0ms -->
          <step title="Deleting app_offline.htm" date="2025-07-15T20:49:14.822" /><!-- duration: 12ms -->
          <step title="Finished successfully." date="2025-07-15T20:49:16.162" /><!-- duration: 0ms -->
        </step><!-- duration: 94125ms -->
        <step title="Running post deployment command(s)..." date="2025-07-15T20:49:16.630" /><!-- duration: 0ms -->
        <step title="Triggering recycle (preview mode disabled)." date="2025-07-15T20:49:16.886" /><!-- duration: 10ms -->
        <step title="Ignoring FS watcher based recycle request as this is a classic Windows app." date="2025-07-15T20:49:16.914" /><!-- duration: 14ms -->
        <step title="Deployment successful. DEPLOYMENTINFO: deployer = GitHub, os = windows, sku = Standard, siteName = site-net, siteHostName = site-net-rrai-blue-fsgabaardkdhhnhf.centralus-01.azurewebsites.net, deploymentStatus = Success" date="2025-07-15T20:49:17.554" /><!-- duration: 64ms -->
        <step title="Purge deployment items" date="2025-07-15T20:49:18.459" >
          <step title="Remove 0d96811b8, Success, received at 7/3/2025 2:13:25 PM" date="2025-07-15T20:49:18.615" /><!-- duration: 16ms -->
        </step><!-- duration: 172ms -->
      </step><!-- duration: 96720ms -->
    </step><!-- duration: 97301ms -->
    <step title="Cleaning up temp files" date="2025-07-15T20:49:18.709" /><!-- duration: 175ms -->
    <step title="Skip function trigger and logicapp sync because function is not enabled." date="2025-07-15T20:49:19.025" /><!-- duration: 12ms -->
  </step><!-- duration: 99956ms -->
  <step title="LockFile &apos;C:\home\site\locks\deployments.lock&apos; released" date="2025-07-15T20:49:19.120" /><!-- duration: 11ms -->
  <step title="Deleting shutdown sentinel file" date="2025-07-15T20:49:19.148" SemaphoreCount="8" /><!-- duration: 18ms -->
</step><!-- duration: 100159ms -->
