<step title="BackgroundTrace" date="2025-07-15T17:56:18.007" instance="15b9d3" url="/deploy" method="POST" >
  <step title="Updating shutdown sentinel last write time" date="2025-07-15T17:56:18.257" SemaphoreCount="7" /><!-- duration: 16ms -->
  <step title="LockFile &apos;C:\home\site\locks\deployments.lock&apos; acquired" date="2025-07-15T17:56:18.291" /><!-- duration: 12ms -->
  <step title="Creating temporary deployment" date="2025-07-15T17:56:18.319" /><!-- duration: 109ms -->
  <step title="Performing fetch based deployment" date="2025-07-15T17:56:18.461" >
    <step title="Fetching changes." date="2025-07-15T17:56:19.073" /><!-- duration: 29ms -->
    <step title="Before sending BuildRequestReceived status to /api/updatedeploystatus" date="2025-07-15T17:56:22.791" /><!-- duration: 0ms -->
    <step title="DeploymentManager.Deploy(id:66d22463255de3c24307b251f69b3140a35ddcb4)" date="2025-07-15T17:56:22.897" >
      <step title="Collecting changeset information" date="2025-07-15T17:56:22.944" /><!-- duration: 564ms -->
      <step title="Updating submodules" date="2025-07-15T17:56:23.538" >
        <step title="Updating submodules." date="2025-07-15T17:56:23.696" /><!-- duration: 18ms -->
      </step><!-- duration: 188ms -->
      <step title="Preparing deployment for commit id &apos;66d2246325&apos;." date="2025-07-15T17:56:24.147" /><!-- duration: 64ms -->
      <step title="Determining deployment builder" date="2025-07-15T17:56:24.480" >
        <step title="Builder is CustomBuilder" date="2025-07-15T17:56:24.491" /><!-- duration: 16ms -->
      </step><!-- duration: 58ms -->
      <step title="Copying SSH keys" date="2025-07-15T17:56:24.898" /><!-- duration: 48ms -->
      <step title="Building" date="2025-07-15T17:56:24.945" >
        <step title="Running custom deployment command..." date="2025-07-15T17:56:25.663" /><!-- duration: 16ms -->
        <step title="Running deployment command..." date="2025-07-15T17:56:25.839" /><!-- duration: 28ms -->
        <step title="Command: deploy.cmd" date="2025-07-15T17:56:25.886" /><!-- duration: 0ms -->
        <step title="Executing external process" date="2025-07-15T17:56:26.507" type="process" path="starter.cmd" arguments="deploy.cmd" >
          <step title="Handling ASP.NET Core Web Application deployment." date="2025-07-15T17:56:28.961" /><!-- duration: 18ms -->
          <step title="  Determining projects to restore..." date="2025-07-15T17:56:43.615" /><!-- duration: 17ms -->
          <step title="  All projects are up-to-date for restore." date="2025-07-15T17:56:47.912" /><!-- duration: 18ms -->
          <step title="C:\home\site\repository\Backend\Services\DocumentContextService.cs(14,43): error CS0246: The type or namespace name &apos;IDocumentContextService&apos; could not be found (are you missing a using directive or an assembly reference?) [C:\home\site\repository\Backend\Backend.csproj]" date="2025-07-15T17:57:41.322" /><!-- duration: 0ms -->
          <step title="C:\home\site\repository\Backend\Services\DocumentPersistenceService.cs(183,30): warning CS8766: Nullability of reference types in return type of &apos;DocumentInfo? DocumentPersistenceService.GetDocument(string sessionId)&apos; doesn&apos;t match implicitly implemented member &apos;DocumentInfo IDocumentPersistenceService.GetDocument(string sessionId)&apos; (possibly because of nullability attributes). [C:\home\site\repository\Backend\Backend.csproj]" date="2025-07-15T17:57:41.350" /><!-- duration: 19ms -->
          <step title="C:\home\site\repository\Backend\Services\PromptEngineeringService.cs(26,70): warning CS8625: Cannot convert null literal to non-nullable reference type. [C:\home\site\repository\Backend\Backend.csproj]" date="2025-07-15T17:57:41.398" /><!-- duration: 0ms -->
          <step title="C:\home\site\repository\Backend\Services\PromptEngineeringService.cs(26,101): warning CS8625: Cannot convert null literal to non-nullable reference type. [C:\home\site\repository\Backend\Backend.csproj]" date="2025-07-15T17:57:41.428" /><!-- duration: 16ms -->
          <step title="C:\home\site\repository\Backend\Controllers\DocumentChatController.cs(44,134): warning CS8625: Cannot convert null literal to non-nullable reference type. [C:\home\site\repository\Backend\Backend.csproj]" date="2025-07-15T17:57:41.460" /><!-- duration: 17ms -->
          <step title="Failed exitCode=1, command=dotnet publish &quot;C:\home\site\repository\Backend\Backend.csproj&quot; --configuration Release --output &quot;C:\local\Temp\8ddc3c8ea3b37cc&quot; --no-restore" date="2025-07-15T17:57:42.209" /><!-- duration: 0ms -->
          <step title="An error has occurred during web site deployment." date="2025-07-15T17:57:42.260" /><!-- duration: 11ms -->
          <step title="Process dump" date="2025-07-15T17:57:42.368" exitCode="255" type="processOutput" /><!-- duration: 13ms -->
        </step><!-- duration: 75874ms -->
        <step title="
C:\Program Files (x86)\SiteExtensions\Kudu\103.250502.001\bin\Scripts\starter.cmd deploy.cmd DEPLOYMENTINFO: deployer = GitHub, os = windows, sku = Standard, siteName = site-net, siteHostName = site-net-rrai-blue-fsgabaardkdhhnhf.centralus-01.azurewebsites.net, deploymentStatus = Error" date="2025-07-15T17:57:42.414" /><!-- duration: 0ms -->
        <step title="Error occurred" date="2025-07-15T17:57:42.428" type="error" text="
C:\Program Files (x86)\SiteExtensions\Kudu\103.250502.001\bin\Scripts\starter.cmd deploy.cmd" stackTrace="   at Kudu.Core.Infrastructure.Executable.ExecuteInternal(ITracer tracer, Func`2 onWriteOutput, Func`2 onWriteError, Encoding encoding, String arguments, Object[] args)
   at Kudu.Core.Infrastructure.Executable.ExecuteWithProgressWriter(ILogger logger, ITracer tracer, String arguments, Object[] args)
   at Kudu.Core.Deployment.Generator.ExternalCommandBuilder.RunCommand(DeploymentContext context, String command, Boolean ignoreManifest, String message)" /><!-- duration: 16ms -->
      </step><!-- duration: 78049ms -->
      <step title="Error occurred" date="2025-07-15T17:57:43.006" type="error" text="
C:\Program Files (x86)\SiteExtensions\Kudu\103.250502.001\bin\Scripts\starter.cmd deploy.cmd" stackTrace="   at Kudu.Core.Infrastructure.Executable.ExecuteInternal(ITracer tracer, Func`2 onWriteOutput, Func`2 onWriteError, Encoding encoding, String arguments, Object[] args)
   at Kudu.Core.Infrastructure.Executable.ExecuteWithProgressWriter(ILogger logger, ITracer tracer, String arguments, Object[] args)
   at Kudu.Core.Deployment.Generator.ExternalCommandBuilder.RunCommand(DeploymentContext context, String command, Boolean ignoreManifest, String message)
   at Kudu.Core.Deployment.Generator.CustomBuilder.Build(DeploymentContext context)
--- End of stack trace from previous location where exception was thrown ---
   at System.Runtime.CompilerServices.TaskAwaiter.ThrowForNonSuccess(Task task)
   at System.Runtime.CompilerServices.TaskAwaiter.HandleNonSuccessAndDebuggerNotification(Task task)
   at System.Runtime.CompilerServices.TaskAwaiter.ValidateEnd(Task task)
   at Kudu.Core.Deployment.DeploymentManager.&lt;Build&gt;d__38.MoveNext()" /><!-- duration: 34ms -->
      <step title="Deployment Failed. DEPLOYMENTINFO: deployer = GitHub, os = windows, sku = Standard, siteName = site-net, siteHostName = site-net-rrai-blue-fsgabaardkdhhnhf.centralus-01.azurewebsites.net, deploymentStatus = Failed" date="2025-07-15T17:57:43.164" /><!-- duration: 0ms -->
    </step><!-- duration: 80286ms -->
    <step title="Cleaning up temp files" date="2025-07-15T17:57:43.193" /><!-- duration: 19ms -->
  </step><!-- duration: 84858ms -->
  <step title="LockFile &apos;C:\home\site\locks\deployments.lock&apos; released" date="2025-07-15T17:57:43.338" /><!-- duration: 0ms -->
  <step title="Deleting shutdown sentinel file" date="2025-07-15T17:57:43.367" SemaphoreCount="8" /><!-- duration: 0ms -->
</step><!-- duration: 85390ms -->
