﻿<?xml version="1.0" encoding="utf-8"?>
<deployment>
  <id>a422a1839710429fa5e3d77d7255e757</id>
  <author>N/A</author>
  <deployer>ZipDeploy</deployer>
  <authorEmail>N/A</authorEmail>
  <message>Created via a push deployment</message>
  <progress></progress>
  <status>Success</status>
  <statusText></statusText>
  <lastSuccessEndTime>2025-08-11T20:55:28.8746922Z</lastSuccessEndTime>
  <receivedTime>2025-08-11T20:55:11.0257093Z</receivedTime>
  <startTime>2025-08-11T20:55:11.4811064Z</startTime>
  <endTime>2025-08-11T20:55:28.8746922Z</endTime>
  <complete>True</complete>
  <is_temp>False</is_temp>
  <is_readonly>True</is_readonly>
  <project_type>BASIC</project_type>
  <vsproject_id></vsproject_id>
</deployment>