﻿<?xml version="1.0" encoding="utf-8"?>
<deployment>
  <id>8c6a9e7a30ae10064fe8304ad3a30aa70fde9205</id>
  <author>Brian Worthington</author>
  <deployer>GitHub</deployer>
  <authorEmail>worthington.brian@realtyts.com</authorEmail>
  <message>Enhanced Azure Function logging for diagnosing conversation saving issues and updated documentation
</message>
  <progress></progress>
  <status>Success</status>
  <statusText></statusText>
  <lastSuccessEndTime>2025-07-16T21:12:38.1589586Z</lastSuccessEndTime>
  <receivedTime>2025-07-16T21:10:51.3058799Z</receivedTime>
  <startTime>2025-07-16T21:10:51.6962768Z</startTime>
  <endTime>2025-07-16T21:12:38.1589586Z</endTime>
  <complete>True</complete>
  <is_temp>False</is_temp>
  <is_readonly>False</is_readonly>
  <project_type>CUSTOM DEPLOYMENT</project_type>
  <vsproject_id></vsproject_id>
</deployment>