{"TimeStamp":"2025-08-11T20:55:29Z","SiteName":"site-net","RequestId":"72154314-76f5-11f0-b75d-54e4ed9facf8","Kind":"ZipDeploy","Status":"Success","Details":"{\"Id\":\"a422a1839710429fa5e3d77d7255e757\",\"Status\":4,\"StatusText\":\"\",\"AuthorEmail\":\"N/A\",\"Author\":\"N/A\",\"Message\":\"Created via a push deployment\",\"Progress\":\"\",\"Deployer\":\"ZipDeploy\",\"ReceivedTime\":\"2025-08-11T20:55:11.0257093Z\",\"StartTime\":\"2025-08-11T20:55:11.4811064Z\",\"EndTime\":\"2025-08-11T20:55:28.8746922Z\",\"LastSuccessEndTime\":\"2025-08-11T20:55:28.8746922Z\",\"Complete\":true,\"IsTemporary\":false,\"IsReadOnly\":true,\"SiteName\":\"site-net\",\"HostName\":\"site-net-rrai-blue-fsgabaardkdhhnhf.scm.centralus-01.azurewebsites.net\",\"ProjectType\":\"BASIC\",\"VsProjectId\":null}"}