﻿<?xml version="1.0" encoding="utf-8"?>
<deployment>
  <id>528e03b7b8948c80bc2fe6fecc0e630607041de9</id>
  <author>Brian Worthington</author>
  <deployer>GitHub</deployer>
  <authorEmail>worthington.brian@realtyts.com</authorEmail>
  <message>Fix Azure Function configuration detection with proper environment variable handling
</message>
  <progress></progress>
  <status>Success</status>
  <statusText></statusText>
  <lastSuccessEndTime>2025-07-17T12:23:57.2803966Z</lastSuccessEndTime>
  <receivedTime>2025-07-17T12:22:10.6633021Z</receivedTime>
  <startTime>2025-07-17T12:22:11.2553849Z</startTime>
  <endTime>2025-07-17T12:23:57.2803966Z</endTime>
  <complete>True</complete>
  <is_temp>False</is_temp>
  <is_readonly>False</is_readonly>
  <project_type>CUSTOM DEPLOYMENT</project_type>
  <vsproject_id></vsproject_id>
</deployment>