﻿<?xml version="1.0" encoding="utf-8"?>
<deployment>
  <id>85fe05b55e6a74f8b088fb2c07bf197ec3a5a74e</id>
  <author>Brian Worthington</author>
  <deployer>GitHub</deployer>
  <authorEmail>worthington.brian@realtyts.com</authorEmail>
  <message>Improve Azure Function invocation reliability with explicit task handling
</message>
  <progress></progress>
  <status>Success</status>
  <statusText></statusText>
  <lastSuccessEndTime>2025-07-17T12:21:02.2466551Z</lastSuccessEndTime>
  <receivedTime>2025-07-16T21:27:35.4406355Z</receivedTime>
  <startTime>2025-07-17T12:20:27.0228382Z</startTime>
  <endTime>2025-07-17T12:21:02.2466551Z</endTime>
  <complete>True</complete>
  <is_temp>False</is_temp>
  <is_readonly>False</is_readonly>
  <project_type>CUSTOM DEPLOYMENT</project_type>
  <vsproject_id></vsproject_id>
</deployment>