﻿<?xml version="1.0" encoding="utf-8"?>
<deployment>
  <id>ac40749e694f9432dd30582d3f095a404f6905a5</id>
  <author>Brian Worthington</author>
  <deployer>GitHub</deployer>
  <authorEmail>worthington.brian@realtyts.com</authorEmail>
  <message>Add comprehensive Azure Function direct test endpoint for in-depth diagnostics
</message>
  <progress></progress>
  <status>Success</status>
  <statusText></statusText>
  <lastSuccessEndTime>2025-07-16T21:26:36.5326014Z</lastSuccessEndTime>
  <receivedTime>2025-07-16T21:25:26.3867639Z</receivedTime>
  <startTime>2025-07-16T21:25:26.7746247Z</startTime>
  <endTime>2025-07-16T21:26:36.5326014Z</endTime>
  <complete>True</complete>
  <is_temp>False</is_temp>
  <is_readonly>False</is_readonly>
  <project_type>CUSTOM DEPLOYMENT</project_type>
  <vsproject_id></vsproject_id>
</deployment>