{"Version":1,"ManifestType":"Publish","Endpoints":[{"Route":"css/auth.77mornam7i.css","AssetFile":"css/auth.css.gz","Selectors":[{"Name":"Content-Encoding","Value":"gzip","Quality":"0.001022494888"}],"ResponseHeaders":[{"Name":"Accept-Ranges","Value":"bytes"},{"Name":"Cache-Control","Value":"max-age=31536000, immutable"},{"Name":"Content-Encoding","Value":"gzip"},{"Name":"Content-Length","Value":"977"},{"Name":"Content-Type","Value":"text/css"},{"Name":"ETag","Value":"\"SL/Igp9lxiGLZngtA6BR+lLLlQL5y/QqCRzm1mM1MY8=\""},{"Name":"ETag","Value":"W/\"Y13J2qzCvK8pPDm/4D1uKvGkWuAtQXZksCdnNMMfaqE=\""},{"Name":"Last-Modified","Value":"Mon, 11 Aug 2025 20:35:24 GMT"},{"Name":"Vary","Value":"Content-Encoding"}],"EndpointProperties":[{"Name":"fingerprint","Value":"77mornam7i"},{"Name":"integrity","Value":"sha256-Y13J2qzCvK8pPDm/4D1uKvGkWuAtQXZksCdnNMMfaqE="},{"Name":"label","Value":"css/auth.css"}]},{"Route":"css/auth.77mornam7i.css","AssetFile":"css/auth.css.br","Selectors":[{"Name":"Content-Encoding","Value":"br","Quality":"0.001228501229"}],"ResponseHeaders":[{"Name":"Accept-Ranges","Value":"bytes"},{"Name":"Cache-Control","Value":"max-age=31536000, immutable"},{"Name":"Content-Encoding","Value":"br"},{"Name":"Content-Length","Value":"813"},{"Name":"Content-Type","Value":"text/css"},{"Name":"ETag","Value":"\"IkQbEwO36Om5pv5hTC2sQ4A4CfbL0wqP/p9UznDKOTg=\""},{"Name":"ETag","Value":"W/\"Y13J2qzCvK8pPDm/4D1uKvGkWuAtQXZksCdnNMMfaqE=\""},{"Name":"Last-Modified","Value":"Mon, 11 Aug 2025 20:35:25 GMT"},{"Name":"Vary","Value":"Content-Encoding"}],"EndpointProperties":[{"Name":"fingerprint","Value":"77mornam7i"},{"Name":"integrity","Value":"sha256-Y13J2qzCvK8pPDm/4D1uKvGkWuAtQXZksCdnNMMfaqE="},{"Name":"label","Value":"css/auth.css"}]},{"Route":"css/auth.77mornam7i.css","AssetFile":"css/auth.css","Selectors":[],"ResponseHeaders":[{"Name":"Accept-Ranges","Value":"bytes"},{"Name":"Cache-Control","Value":"max-age=31536000, immutable"},{"Name":"Content-Length","Value":"3319"},{"Name":"Content-Type","Value":"text/css"},{"Name":"ETag","Value":"\"Y13J2qzCvK8pPDm/4D1uKvGkWuAtQXZksCdnNMMfaqE=\""},{"Name":"Last-Modified","Value":"Fri, 08 Aug 2025 14:26:29 GMT"}],"EndpointProperties":[{"Name":"fingerprint","Value":"77mornam7i"},{"Name":"integrity","Value":"sha256-Y13J2qzCvK8pPDm/4D1uKvGkWuAtQXZksCdnNMMfaqE="},{"Name":"label","Value":"css/auth.css"}]},{"Route":"css/auth.77mornam7i.css.br","AssetFile":"css/auth.css.br","Selectors":[],"ResponseHeaders":[{"Name":"Accept-Ranges","Value":"bytes"},{"Name":"Cache-Control","Value":"max-age=31536000, immutable"},{"Name":"Content-Encoding","Value":"br"},{"Name":"Content-Length","Value":"813"},{"Name":"Content-Type","Value":"text/css"},{"Name":"ETag","Value":"\"IkQbEwO36Om5pv5hTC2sQ4A4CfbL0wqP/p9UznDKOTg=\""},{"Name":"Last-Modified","Value":"Mon, 11 Aug 2025 20:35:25 GMT"},{"Name":"Vary","Value":"Content-Encoding"}],"EndpointProperties":[{"Name":"fingerprint","Value":"77mornam7i"},{"Name":"integrity","Value":"sha256-IkQbEwO36Om5pv5hTC2sQ4A4CfbL0wqP/p9UznDKOTg="},{"Name":"label","Value":"css/auth.css.br"}]},{"Route":"css/auth.77mornam7i.css.gz","AssetFile":"css/auth.css.gz","Selectors":[],"ResponseHeaders":[{"Name":"Accept-Ranges","Value":"bytes"},{"Name":"Cache-Control","Value":"max-age=31536000, immutable"},{"Name":"Content-Encoding","Value":"gzip"},{"Name":"Content-Length","Value":"977"},{"Name":"Content-Type","Value":"text/css"},{"Name":"ETag","Value":"\"SL/Igp9lxiGLZngtA6BR+lLLlQL5y/QqCRzm1mM1MY8=\""},{"Name":"Last-Modified","Value":"Mon, 11 Aug 2025 20:35:24 GMT"},{"Name":"Vary","Value":"Content-Encoding"}],"EndpointProperties":[{"Name":"fingerprint","Value":"77mornam7i"},{"Name":"integrity","Value":"sha256-SL/Igp9lxiGLZngtA6BR+lLLlQL5y/QqCRzm1mM1MY8="},{"Name":"label","Value":"css/auth.css.gz"}]},{"Route":"css/auth.css","AssetFile":"css/auth.css.gz","Selectors":[{"Name":"Content-Encoding","Value":"gzip","Quality":"0.001022494888"}],"ResponseHeaders":[{"Name":"Accept-Ranges","Value":"bytes"},{"Name":"Cache-Control","Value":"no-cache"},{"Name":"Content-Encoding","Value":"gzip"},{"Name":"Content-Length","Value":"977"},{"Name":"Content-Type","Value":"text/css"},{"Name":"ETag","Value":"\"SL/Igp9lxiGLZngtA6BR+lLLlQL5y/QqCRzm1mM1MY8=\""},{"Name":"ETag","Value":"W/\"Y13J2qzCvK8pPDm/4D1uKvGkWuAtQXZksCdnNMMfaqE=\""},{"Name":"Last-Modified","Value":"Mon, 11 Aug 2025 20:35:24 GMT"},{"Name":"Vary","Value":"Content-Encoding"}],"EndpointProperties":[{"Name":"integrity","Value":"sha256-Y13J2qzCvK8pPDm/4D1uKvGkWuAtQXZksCdnNMMfaqE="}]},{"Route":"css/auth.css","AssetFile":"css/auth.css.br","Selectors":[{"Name":"Content-Encoding","Value":"br","Quality":"0.001228501229"}],"ResponseHeaders":[{"Name":"Accept-Ranges","Value":"bytes"},{"Name":"Cache-Control","Value":"no-cache"},{"Name":"Content-Encoding","Value":"br"},{"Name":"Content-Length","Value":"813"},{"Name":"Content-Type","Value":"text/css"},{"Name":"ETag","Value":"\"IkQbEwO36Om5pv5hTC2sQ4A4CfbL0wqP/p9UznDKOTg=\""},{"Name":"ETag","Value":"W/\"Y13J2qzCvK8pPDm/4D1uKvGkWuAtQXZksCdnNMMfaqE=\""},{"Name":"Last-Modified","Value":"Mon, 11 Aug 2025 20:35:25 GMT"},{"Name":"Vary","Value":"Content-Encoding"}],"EndpointProperties":[{"Name":"integrity","Value":"sha256-Y13J2qzCvK8pPDm/4D1uKvGkWuAtQXZksCdnNMMfaqE="}]},{"Route":"css/auth.css","AssetFile":"css/auth.css","Selectors":[],"ResponseHeaders":[{"Name":"Accept-Ranges","Value":"bytes"},{"Name":"Cache-Control","Value":"no-cache"},{"Name":"Content-Length","Value":"3319"},{"Name":"Content-Type","Value":"text/css"},{"Name":"ETag","Value":"\"Y13J2qzCvK8pPDm/4D1uKvGkWuAtQXZksCdnNMMfaqE=\""},{"Name":"Last-Modified","Value":"Fri, 08 Aug 2025 14:26:29 GMT"}],"EndpointProperties":[{"Name":"integrity","Value":"sha256-Y13J2qzCvK8pPDm/4D1uKvGkWuAtQXZksCdnNMMfaqE="}]},{"Route":"css/auth.css.br","AssetFile":"css/auth.css.br","Selectors":[],"ResponseHeaders":[{"Name":"Accept-Ranges","Value":"bytes"},{"Name":"Cache-Control","Value":"no-cache"},{"Name":"Content-Encoding","Value":"br"},{"Name":"Content-Length","Value":"813"},{"Name":"Content-Type","Value":"text/css"},{"Name":"ETag","Value":"\"IkQbEwO36Om5pv5hTC2sQ4A4CfbL0wqP/p9UznDKOTg=\""},{"Name":"Last-Modified","Value":"Mon, 11 Aug 2025 20:35:25 GMT"},{"Name":"Vary","Value":"Content-Encoding"}],"EndpointProperties":[{"Name":"integrity","Value":"sha256-IkQbEwO36Om5pv5hTC2sQ4A4CfbL0wqP/p9UznDKOTg="}]},{"Route":"css/auth.css.gz","AssetFile":"css/auth.css.gz","Selectors":[],"ResponseHeaders":[{"Name":"Accept-Ranges","Value":"bytes"},{"Name":"Cache-Control","Value":"no-cache"},{"Name":"Content-Encoding","Value":"gzip"},{"Name":"Content-Length","Value":"977"},{"Name":"Content-Type","Value":"text/css"},{"Name":"ETag","Value":"\"SL/Igp9lxiGLZngtA6BR+lLLlQL5y/QqCRzm1mM1MY8=\""},{"Name":"Last-Modified","Value":"Mon, 11 Aug 2025 20:35:24 GMT"},{"Name":"Vary","Value":"Content-Encoding"}],"EndpointProperties":[{"Name":"integrity","Value":"sha256-SL/Igp9lxiGLZngtA6BR+lLLlQL5y/QqCRzm1mM1MY8="}]},{"Route":"css/chat-enhancements.css","AssetFile":"css/chat-enhancements.css.gz","Selectors":[{"Name":"Content-Encoding","Value":"gzip","Quality":"0.000707213579"}],"ResponseHeaders":[{"Name":"Accept-Ranges","Value":"bytes"},{"Name":"Cache-Control","Value":"no-cache"},{"Name":"Content-Encoding","Value":"gzip"},{"Name":"Content-Length","Value":"1413"},{"Name":"Content-Type","Value":"text/css"},{"Name":"ETag","Value":"\"5//paHTTykHQ4FT+rrvpbQOjXOR8PNPo+krkLCBZ65s=\""},{"Name":"ETag","Value":"W/\"05bokYYtKY/GeVavcgVOaZKEYViNfDaIGsCTIHCYneU=\""},{"Name":"Last-Modified","Value":"Mon, 11 Aug 2025 20:35:24 GMT"},{"Name":"Vary","Value":"Content-Encoding"}],"EndpointProperties":[{"Name":"integrity","Value":"sha256-05bokYYtKY/GeVavcgVOaZKEYViNfDaIGsCTIHCYneU="}]},{"Route":"css/chat-enhancements.css","AssetFile":"css/chat-enhancements.css.br","Selectors":[{"Name":"Content-Encoding","Value":"br","Quality":"0.000833333333"}],"ResponseHeaders":[{"Name":"Accept-Ranges","Value":"bytes"},{"Name":"Cache-Control","Value":"no-cache"},{"Name":"Content-Encoding","Value":"br"},{"Name":"Content-Length","Value":"1199"},{"Name":"Content-Type","Value":"text/css"},{"Name":"ETag","Value":"\"U/e9qTlmSeWAN8Vkcsqpv78SnFOuzlHMOij8Dt3rOec=\""},{"Name":"ETag","Value":"W/\"05bokYYtKY/GeVavcgVOaZKEYViNfDaIGsCTIHCYneU=\""},{"Name":"Last-Modified","Value":"Mon, 11 Aug 2025 20:35:25 GMT"},{"Name":"Vary","Value":"Content-Encoding"}],"EndpointProperties":[{"Name":"integrity","Value":"sha256-05bokYYtKY/GeVavcgVOaZKEYViNfDaIGsCTIHCYneU="}]},{"Route":"css/chat-enhancements.css","AssetFile":"css/chat-enhancements.css","Selectors":[],"ResponseHeaders":[{"Name":"Accept-Ranges","Value":"bytes"},{"Name":"Cache-Control","Value":"no-cache"},{"Name":"Content-Length","Value":"4924"},{"Name":"Content-Type","Value":"text/css"},{"Name":"ETag","Value":"\"05bokYYtKY/GeVavcgVOaZKEYViNfDaIGsCTIHCYneU=\""},{"Name":"Last-Modified","Value":"Mon, 14 Jul 2025 18:36:10 GMT"}],"EndpointProperties":[{"Name":"integrity","Value":"sha256-05bokYYtKY/GeVavcgVOaZKEYViNfDaIGsCTIHCYneU="}]},{"Route":"css/chat-enhancements.css.br","AssetFile":"css/chat-enhancements.css.br","Selectors":[],"ResponseHeaders":[{"Name":"Accept-Ranges","Value":"bytes"},{"Name":"Cache-Control","Value":"no-cache"},{"Name":"Content-Encoding","Value":"br"},{"Name":"Content-Length","Value":"1199"},{"Name":"Content-Type","Value":"text/css"},{"Name":"ETag","Value":"\"U/e9qTlmSeWAN8Vkcsqpv78SnFOuzlHMOij8Dt3rOec=\""},{"Name":"Last-Modified","Value":"Mon, 11 Aug 2025 20:35:25 GMT"},{"Name":"Vary","Value":"Content-Encoding"}],"EndpointProperties":[{"Name":"integrity","Value":"sha256-U/e9qTlmSeWAN8Vkcsqpv78SnFOuzlHMOij8Dt3rOec="}]},{"Route":"css/chat-enhancements.css.gz","AssetFile":"css/chat-enhancements.css.gz","Selectors":[],"ResponseHeaders":[{"Name":"Accept-Ranges","Value":"bytes"},{"Name":"Cache-Control","Value":"no-cache"},{"Name":"Content-Encoding","Value":"gzip"},{"Name":"Content-Length","Value":"1413"},{"Name":"Content-Type","Value":"text/css"},{"Name":"ETag","Value":"\"5//paHTTykHQ4FT+rrvpbQOjXOR8PNPo+krkLCBZ65s=\""},{"Name":"Last-Modified","Value":"Mon, 11 Aug 2025 20:35:24 GMT"},{"Name":"Vary","Value":"Content-Encoding"}],"EndpointProperties":[{"Name":"integrity","Value":"sha256-5//paHTTykHQ4FT+rrvpbQOjXOR8PNPo+krkLCBZ65s="}]},{"Route":"css/chat-enhancements.pxrjl4xew3.css","AssetFile":"css/chat-enhancements.css.gz","Selectors":[{"Name":"Content-Encoding","Value":"gzip","Quality":"0.000707213579"}],"ResponseHeaders":[{"Name":"Accept-Ranges","Value":"bytes"},{"Name":"Cache-Control","Value":"max-age=31536000, immutable"},{"Name":"Content-Encoding","Value":"gzip"},{"Name":"Content-Length","Value":"1413"},{"Name":"Content-Type","Value":"text/css"},{"Name":"ETag","Value":"\"5//paHTTykHQ4FT+rrvpbQOjXOR8PNPo+krkLCBZ65s=\""},{"Name":"ETag","Value":"W/\"05bokYYtKY/GeVavcgVOaZKEYViNfDaIGsCTIHCYneU=\""},{"Name":"Last-Modified","Value":"Mon, 11 Aug 2025 20:35:24 GMT"},{"Name":"Vary","Value":"Content-Encoding"}],"EndpointProperties":[{"Name":"fingerprint","Value":"pxrjl4xew3"},{"Name":"integrity","Value":"sha256-05bokYYtKY/GeVavcgVOaZKEYViNfDaIGsCTIHCYneU="},{"Name":"label","Value":"css/chat-enhancements.css"}]},{"Route":"css/chat-enhancements.pxrjl4xew3.css","AssetFile":"css/chat-enhancements.css.br","Selectors":[{"Name":"Content-Encoding","Value":"br","Quality":"0.000833333333"}],"ResponseHeaders":[{"Name":"Accept-Ranges","Value":"bytes"},{"Name":"Cache-Control","Value":"max-age=31536000, immutable"},{"Name":"Content-Encoding","Value":"br"},{"Name":"Content-Length","Value":"1199"},{"Name":"Content-Type","Value":"text/css"},{"Name":"ETag","Value":"\"U/e9qTlmSeWAN8Vkcsqpv78SnFOuzlHMOij8Dt3rOec=\""},{"Name":"ETag","Value":"W/\"05bokYYtKY/GeVavcgVOaZKEYViNfDaIGsCTIHCYneU=\""},{"Name":"Last-Modified","Value":"Mon, 11 Aug 2025 20:35:25 GMT"},{"Name":"Vary","Value":"Content-Encoding"}],"EndpointProperties":[{"Name":"fingerprint","Value":"pxrjl4xew3"},{"Name":"integrity","Value":"sha256-05bokYYtKY/GeVavcgVOaZKEYViNfDaIGsCTIHCYneU="},{"Name":"label","Value":"css/chat-enhancements.css"}]},{"Route":"css/chat-enhancements.pxrjl4xew3.css","AssetFile":"css/chat-enhancements.css","Selectors":[],"ResponseHeaders":[{"Name":"Accept-Ranges","Value":"bytes"},{"Name":"Cache-Control","Value":"max-age=31536000, immutable"},{"Name":"Content-Length","Value":"4924"},{"Name":"Content-Type","Value":"text/css"},{"Name":"ETag","Value":"\"05bokYYtKY/GeVavcgVOaZKEYViNfDaIGsCTIHCYneU=\""},{"Name":"Last-Modified","Value":"Mon, 14 Jul 2025 18:36:10 GMT"}],"EndpointProperties":[{"Name":"fingerprint","Value":"pxrjl4xew3"},{"Name":"integrity","Value":"sha256-05bokYYtKY/GeVavcgVOaZKEYViNfDaIGsCTIHCYneU="},{"Name":"label","Value":"css/chat-enhancements.css"}]},{"Route":"css/chat-enhancements.pxrjl4xew3.css.br","AssetFile":"css/chat-enhancements.css.br","Selectors":[],"ResponseHeaders":[{"Name":"Accept-Ranges","Value":"bytes"},{"Name":"Cache-Control","Value":"max-age=31536000, immutable"},{"Name":"Content-Encoding","Value":"br"},{"Name":"Content-Length","Value":"1199"},{"Name":"Content-Type","Value":"text/css"},{"Name":"ETag","Value":"\"U/e9qTlmSeWAN8Vkcsqpv78SnFOuzlHMOij8Dt3rOec=\""},{"Name":"Last-Modified","Value":"Mon, 11 Aug 2025 20:35:25 GMT"},{"Name":"Vary","Value":"Content-Encoding"}],"EndpointProperties":[{"Name":"fingerprint","Value":"pxrjl4xew3"},{"Name":"integrity","Value":"sha256-U/e9qTlmSeWAN8Vkcsqpv78SnFOuzlHMOij8Dt3rOec="},{"Name":"label","Value":"css/chat-enhancements.css.br"}]},{"Route":"css/chat-enhancements.pxrjl4xew3.css.gz","AssetFile":"css/chat-enhancements.css.gz","Selectors":[],"ResponseHeaders":[{"Name":"Accept-Ranges","Value":"bytes"},{"Name":"Cache-Control","Value":"max-age=31536000, immutable"},{"Name":"Content-Encoding","Value":"gzip"},{"Name":"Content-Length","Value":"1413"},{"Name":"Content-Type","Value":"text/css"},{"Name":"ETag","Value":"\"5//paHTTykHQ4FT+rrvpbQOjXOR8PNPo+krkLCBZ65s=\""},{"Name":"Last-Modified","Value":"Mon, 11 Aug 2025 20:35:24 GMT"},{"Name":"Vary","Value":"Content-Encoding"}],"EndpointProperties":[{"Name":"fingerprint","Value":"pxrjl4xew3"},{"Name":"integrity","Value":"sha256-5//paHTTykHQ4FT+rrvpbQOjXOR8PNPo+krkLCBZ65s="},{"Name":"label","Value":"css/chat-enhancements.css.gz"}]},{"Route":"css/file-upload-indicator.09tcdo4n8r.css","AssetFile":"css/file-upload-indicator.css.br","Selectors":[{"Name":"Content-Encoding","Value":"br","Quality":"0.001312335958"}],"ResponseHeaders":[{"Name":"Accept-Ranges","Value":"bytes"},{"Name":"Cache-Control","Value":"max-age=31536000, immutable"},{"Name":"Content-Encoding","Value":"br"},{"Name":"Content-Length","Value":"761"},{"Name":"Content-Type","Value":"text/css"},{"Name":"ETag","Value":"\"tD0HpVbu8JRqQUcw367Usul4Y926KD/WbiK+0x5QeWo=\""},{"Name":"ETag","Value":"W/\"FKyN2NKakBFjTA8tfJnK7n/UIiwyAhgOZhRqVO16cxM=\""},{"Name":"Last-Modified","Value":"Mon, 11 Aug 2025 20:35:25 GMT"},{"Name":"Vary","Value":"Content-Encoding"}],"EndpointProperties":[{"Name":"fingerprint","Value":"09tcdo4n8r"},{"Name":"integrity","Value":"sha256-FKyN2NKakBFjTA8tfJnK7n/UIiwyAhgOZhRqVO16cxM="},{"Name":"label","Value":"css/file-upload-indicator.css"}]},{"Route":"css/file-upload-indicator.09tcdo4n8r.css","AssetFile":"css/file-upload-indicator.css.gz","Selectors":[{"Name":"Content-Encoding","Value":"gzip","Quality":"0.001095290252"}],"ResponseHeaders":[{"Name":"Accept-Ranges","Value":"bytes"},{"Name":"Cache-Control","Value":"max-age=31536000, immutable"},{"Name":"Content-Encoding","Value":"gzip"},{"Name":"Content-Length","Value":"912"},{"Name":"Content-Type","Value":"text/css"},{"Name":"ETag","Value":"\"cGPbaudyEACpVSnqoXrgoRaOIUlvo0S3wphr8cGjmhE=\""},{"Name":"ETag","Value":"W/\"FKyN2NKakBFjTA8tfJnK7n/UIiwyAhgOZhRqVO16cxM=\""},{"Name":"Last-Modified","Value":"Mon, 11 Aug 2025 20:35:24 GMT"},{"Name":"Vary","Value":"Content-Encoding"}],"EndpointProperties":[{"Name":"fingerprint","Value":"09tcdo4n8r"},{"Name":"integrity","Value":"sha256-FKyN2NKakBFjTA8tfJnK7n/UIiwyAhgOZhRqVO16cxM="},{"Name":"label","Value":"css/file-upload-indicator.css"}]},{"Route":"css/file-upload-indicator.09tcdo4n8r.css","AssetFile":"css/file-upload-indicator.css","Selectors":[],"ResponseHeaders":[{"Name":"Accept-Ranges","Value":"bytes"},{"Name":"Cache-Control","Value":"max-age=31536000, immutable"},{"Name":"Content-Length","Value":"2655"},{"Name":"Content-Type","Value":"text/css"},{"Name":"ETag","Value":"\"FKyN2NKakBFjTA8tfJnK7n/UIiwyAhgOZhRqVO16cxM=\""},{"Name":"Last-Modified","Value":"Thu, 03 Jul 2025 14:28:33 GMT"}],"EndpointProperties":[{"Name":"fingerprint","Value":"09tcdo4n8r"},{"Name":"integrity","Value":"sha256-FKyN2NKakBFjTA8tfJnK7n/UIiwyAhgOZhRqVO16cxM="},{"Name":"label","Value":"css/file-upload-indicator.css"}]},{"Route":"css/file-upload-indicator.09tcdo4n8r.css.br","AssetFile":"css/file-upload-indicator.css.br","Selectors":[],"ResponseHeaders":[{"Name":"Accept-Ranges","Value":"bytes"},{"Name":"Cache-Control","Value":"max-age=31536000, immutable"},{"Name":"Content-Encoding","Value":"br"},{"Name":"Content-Length","Value":"761"},{"Name":"Content-Type","Value":"text/css"},{"Name":"ETag","Value":"\"tD0HpVbu8JRqQUcw367Usul4Y926KD/WbiK+0x5QeWo=\""},{"Name":"Last-Modified","Value":"Mon, 11 Aug 2025 20:35:25 GMT"},{"Name":"Vary","Value":"Content-Encoding"}],"EndpointProperties":[{"Name":"fingerprint","Value":"09tcdo4n8r"},{"Name":"integrity","Value":"sha256-tD0HpVbu8JRqQUcw367Usul4Y926KD/WbiK+0x5QeWo="},{"Name":"label","Value":"css/file-upload-indicator.css.br"}]},{"Route":"css/file-upload-indicator.09tcdo4n8r.css.gz","AssetFile":"css/file-upload-indicator.css.gz","Selectors":[],"ResponseHeaders":[{"Name":"Accept-Ranges","Value":"bytes"},{"Name":"Cache-Control","Value":"max-age=31536000, immutable"},{"Name":"Content-Encoding","Value":"gzip"},{"Name":"Content-Length","Value":"912"},{"Name":"Content-Type","Value":"text/css"},{"Name":"ETag","Value":"\"cGPbaudyEACpVSnqoXrgoRaOIUlvo0S3wphr8cGjmhE=\""},{"Name":"Last-Modified","Value":"Mon, 11 Aug 2025 20:35:24 GMT"},{"Name":"Vary","Value":"Content-Encoding"}],"EndpointProperties":[{"Name":"fingerprint","Value":"09tcdo4n8r"},{"Name":"integrity","Value":"sha256-cGPbaudyEACpVSnqoXrgoRaOIUlvo0S3wphr8cGjmhE="},{"Name":"label","Value":"css/file-upload-indicator.css.gz"}]},{"Route":"css/file-upload-indicator.css","AssetFile":"css/file-upload-indicator.css.br","Selectors":[{"Name":"Content-Encoding","Value":"br","Quality":"0.001312335958"}],"ResponseHeaders":[{"Name":"Accept-Ranges","Value":"bytes"},{"Name":"Cache-Control","Value":"no-cache"},{"Name":"Content-Encoding","Value":"br"},{"Name":"Content-Length","Value":"761"},{"Name":"Content-Type","Value":"text/css"},{"Name":"ETag","Value":"\"tD0HpVbu8JRqQUcw367Usul4Y926KD/WbiK+0x5QeWo=\""},{"Name":"ETag","Value":"W/\"FKyN2NKakBFjTA8tfJnK7n/UIiwyAhgOZhRqVO16cxM=\""},{"Name":"Last-Modified","Value":"Mon, 11 Aug 2025 20:35:25 GMT"},{"Name":"Vary","Value":"Content-Encoding"}],"EndpointProperties":[{"Name":"integrity","Value":"sha256-FKyN2NKakBFjTA8tfJnK7n/UIiwyAhgOZhRqVO16cxM="}]},{"Route":"css/file-upload-indicator.css","AssetFile":"css/file-upload-indicator.css.gz","Selectors":[{"Name":"Content-Encoding","Value":"gzip","Quality":"0.001095290252"}],"ResponseHeaders":[{"Name":"Accept-Ranges","Value":"bytes"},{"Name":"Cache-Control","Value":"no-cache"},{"Name":"Content-Encoding","Value":"gzip"},{"Name":"Content-Length","Value":"912"},{"Name":"Content-Type","Value":"text/css"},{"Name":"ETag","Value":"\"cGPbaudyEACpVSnqoXrgoRaOIUlvo0S3wphr8cGjmhE=\""},{"Name":"ETag","Value":"W/\"FKyN2NKakBFjTA8tfJnK7n/UIiwyAhgOZhRqVO16cxM=\""},{"Name":"Last-Modified","Value":"Mon, 11 Aug 2025 20:35:24 GMT"},{"Name":"Vary","Value":"Content-Encoding"}],"EndpointProperties":[{"Name":"integrity","Value":"sha256-FKyN2NKakBFjTA8tfJnK7n/UIiwyAhgOZhRqVO16cxM="}]},{"Route":"css/file-upload-indicator.css","AssetFile":"css/file-upload-indicator.css","Selectors":[],"ResponseHeaders":[{"Name":"Accept-Ranges","Value":"bytes"},{"Name":"Cache-Control","Value":"no-cache"},{"Name":"Content-Length","Value":"2655"},{"Name":"Content-Type","Value":"text/css"},{"Name":"ETag","Value":"\"FKyN2NKakBFjTA8tfJnK7n/UIiwyAhgOZhRqVO16cxM=\""},{"Name":"Last-Modified","Value":"Thu, 03 Jul 2025 14:28:33 GMT"}],"EndpointProperties":[{"Name":"integrity","Value":"sha256-FKyN2NKakBFjTA8tfJnK7n/UIiwyAhgOZhRqVO16cxM="}]},{"Route":"css/file-upload-indicator.css.br","AssetFile":"css/file-upload-indicator.css.br","Selectors":[],"ResponseHeaders":[{"Name":"Accept-Ranges","Value":"bytes"},{"Name":"Cache-Control","Value":"no-cache"},{"Name":"Content-Encoding","Value":"br"},{"Name":"Content-Length","Value":"761"},{"Name":"Content-Type","Value":"text/css"},{"Name":"ETag","Value":"\"tD0HpVbu8JRqQUcw367Usul4Y926KD/WbiK+0x5QeWo=\""},{"Name":"Last-Modified","Value":"Mon, 11 Aug 2025 20:35:25 GMT"},{"Name":"Vary","Value":"Content-Encoding"}],"EndpointProperties":[{"Name":"integrity","Value":"sha256-tD0HpVbu8JRqQUcw367Usul4Y926KD/WbiK+0x5QeWo="}]},{"Route":"css/file-upload-indicator.css.gz","AssetFile":"css/file-upload-indicator.css.gz","Selectors":[],"ResponseHeaders":[{"Name":"Accept-Ranges","Value":"bytes"},{"Name":"Cache-Control","Value":"no-cache"},{"Name":"Content-Encoding","Value":"gzip"},{"Name":"Content-Length","Value":"912"},{"Name":"Content-Type","Value":"text/css"},{"Name":"ETag","Value":"\"cGPbaudyEACpVSnqoXrgoRaOIUlvo0S3wphr8cGjmhE=\""},{"Name":"Last-Modified","Value":"Mon, 11 Aug 2025 20:35:24 GMT"},{"Name":"Vary","Value":"Content-Encoding"}],"EndpointProperties":[{"Name":"integrity","Value":"sha256-cGPbaudyEACpVSnqoXrgoRaOIUlvo0S3wphr8cGjmhE="}]},{"Route":"css/styles.css","AssetFile":"css/styles.css.gz","Selectors":[{"Name":"Content-Encoding","Value":"gzip","Quality":"0.000569476082"}],"ResponseHeaders":[{"Name":"Accept-Ranges","Value":"bytes"},{"Name":"Cache-Control","Value":"no-cache"},{"Name":"Content-Encoding","Value":"gzip"},{"Name":"Content-Length","Value":"1755"},{"Name":"Content-Type","Value":"text/css"},{"Name":"ETag","Value":"\"oBS1Hf+IvsIyxPEddZfM275h+cfDM2B3H1uFkiaAOt8=\""},{"Name":"ETag","Value":"W/\"kJ4avMCKHvz8ACfYdzArkX0mg/4DXJVdeCb8SVVGJSA=\""},{"Name":"Last-Modified","Value":"Mon, 11 Aug 2025 20:35:24 GMT"},{"Name":"Vary","Value":"Content-Encoding"}],"EndpointProperties":[{"Name":"integrity","Value":"sha256-kJ4avMCKHvz8ACfYdzArkX0mg/4DXJVdeCb8SVVGJSA="}]},{"Route":"css/styles.css","AssetFile":"css/styles.css.br","Selectors":[{"Name":"Content-Encoding","Value":"br","Quality":"0.000671140940"}],"ResponseHeaders":[{"Name":"Accept-Ranges","Value":"bytes"},{"Name":"Cache-Control","Value":"no-cache"},{"Name":"Content-Encoding","Value":"br"},{"Name":"Content-Length","Value":"1489"},{"Name":"Content-Type","Value":"text/css"},{"Name":"ETag","Value":"\"7uvP3dr51I0XzhH/IEiLdSyDAP1qnSCqPz6bOTj9fuw=\""},{"Name":"ETag","Value":"W/\"kJ4avMCKHvz8ACfYdzArkX0mg/4DXJVdeCb8SVVGJSA=\""},{"Name":"Last-Modified","Value":"Mon, 11 Aug 2025 20:35:25 GMT"},{"Name":"Vary","Value":"Content-Encoding"}],"EndpointProperties":[{"Name":"integrity","Value":"sha256-kJ4avMCKHvz8ACfYdzArkX0mg/4DXJVdeCb8SVVGJSA="}]},{"Route":"css/styles.css","AssetFile":"css/styles.css","Selectors":[],"ResponseHeaders":[{"Name":"Accept-Ranges","Value":"bytes"},{"Name":"Cache-Control","Value":"no-cache"},{"Name":"Content-Length","Value":"7480"},{"Name":"Content-Type","Value":"text/css"},{"Name":"ETag","Value":"\"kJ4avMCKHvz8ACfYdzArkX0mg/4DXJVdeCb8SVVGJSA=\""},{"Name":"Last-Modified","Value":"Wed, 02 Jul 2025 18:07:16 GMT"}],"EndpointProperties":[{"Name":"integrity","Value":"sha256-kJ4avMCKHvz8ACfYdzArkX0mg/4DXJVdeCb8SVVGJSA="}]},{"Route":"css/styles.css.br","AssetFile":"css/styles.css.br","Selectors":[],"ResponseHeaders":[{"Name":"Accept-Ranges","Value":"bytes"},{"Name":"Cache-Control","Value":"no-cache"},{"Name":"Content-Encoding","Value":"br"},{"Name":"Content-Length","Value":"1489"},{"Name":"Content-Type","Value":"text/css"},{"Name":"ETag","Value":"\"7uvP3dr51I0XzhH/IEiLdSyDAP1qnSCqPz6bOTj9fuw=\""},{"Name":"Last-Modified","Value":"Mon, 11 Aug 2025 20:35:25 GMT"},{"Name":"Vary","Value":"Content-Encoding"}],"EndpointProperties":[{"Name":"integrity","Value":"sha256-7uvP3dr51I0XzhH/IEiLdSyDAP1qnSCqPz6bOTj9fuw="}]},{"Route":"css/styles.css.gz","AssetFile":"css/styles.css.gz","Selectors":[],"ResponseHeaders":[{"Name":"Accept-Ranges","Value":"bytes"},{"Name":"Cache-Control","Value":"no-cache"},{"Name":"Content-Encoding","Value":"gzip"},{"Name":"Content-Length","Value":"1755"},{"Name":"Content-Type","Value":"text/css"},{"Name":"ETag","Value":"\"oBS1Hf+IvsIyxPEddZfM275h+cfDM2B3H1uFkiaAOt8=\""},{"Name":"Last-Modified","Value":"Mon, 11 Aug 2025 20:35:24 GMT"},{"Name":"Vary","Value":"Content-Encoding"}],"EndpointProperties":[{"Name":"integrity","Value":"sha256-oBS1Hf+IvsIyxPEddZfM275h+cfDM2B3H1uFkiaAOt8="}]},{"Route":"css/styles.gkdn5ixwgn.css","AssetFile":"css/styles.css.gz","Selectors":[{"Name":"Content-Encoding","Value":"gzip","Quality":"0.000569476082"}],"ResponseHeaders":[{"Name":"Accept-Ranges","Value":"bytes"},{"Name":"Cache-Control","Value":"max-age=31536000, immutable"},{"Name":"Content-Encoding","Value":"gzip"},{"Name":"Content-Length","Value":"1755"},{"Name":"Content-Type","Value":"text/css"},{"Name":"ETag","Value":"\"oBS1Hf+IvsIyxPEddZfM275h+cfDM2B3H1uFkiaAOt8=\""},{"Name":"ETag","Value":"W/\"kJ4avMCKHvz8ACfYdzArkX0mg/4DXJVdeCb8SVVGJSA=\""},{"Name":"Last-Modified","Value":"Mon, 11 Aug 2025 20:35:24 GMT"},{"Name":"Vary","Value":"Content-Encoding"}],"EndpointProperties":[{"Name":"fingerprint","Value":"gkdn5ixwgn"},{"Name":"integrity","Value":"sha256-kJ4avMCKHvz8ACfYdzArkX0mg/4DXJVdeCb8SVVGJSA="},{"Name":"label","Value":"css/styles.css"}]},{"Route":"css/styles.gkdn5ixwgn.css","AssetFile":"css/styles.css.br","Selectors":[{"Name":"Content-Encoding","Value":"br","Quality":"0.000671140940"}],"ResponseHeaders":[{"Name":"Accept-Ranges","Value":"bytes"},{"Name":"Cache-Control","Value":"max-age=31536000, immutable"},{"Name":"Content-Encoding","Value":"br"},{"Name":"Content-Length","Value":"1489"},{"Name":"Content-Type","Value":"text/css"},{"Name":"ETag","Value":"\"7uvP3dr51I0XzhH/IEiLdSyDAP1qnSCqPz6bOTj9fuw=\""},{"Name":"ETag","Value":"W/\"kJ4avMCKHvz8ACfYdzArkX0mg/4DXJVdeCb8SVVGJSA=\""},{"Name":"Last-Modified","Value":"Mon, 11 Aug 2025 20:35:25 GMT"},{"Name":"Vary","Value":"Content-Encoding"}],"EndpointProperties":[{"Name":"fingerprint","Value":"gkdn5ixwgn"},{"Name":"integrity","Value":"sha256-kJ4avMCKHvz8ACfYdzArkX0mg/4DXJVdeCb8SVVGJSA="},{"Name":"label","Value":"css/styles.css"}]},{"Route":"css/styles.gkdn5ixwgn.css","AssetFile":"css/styles.css","Selectors":[],"ResponseHeaders":[{"Name":"Accept-Ranges","Value":"bytes"},{"Name":"Cache-Control","Value":"max-age=31536000, immutable"},{"Name":"Content-Length","Value":"7480"},{"Name":"Content-Type","Value":"text/css"},{"Name":"ETag","Value":"\"kJ4avMCKHvz8ACfYdzArkX0mg/4DXJVdeCb8SVVGJSA=\""},{"Name":"Last-Modified","Value":"Wed, 02 Jul 2025 18:07:16 GMT"}],"EndpointProperties":[{"Name":"fingerprint","Value":"gkdn5ixwgn"},{"Name":"integrity","Value":"sha256-kJ4avMCKHvz8ACfYdzArkX0mg/4DXJVdeCb8SVVGJSA="},{"Name":"label","Value":"css/styles.css"}]},{"Route":"css/styles.gkdn5ixwgn.css.br","AssetFile":"css/styles.css.br","Selectors":[],"ResponseHeaders":[{"Name":"Accept-Ranges","Value":"bytes"},{"Name":"Cache-Control","Value":"max-age=31536000, immutable"},{"Name":"Content-Encoding","Value":"br"},{"Name":"Content-Length","Value":"1489"},{"Name":"Content-Type","Value":"text/css"},{"Name":"ETag","Value":"\"7uvP3dr51I0XzhH/IEiLdSyDAP1qnSCqPz6bOTj9fuw=\""},{"Name":"Last-Modified","Value":"Mon, 11 Aug 2025 20:35:25 GMT"},{"Name":"Vary","Value":"Content-Encoding"}],"EndpointProperties":[{"Name":"fingerprint","Value":"gkdn5ixwgn"},{"Name":"integrity","Value":"sha256-7uvP3dr51I0XzhH/IEiLdSyDAP1qnSCqPz6bOTj9fuw="},{"Name":"label","Value":"css/styles.css.br"}]},{"Route":"css/styles.gkdn5ixwgn.css.gz","AssetFile":"css/styles.css.gz","Selectors":[],"ResponseHeaders":[{"Name":"Accept-Ranges","Value":"bytes"},{"Name":"Cache-Control","Value":"max-age=31536000, immutable"},{"Name":"Content-Encoding","Value":"gzip"},{"Name":"Content-Length","Value":"1755"},{"Name":"Content-Type","Value":"text/css"},{"Name":"ETag","Value":"\"oBS1Hf+IvsIyxPEddZfM275h+cfDM2B3H1uFkiaAOt8=\""},{"Name":"Last-Modified","Value":"Mon, 11 Aug 2025 20:35:24 GMT"},{"Name":"Vary","Value":"Content-Encoding"}],"EndpointProperties":[{"Name":"fingerprint","Value":"gkdn5ixwgn"},{"Name":"integrity","Value":"sha256-oBS1Hf+IvsIyxPEddZfM275h+cfDM2B3H1uFkiaAOt8="},{"Name":"label","Value":"css/styles.css.gz"}]},{"Route":"favicon.3hkznyngly.ico","AssetFile":"favicon.ico.gz","Selectors":[{"Name":"Content-Encoding","Value":"gzip","Quality":"0.000487329435"}],"ResponseHeaders":[{"Name":"Accept-Ranges","Value":"bytes"},{"Name":"Cache-Control","Value":"max-age=31536000, immutable"},{"Name":"Content-Encoding","Value":"gzip"},{"Name":"Content-Length","Value":"2051"},{"Name":"Content-Type","Value":"image/x-icon"},{"Name":"ETag","Value":"\"J0oFUmdCutPmDNSfWmsHa01LSBX2w+sghi/xFqAu0/E=\""},{"Name":"ETag","Value":"W/\"ZwFM6ZQ2lL4unjNbXWr7DRB/nLR0gfHF7/u0P3PmJoI=\""},{"Name":"Last-Modified","Value":"Mon, 11 Aug 2025 20:35:24 GMT"},{"Name":"Vary","Value":"Content-Encoding"}],"EndpointProperties":[{"Name":"fingerprint","Value":"3hkznyngly"},{"Name":"integrity","Value":"sha256-ZwFM6ZQ2lL4unjNbXWr7DRB/nLR0gfHF7/u0P3PmJoI="},{"Name":"label","Value":"favicon.ico"}]},{"Route":"favicon.3hkznyngly.ico","AssetFile":"favicon.ico.br","Selectors":[{"Name":"Content-Encoding","Value":"br","Quality":"0.000491883915"}],"ResponseHeaders":[{"Name":"Accept-Ranges","Value":"bytes"},{"Name":"Cache-Control","Value":"max-age=31536000, immutable"},{"Name":"Content-Encoding","Value":"br"},{"Name":"Content-Length","Value":"2032"},{"Name":"Content-Type","Value":"image/x-icon"},{"Name":"ETag","Value":"\"cCTSeCkop08I+Ks7DXuY8DpWL8GpuHBXgXaIuNJBqEM=\""},{"Name":"ETag","Value":"W/\"ZwFM6ZQ2lL4unjNbXWr7DRB/nLR0gfHF7/u0P3PmJoI=\""},{"Name":"Last-Modified","Value":"Mon, 11 Aug 2025 20:35:25 GMT"},{"Name":"Vary","Value":"Content-Encoding"}],"EndpointProperties":[{"Name":"fingerprint","Value":"3hkznyngly"},{"Name":"integrity","Value":"sha256-ZwFM6ZQ2lL4unjNbXWr7DRB/nLR0gfHF7/u0P3PmJoI="},{"Name":"label","Value":"favicon.ico"}]},{"Route":"favicon.3hkznyngly.ico","AssetFile":"favicon.ico","Selectors":[],"ResponseHeaders":[{"Name":"Accept-Ranges","Value":"bytes"},{"Name":"Cache-Control","Value":"max-age=31536000, immutable"},{"Name":"Content-Length","Value":"2028"},{"Name":"Content-Type","Value":"image/x-icon"},{"Name":"ETag","Value":"\"ZwFM6ZQ2lL4unjNbXWr7DRB/nLR0gfHF7/u0P3PmJoI=\""},{"Name":"Last-Modified","Value":"Wed, 02 Jul 2025 18:13:16 GMT"}],"EndpointProperties":[{"Name":"fingerprint","Value":"3hkznyngly"},{"Name":"integrity","Value":"sha256-ZwFM6ZQ2lL4unjNbXWr7DRB/nLR0gfHF7/u0P3PmJoI="},{"Name":"label","Value":"favicon.ico"}]},{"Route":"favicon.3hkznyngly.ico.br","AssetFile":"favicon.ico.br","Selectors":[],"ResponseHeaders":[{"Name":"Accept-Ranges","Value":"bytes"},{"Name":"Cache-Control","Value":"max-age=31536000, immutable"},{"Name":"Content-Encoding","Value":"br"},{"Name":"Content-Length","Value":"2032"},{"Name":"Content-Type","Value":"image/x-icon"},{"Name":"ETag","Value":"\"cCTSeCkop08I+Ks7DXuY8DpWL8GpuHBXgXaIuNJBqEM=\""},{"Name":"Last-Modified","Value":"Mon, 11 Aug 2025 20:35:25 GMT"},{"Name":"Vary","Value":"Content-Encoding"}],"EndpointProperties":[{"Name":"fingerprint","Value":"3hkznyngly"},{"Name":"integrity","Value":"sha256-cCTSeCkop08I+Ks7DXuY8DpWL8GpuHBXgXaIuNJBqEM="},{"Name":"label","Value":"favicon.ico.br"}]},{"Route":"favicon.3hkznyngly.ico.gz","AssetFile":"favicon.ico.gz","Selectors":[],"ResponseHeaders":[{"Name":"Accept-Ranges","Value":"bytes"},{"Name":"Cache-Control","Value":"max-age=31536000, immutable"},{"Name":"Content-Encoding","Value":"gzip"},{"Name":"Content-Length","Value":"2051"},{"Name":"Content-Type","Value":"image/x-icon"},{"Name":"ETag","Value":"\"J0oFUmdCutPmDNSfWmsHa01LSBX2w+sghi/xFqAu0/E=\""},{"Name":"Last-Modified","Value":"Mon, 11 Aug 2025 20:35:24 GMT"},{"Name":"Vary","Value":"Content-Encoding"}],"EndpointProperties":[{"Name":"fingerprint","Value":"3hkznyngly"},{"Name":"integrity","Value":"sha256-J0oFUmdCutPmDNSfWmsHa01LSBX2w+sghi/xFqAu0/E="},{"Name":"label","Value":"favicon.ico.gz"}]},{"Route":"favicon.ico","AssetFile":"favicon.ico.gz","Selectors":[{"Name":"Content-Encoding","Value":"gzip","Quality":"0.000487329435"}],"ResponseHeaders":[{"Name":"Accept-Ranges","Value":"bytes"},{"Name":"Cache-Control","Value":"no-cache"},{"Name":"Content-Encoding","Value":"gzip"},{"Name":"Content-Length","Value":"2051"},{"Name":"Content-Type","Value":"image/x-icon"},{"Name":"ETag","Value":"\"J0oFUmdCutPmDNSfWmsHa01LSBX2w+sghi/xFqAu0/E=\""},{"Name":"ETag","Value":"W/\"ZwFM6ZQ2lL4unjNbXWr7DRB/nLR0gfHF7/u0P3PmJoI=\""},{"Name":"Last-Modified","Value":"Mon, 11 Aug 2025 20:35:24 GMT"},{"Name":"Vary","Value":"Content-Encoding"}],"EndpointProperties":[{"Name":"integrity","Value":"sha256-ZwFM6ZQ2lL4unjNbXWr7DRB/nLR0gfHF7/u0P3PmJoI="}]},{"Route":"favicon.ico","AssetFile":"favicon.ico.br","Selectors":[{"Name":"Content-Encoding","Value":"br","Quality":"0.000491883915"}],"ResponseHeaders":[{"Name":"Accept-Ranges","Value":"bytes"},{"Name":"Cache-Control","Value":"no-cache"},{"Name":"Content-Encoding","Value":"br"},{"Name":"Content-Length","Value":"2032"},{"Name":"Content-Type","Value":"image/x-icon"},{"Name":"ETag","Value":"\"cCTSeCkop08I+Ks7DXuY8DpWL8GpuHBXgXaIuNJBqEM=\""},{"Name":"ETag","Value":"W/\"ZwFM6ZQ2lL4unjNbXWr7DRB/nLR0gfHF7/u0P3PmJoI=\""},{"Name":"Last-Modified","Value":"Mon, 11 Aug 2025 20:35:25 GMT"},{"Name":"Vary","Value":"Content-Encoding"}],"EndpointProperties":[{"Name":"integrity","Value":"sha256-ZwFM6ZQ2lL4unjNbXWr7DRB/nLR0gfHF7/u0P3PmJoI="}]},{"Route":"favicon.ico","AssetFile":"favicon.ico","Selectors":[],"ResponseHeaders":[{"Name":"Accept-Ranges","Value":"bytes"},{"Name":"Cache-Control","Value":"no-cache"},{"Name":"Content-Length","Value":"2028"},{"Name":"Content-Type","Value":"image/x-icon"},{"Name":"ETag","Value":"\"ZwFM6ZQ2lL4unjNbXWr7DRB/nLR0gfHF7/u0P3PmJoI=\""},{"Name":"Last-Modified","Value":"Wed, 02 Jul 2025 18:13:16 GMT"}],"EndpointProperties":[{"Name":"integrity","Value":"sha256-ZwFM6ZQ2lL4unjNbXWr7DRB/nLR0gfHF7/u0P3PmJoI="}]},{"Route":"favicon.ico.br","AssetFile":"favicon.ico.br","Selectors":[],"ResponseHeaders":[{"Name":"Accept-Ranges","Value":"bytes"},{"Name":"Cache-Control","Value":"no-cache"},{"Name":"Content-Encoding","Value":"br"},{"Name":"Content-Length","Value":"2032"},{"Name":"Content-Type","Value":"image/x-icon"},{"Name":"ETag","Value":"\"cCTSeCkop08I+Ks7DXuY8DpWL8GpuHBXgXaIuNJBqEM=\""},{"Name":"Last-Modified","Value":"Mon, 11 Aug 2025 20:35:25 GMT"},{"Name":"Vary","Value":"Content-Encoding"}],"EndpointProperties":[{"Name":"integrity","Value":"sha256-cCTSeCkop08I+Ks7DXuY8DpWL8GpuHBXgXaIuNJBqEM="}]},{"Route":"favicon.ico.gz","AssetFile":"favicon.ico.gz","Selectors":[],"ResponseHeaders":[{"Name":"Accept-Ranges","Value":"bytes"},{"Name":"Cache-Control","Value":"no-cache"},{"Name":"Content-Encoding","Value":"gzip"},{"Name":"Content-Length","Value":"2051"},{"Name":"Content-Type","Value":"image/x-icon"},{"Name":"ETag","Value":"\"J0oFUmdCutPmDNSfWmsHa01LSBX2w+sghi/xFqAu0/E=\""},{"Name":"Last-Modified","Value":"Mon, 11 Aug 2025 20:35:24 GMT"},{"Name":"Vary","Value":"Content-Encoding"}],"EndpointProperties":[{"Name":"integrity","Value":"sha256-J0oFUmdCutPmDNSfWmsHa01LSBX2w+sghi/xFqAu0/E="}]},{"Route":"images/logo.k8qg66nxof.png","AssetFile":"images/logo.png","Selectors":[],"ResponseHeaders":[{"Name":"Accept-Ranges","Value":"bytes"},{"Name":"Cache-Control","Value":"max-age=31536000, immutable"},{"Name":"Content-Length","Value":"714271"},{"Name":"Content-Type","Value":"image/png"},{"Name":"ETag","Value":"\"1DYaRikcG3Nu9jFJ7cdFSVWKZAwdtrZGSVjX8Glo6Jc=\""},{"Name":"Last-Modified","Value":"Fri, 06 Jun 2025 18:55:21 GMT"}],"EndpointProperties":[{"Name":"fingerprint","Value":"k8qg66nxof"},{"Name":"integrity","Value":"sha256-1DYaRikcG3Nu9jFJ7cdFSVWKZAwdtrZGSVjX8Glo6Jc="},{"Name":"label","Value":"images/logo.png"}]},{"Route":"images/logo.png","AssetFile":"images/logo.png","Selectors":[],"ResponseHeaders":[{"Name":"Accept-Ranges","Value":"bytes"},{"Name":"Cache-Control","Value":"no-cache"},{"Name":"Content-Length","Value":"714271"},{"Name":"Content-Type","Value":"image/png"},{"Name":"ETag","Value":"\"1DYaRikcG3Nu9jFJ7cdFSVWKZAwdtrZGSVjX8Glo6Jc=\""},{"Name":"Last-Modified","Value":"Fri, 06 Jun 2025 18:55:21 GMT"}],"EndpointProperties":[{"Name":"integrity","Value":"sha256-1DYaRikcG3Nu9jFJ7cdFSVWKZAwdtrZGSVjX8Glo6Jc="}]},{"Route":"index.8zfua8cgii.html","AssetFile":"index.html.gz","Selectors":[{"Name":"Content-Encoding","Value":"gzip","Quality":"0.000671140940"}],"ResponseHeaders":[{"Name":"Accept-Ranges","Value":"bytes"},{"Name":"Cache-Control","Value":"max-age=31536000, immutable"},{"Name":"Content-Encoding","Value":"gzip"},{"Name":"Content-Length","Value":"1489"},{"Name":"Content-Type","Value":"text/html"},{"Name":"ETag","Value":"\"LhhoE3szE+ONoIwjg2WYPXRBjwlcN4RY3Jjd1gSaunA=\""},{"Name":"ETag","Value":"W/\"nCny469jOfv+xZWLZdAHODa939bo+ZmKfOzoUQdCYtI=\""},{"Name":"Last-Modified","Value":"Tue, 12 Aug 2025 12:30:54 GMT"},{"Name":"Vary","Value":"Content-Encoding"}],"EndpointProperties":[{"Name":"fingerprint","Value":"8zfua8cgii"},{"Name":"integrity","Value":"sha256-nCny469jOfv+xZWLZdAHODa939bo+ZmKfOzoUQdCYtI="},{"Name":"label","Value":"index.html"}]},{"Route":"index.8zfua8cgii.html","AssetFile":"index.html.br","Selectors":[{"Name":"Content-Encoding","Value":"br","Quality":"0.000888099467"}],"ResponseHeaders":[{"Name":"Accept-Ranges","Value":"bytes"},{"Name":"Cache-Control","Value":"max-age=31536000, immutable"},{"Name":"Content-Encoding","Value":"br"},{"Name":"Content-Length","Value":"1125"},{"Name":"Content-Type","Value":"text/html"},{"Name":"ETag","Value":"\"g57gNRB6goITmBt9LHpxmUU0cOa4z/5y8vu501gZg2c=\""},{"Name":"ETag","Value":"W/\"nCny469jOfv+xZWLZdAHODa939bo+ZmKfOzoUQdCYtI=\""},{"Name":"Last-Modified","Value":"Tue, 12 Aug 2025 12:30:54 GMT"},{"Name":"Vary","Value":"Content-Encoding"}],"EndpointProperties":[{"Name":"fingerprint","Value":"8zfua8cgii"},{"Name":"integrity","Value":"sha256-nCny469jOfv+xZWLZdAHODa939bo+ZmKfOzoUQdCYtI="},{"Name":"label","Value":"index.html"}]},{"Route":"index.8zfua8cgii.html","AssetFile":"index.html","Selectors":[],"ResponseHeaders":[{"Name":"Accept-Ranges","Value":"bytes"},{"Name":"Cache-Control","Value":"max-age=31536000, immutable"},{"Name":"Content-Length","Value":"5154"},{"Name":"Content-Type","Value":"text/html"},{"Name":"ETag","Value":"\"nCny469jOfv+xZWLZdAHODa939bo+ZmKfOzoUQdCYtI=\""},{"Name":"Last-Modified","Value":"Tue, 12 Aug 2025 12:30:13 GMT"}],"EndpointProperties":[{"Name":"fingerprint","Value":"8zfua8cgii"},{"Name":"integrity","Value":"sha256-nCny469jOfv+xZWLZdAHODa939bo+ZmKfOzoUQdCYtI="},{"Name":"label","Value":"index.html"}]},{"Route":"index.8zfua8cgii.html.br","AssetFile":"index.html.br","Selectors":[],"ResponseHeaders":[{"Name":"Accept-Ranges","Value":"bytes"},{"Name":"Cache-Control","Value":"max-age=31536000, immutable"},{"Name":"Content-Encoding","Value":"br"},{"Name":"Content-Length","Value":"1125"},{"Name":"Content-Type","Value":"text/html"},{"Name":"ETag","Value":"\"g57gNRB6goITmBt9LHpxmUU0cOa4z/5y8vu501gZg2c=\""},{"Name":"Last-Modified","Value":"Tue, 12 Aug 2025 12:30:54 GMT"},{"Name":"Vary","Value":"Content-Encoding"}],"EndpointProperties":[{"Name":"fingerprint","Value":"8zfua8cgii"},{"Name":"integrity","Value":"sha256-g57gNRB6goITmBt9LHpxmUU0cOa4z/5y8vu501gZg2c="},{"Name":"label","Value":"index.html.br"}]},{"Route":"index.8zfua8cgii.html.gz","AssetFile":"index.html.gz","Selectors":[],"ResponseHeaders":[{"Name":"Accept-Ranges","Value":"bytes"},{"Name":"Cache-Control","Value":"max-age=31536000, immutable"},{"Name":"Content-Encoding","Value":"gzip"},{"Name":"Content-Length","Value":"1489"},{"Name":"Content-Type","Value":"text/html"},{"Name":"ETag","Value":"\"LhhoE3szE+ONoIwjg2WYPXRBjwlcN4RY3Jjd1gSaunA=\""},{"Name":"Last-Modified","Value":"Tue, 12 Aug 2025 12:30:54 GMT"},{"Name":"Vary","Value":"Content-Encoding"}],"EndpointProperties":[{"Name":"fingerprint","Value":"8zfua8cgii"},{"Name":"integrity","Value":"sha256-LhhoE3szE+ONoIwjg2WYPXRBjwlcN4RY3Jjd1gSaunA="},{"Name":"label","Value":"index.html.gz"}]},{"Route":"index.html","AssetFile":"index.html.gz","Selectors":[{"Name":"Content-Encoding","Value":"gzip","Quality":"0.000671140940"}],"ResponseHeaders":[{"Name":"Accept-Ranges","Value":"bytes"},{"Name":"Cache-Control","Value":"no-cache"},{"Name":"Content-Encoding","Value":"gzip"},{"Name":"Content-Length","Value":"1489"},{"Name":"Content-Type","Value":"text/html"},{"Name":"ETag","Value":"\"LhhoE3szE+ONoIwjg2WYPXRBjwlcN4RY3Jjd1gSaunA=\""},{"Name":"ETag","Value":"W/\"nCny469jOfv+xZWLZdAHODa939bo+ZmKfOzoUQdCYtI=\""},{"Name":"Last-Modified","Value":"Tue, 12 Aug 2025 12:30:54 GMT"},{"Name":"Vary","Value":"Content-Encoding"}],"EndpointProperties":[{"Name":"integrity","Value":"sha256-nCny469jOfv+xZWLZdAHODa939bo+ZmKfOzoUQdCYtI="}]},{"Route":"index.html","AssetFile":"index.html.br","Selectors":[{"Name":"Content-Encoding","Value":"br","Quality":"0.000888099467"}],"ResponseHeaders":[{"Name":"Accept-Ranges","Value":"bytes"},{"Name":"Cache-Control","Value":"no-cache"},{"Name":"Content-Encoding","Value":"br"},{"Name":"Content-Length","Value":"1125"},{"Name":"Content-Type","Value":"text/html"},{"Name":"ETag","Value":"\"g57gNRB6goITmBt9LHpxmUU0cOa4z/5y8vu501gZg2c=\""},{"Name":"ETag","Value":"W/\"nCny469jOfv+xZWLZdAHODa939bo+ZmKfOzoUQdCYtI=\""},{"Name":"Last-Modified","Value":"Tue, 12 Aug 2025 12:30:54 GMT"},{"Name":"Vary","Value":"Content-Encoding"}],"EndpointProperties":[{"Name":"integrity","Value":"sha256-nCny469jOfv+xZWLZdAHODa939bo+ZmKfOzoUQdCYtI="}]},{"Route":"index.html","AssetFile":"index.html","Selectors":[],"ResponseHeaders":[{"Name":"Accept-Ranges","Value":"bytes"},{"Name":"Cache-Control","Value":"no-cache"},{"Name":"Content-Length","Value":"5154"},{"Name":"Content-Type","Value":"text/html"},{"Name":"ETag","Value":"\"nCny469jOfv+xZWLZdAHODa939bo+ZmKfOzoUQdCYtI=\""},{"Name":"Last-Modified","Value":"Tue, 12 Aug 2025 12:30:13 GMT"}],"EndpointProperties":[{"Name":"integrity","Value":"sha256-nCny469jOfv+xZWLZdAHODa939bo+ZmKfOzoUQdCYtI="}]},{"Route":"index.html.br","AssetFile":"index.html.br","Selectors":[],"ResponseHeaders":[{"Name":"Accept-Ranges","Value":"bytes"},{"Name":"Cache-Control","Value":"no-cache"},{"Name":"Content-Encoding","Value":"br"},{"Name":"Content-Length","Value":"1125"},{"Name":"Content-Type","Value":"text/html"},{"Name":"ETag","Value":"\"g57gNRB6goITmBt9LHpxmUU0cOa4z/5y8vu501gZg2c=\""},{"Name":"Last-Modified","Value":"Tue, 12 Aug 2025 12:30:54 GMT"},{"Name":"Vary","Value":"Content-Encoding"}],"EndpointProperties":[{"Name":"integrity","Value":"sha256-g57gNRB6goITmBt9LHpxmUU0cOa4z/5y8vu501gZg2c="}]},{"Route":"index.html.gz","AssetFile":"index.html.gz","Selectors":[],"ResponseHeaders":[{"Name":"Accept-Ranges","Value":"bytes"},{"Name":"Cache-Control","Value":"no-cache"},{"Name":"Content-Encoding","Value":"gzip"},{"Name":"Content-Length","Value":"1489"},{"Name":"Content-Type","Value":"text/html"},{"Name":"ETag","Value":"\"LhhoE3szE+ONoIwjg2WYPXRBjwlcN4RY3Jjd1gSaunA=\""},{"Name":"Last-Modified","Value":"Tue, 12 Aug 2025 12:30:54 GMT"},{"Name":"Vary","Value":"Content-Encoding"}],"EndpointProperties":[{"Name":"integrity","Value":"sha256-LhhoE3szE+ONoIwjg2WYPXRBjwlcN4RY3Jjd1gSaunA="}]},{"Route":"js/api.js","AssetFile":"js/api.js.br","Selectors":[{"Name":"Content-Encoding","Value":"br","Quality":"0.000352858151"}],"ResponseHeaders":[{"Name":"Accept-Ranges","Value":"bytes"},{"Name":"Cache-Control","Value":"no-cache"},{"Name":"Content-Encoding","Value":"br"},{"Name":"Content-Length","Value":"2833"},{"Name":"Content-Type","Value":"text/javascript"},{"Name":"ETag","Value":"\"O0JANSswOas6Mzm5Vy1VVIVwuii7PLE9lTtVTx7KPmc=\""},{"Name":"ETag","Value":"W/\"wCVyY3piEZ0JvZ2AuL/MKia5C4+sPsiVQaMD2EgsvRo=\""},{"Name":"Last-Modified","Value":"Mon, 11 Aug 2025 20:35:25 GMT"},{"Name":"Vary","Value":"Content-Encoding"}],"EndpointProperties":[{"Name":"integrity","Value":"sha256-wCVyY3piEZ0JvZ2AuL/MKia5C4+sPsiVQaMD2EgsvRo="}]},{"Route":"js/api.js","AssetFile":"js/api.js.gz","Selectors":[{"Name":"Content-Encoding","Value":"gzip","Quality":"0.000295508274"}],"ResponseHeaders":[{"Name":"Accept-Ranges","Value":"bytes"},{"Name":"Cache-Control","Value":"no-cache"},{"Name":"Content-Encoding","Value":"gzip"},{"Name":"Content-Length","Value":"3383"},{"Name":"Content-Type","Value":"text/javascript"},{"Name":"ETag","Value":"\"ri6iZvq/PJIxLew9RDmmVJve3gqMzVB1k5bO/QvwJ+s=\""},{"Name":"ETag","Value":"W/\"wCVyY3piEZ0JvZ2AuL/MKia5C4+sPsiVQaMD2EgsvRo=\""},{"Name":"Last-Modified","Value":"Mon, 11 Aug 2025 20:35:24 GMT"},{"Name":"Vary","Value":"Content-Encoding"}],"EndpointProperties":[{"Name":"integrity","Value":"sha256-wCVyY3piEZ0JvZ2AuL/MKia5C4+sPsiVQaMD2EgsvRo="}]},{"Route":"js/api.js","AssetFile":"js/api.js","Selectors":[],"ResponseHeaders":[{"Name":"Accept-Ranges","Value":"bytes"},{"Name":"Cache-Control","Value":"no-cache"},{"Name":"Content-Length","Value":"13485"},{"Name":"Content-Type","Value":"text/javascript"},{"Name":"ETag","Value":"\"wCVyY3piEZ0JvZ2AuL/MKia5C4+sPsiVQaMD2EgsvRo=\""},{"Name":"Last-Modified","Value":"Fri, 08 Aug 2025 14:27:51 GMT"}],"EndpointProperties":[{"Name":"integrity","Value":"sha256-wCVyY3piEZ0JvZ2AuL/MKia5C4+sPsiVQaMD2EgsvRo="}]},{"Route":"js/api.js.br","AssetFile":"js/api.js.br","Selectors":[],"ResponseHeaders":[{"Name":"Accept-Ranges","Value":"bytes"},{"Name":"Cache-Control","Value":"no-cache"},{"Name":"Content-Encoding","Value":"br"},{"Name":"Content-Length","Value":"2833"},{"Name":"Content-Type","Value":"text/javascript"},{"Name":"ETag","Value":"\"O0JANSswOas6Mzm5Vy1VVIVwuii7PLE9lTtVTx7KPmc=\""},{"Name":"Last-Modified","Value":"Mon, 11 Aug 2025 20:35:25 GMT"},{"Name":"Vary","Value":"Content-Encoding"}],"EndpointProperties":[{"Name":"integrity","Value":"sha256-O0JANSswOas6Mzm5Vy1VVIVwuii7PLE9lTtVTx7KPmc="}]},{"Route":"js/api.js.gz","AssetFile":"js/api.js.gz","Selectors":[],"ResponseHeaders":[{"Name":"Accept-Ranges","Value":"bytes"},{"Name":"Cache-Control","Value":"no-cache"},{"Name":"Content-Encoding","Value":"gzip"},{"Name":"Content-Length","Value":"3383"},{"Name":"Content-Type","Value":"text/javascript"},{"Name":"ETag","Value":"\"ri6iZvq/PJIxLew9RDmmVJve3gqMzVB1k5bO/QvwJ+s=\""},{"Name":"Last-Modified","Value":"Mon, 11 Aug 2025 20:35:24 GMT"},{"Name":"Vary","Value":"Content-Encoding"}],"EndpointProperties":[{"Name":"integrity","Value":"sha256-ri6iZvq/PJIxLew9RDmmVJve3gqMzVB1k5bO/QvwJ+s="}]},{"Route":"js/api.w0qk9bnl63.js","AssetFile":"js/api.js.br","Selectors":[{"Name":"Content-Encoding","Value":"br","Quality":"0.000352858151"}],"ResponseHeaders":[{"Name":"Accept-Ranges","Value":"bytes"},{"Name":"Cache-Control","Value":"max-age=31536000, immutable"},{"Name":"Content-Encoding","Value":"br"},{"Name":"Content-Length","Value":"2833"},{"Name":"Content-Type","Value":"text/javascript"},{"Name":"ETag","Value":"\"O0JANSswOas6Mzm5Vy1VVIVwuii7PLE9lTtVTx7KPmc=\""},{"Name":"ETag","Value":"W/\"wCVyY3piEZ0JvZ2AuL/MKia5C4+sPsiVQaMD2EgsvRo=\""},{"Name":"Last-Modified","Value":"Mon, 11 Aug 2025 20:35:25 GMT"},{"Name":"Vary","Value":"Content-Encoding"}],"EndpointProperties":[{"Name":"fingerprint","Value":"w0qk9bnl63"},{"Name":"integrity","Value":"sha256-wCVyY3piEZ0JvZ2AuL/MKia5C4+sPsiVQaMD2EgsvRo="},{"Name":"label","Value":"js/api.js"}]},{"Route":"js/api.w0qk9bnl63.js","AssetFile":"js/api.js.gz","Selectors":[{"Name":"Content-Encoding","Value":"gzip","Quality":"0.000295508274"}],"ResponseHeaders":[{"Name":"Accept-Ranges","Value":"bytes"},{"Name":"Cache-Control","Value":"max-age=31536000, immutable"},{"Name":"Content-Encoding","Value":"gzip"},{"Name":"Content-Length","Value":"3383"},{"Name":"Content-Type","Value":"text/javascript"},{"Name":"ETag","Value":"\"ri6iZvq/PJIxLew9RDmmVJve3gqMzVB1k5bO/QvwJ+s=\""},{"Name":"ETag","Value":"W/\"wCVyY3piEZ0JvZ2AuL/MKia5C4+sPsiVQaMD2EgsvRo=\""},{"Name":"Last-Modified","Value":"Mon, 11 Aug 2025 20:35:24 GMT"},{"Name":"Vary","Value":"Content-Encoding"}],"EndpointProperties":[{"Name":"fingerprint","Value":"w0qk9bnl63"},{"Name":"integrity","Value":"sha256-wCVyY3piEZ0JvZ2AuL/MKia5C4+sPsiVQaMD2EgsvRo="},{"Name":"label","Value":"js/api.js"}]},{"Route":"js/api.w0qk9bnl63.js","AssetFile":"js/api.js","Selectors":[],"ResponseHeaders":[{"Name":"Accept-Ranges","Value":"bytes"},{"Name":"Cache-Control","Value":"max-age=31536000, immutable"},{"Name":"Content-Length","Value":"13485"},{"Name":"Content-Type","Value":"text/javascript"},{"Name":"ETag","Value":"\"wCVyY3piEZ0JvZ2AuL/MKia5C4+sPsiVQaMD2EgsvRo=\""},{"Name":"Last-Modified","Value":"Fri, 08 Aug 2025 14:27:51 GMT"}],"EndpointProperties":[{"Name":"fingerprint","Value":"w0qk9bnl63"},{"Name":"integrity","Value":"sha256-wCVyY3piEZ0JvZ2AuL/MKia5C4+sPsiVQaMD2EgsvRo="},{"Name":"label","Value":"js/api.js"}]},{"Route":"js/api.w0qk9bnl63.js.br","AssetFile":"js/api.js.br","Selectors":[],"ResponseHeaders":[{"Name":"Accept-Ranges","Value":"bytes"},{"Name":"Cache-Control","Value":"max-age=31536000, immutable"},{"Name":"Content-Encoding","Value":"br"},{"Name":"Content-Length","Value":"2833"},{"Name":"Content-Type","Value":"text/javascript"},{"Name":"ETag","Value":"\"O0JANSswOas6Mzm5Vy1VVIVwuii7PLE9lTtVTx7KPmc=\""},{"Name":"Last-Modified","Value":"Mon, 11 Aug 2025 20:35:25 GMT"},{"Name":"Vary","Value":"Content-Encoding"}],"EndpointProperties":[{"Name":"fingerprint","Value":"w0qk9bnl63"},{"Name":"integrity","Value":"sha256-O0JANSswOas6Mzm5Vy1VVIVwuii7PLE9lTtVTx7KPmc="},{"Name":"label","Value":"js/api.js.br"}]},{"Route":"js/api.w0qk9bnl63.js.gz","AssetFile":"js/api.js.gz","Selectors":[],"ResponseHeaders":[{"Name":"Accept-Ranges","Value":"bytes"},{"Name":"Cache-Control","Value":"max-age=31536000, immutable"},{"Name":"Content-Encoding","Value":"gzip"},{"Name":"Content-Length","Value":"3383"},{"Name":"Content-Type","Value":"text/javascript"},{"Name":"ETag","Value":"\"ri6iZvq/PJIxLew9RDmmVJve3gqMzVB1k5bO/QvwJ+s=\""},{"Name":"Last-Modified","Value":"Mon, 11 Aug 2025 20:35:24 GMT"},{"Name":"Vary","Value":"Content-Encoding"}],"EndpointProperties":[{"Name":"fingerprint","Value":"w0qk9bnl63"},{"Name":"integrity","Value":"sha256-ri6iZvq/PJIxLew9RDmmVJve3gqMzVB1k5bO/QvwJ+s="},{"Name":"label","Value":"js/api.js.gz"}]},{"Route":"js/auth.48p11gzxp3.js","AssetFile":"js/auth.js.gz","Selectors":[{"Name":"Content-Encoding","Value":"gzip","Quality":"0.000396196513"}],"ResponseHeaders":[{"Name":"Accept-Ranges","Value":"bytes"},{"Name":"Cache-Control","Value":"max-age=31536000, immutable"},{"Name":"Content-Encoding","Value":"gzip"},{"Name":"Content-Length","Value":"2523"},{"Name":"Content-Type","Value":"text/javascript"},{"Name":"ETag","Value":"\"hNU7dHCXfg3GqKFu26TQwg8RM0gPd8tl/Jx4bZBKu0E=\""},{"Name":"ETag","Value":"W/\"DHkQr+r6dli0et6e49SW5eVN+v8z+Zr6gb9pD+sfIz0=\""},{"Name":"Last-Modified","Value":"Tue, 12 Aug 2025 12:19:57 GMT"},{"Name":"Vary","Value":"Content-Encoding"}],"EndpointProperties":[{"Name":"fingerprint","Value":"48p11gzxp3"},{"Name":"integrity","Value":"sha256-DHkQr+r6dli0et6e49SW5eVN+v8z+Zr6gb9pD+sfIz0="},{"Name":"label","Value":"js/auth.js"}]},{"Route":"js/auth.48p11gzxp3.js","AssetFile":"js/auth.js.br","Selectors":[{"Name":"Content-Encoding","Value":"br","Quality":"0.000483091787"}],"ResponseHeaders":[{"Name":"Accept-Ranges","Value":"bytes"},{"Name":"Cache-Control","Value":"max-age=31536000, immutable"},{"Name":"Content-Encoding","Value":"br"},{"Name":"Content-Length","Value":"2069"},{"Name":"Content-Type","Value":"text/javascript"},{"Name":"ETag","Value":"\"zJStuHiSIz31lIJQX1Ue2XDbqpK7l13mqq9nPIWULlk=\""},{"Name":"ETag","Value":"W/\"DHkQr+r6dli0et6e49SW5eVN+v8z+Zr6gb9pD+sfIz0=\""},{"Name":"Last-Modified","Value":"Tue, 12 Aug 2025 12:19:58 GMT"},{"Name":"Vary","Value":"Content-Encoding"}],"EndpointProperties":[{"Name":"fingerprint","Value":"48p11gzxp3"},{"Name":"integrity","Value":"sha256-DHkQr+r6dli0et6e49SW5eVN+v8z+Zr6gb9pD+sfIz0="},{"Name":"label","Value":"js/auth.js"}]},{"Route":"js/auth.48p11gzxp3.js","AssetFile":"js/auth.js","Selectors":[],"ResponseHeaders":[{"Name":"Accept-Ranges","Value":"bytes"},{"Name":"Cache-Control","Value":"max-age=31536000, immutable"},{"Name":"Content-Length","Value":"9225"},{"Name":"Content-Type","Value":"text/javascript"},{"Name":"ETag","Value":"\"DHkQr+r6dli0et6e49SW5eVN+v8z+Zr6gb9pD+sfIz0=\""},{"Name":"Last-Modified","Value":"Tue, 12 Aug 2025 12:19:45 GMT"}],"EndpointProperties":[{"Name":"fingerprint","Value":"48p11gzxp3"},{"Name":"integrity","Value":"sha256-DHkQr+r6dli0et6e49SW5eVN+v8z+Zr6gb9pD+sfIz0="},{"Name":"label","Value":"js/auth.js"}]},{"Route":"js/auth.48p11gzxp3.js.br","AssetFile":"js/auth.js.br","Selectors":[],"ResponseHeaders":[{"Name":"Accept-Ranges","Value":"bytes"},{"Name":"Cache-Control","Value":"max-age=31536000, immutable"},{"Name":"Content-Encoding","Value":"br"},{"Name":"Content-Length","Value":"2069"},{"Name":"Content-Type","Value":"text/javascript"},{"Name":"ETag","Value":"\"zJStuHiSIz31lIJQX1Ue2XDbqpK7l13mqq9nPIWULlk=\""},{"Name":"Last-Modified","Value":"Tue, 12 Aug 2025 12:19:58 GMT"},{"Name":"Vary","Value":"Content-Encoding"}],"EndpointProperties":[{"Name":"fingerprint","Value":"48p11gzxp3"},{"Name":"integrity","Value":"sha256-zJStuHiSIz31lIJQX1Ue2XDbqpK7l13mqq9nPIWULlk="},{"Name":"label","Value":"js/auth.js.br"}]},{"Route":"js/auth.48p11gzxp3.js.gz","AssetFile":"js/auth.js.gz","Selectors":[],"ResponseHeaders":[{"Name":"Accept-Ranges","Value":"bytes"},{"Name":"Cache-Control","Value":"max-age=31536000, immutable"},{"Name":"Content-Encoding","Value":"gzip"},{"Name":"Content-Length","Value":"2523"},{"Name":"Content-Type","Value":"text/javascript"},{"Name":"ETag","Value":"\"hNU7dHCXfg3GqKFu26TQwg8RM0gPd8tl/Jx4bZBKu0E=\""},{"Name":"Last-Modified","Value":"Tue, 12 Aug 2025 12:19:57 GMT"},{"Name":"Vary","Value":"Content-Encoding"}],"EndpointProperties":[{"Name":"fingerprint","Value":"48p11gzxp3"},{"Name":"integrity","Value":"sha256-hNU7dHCXfg3GqKFu26TQwg8RM0gPd8tl/Jx4bZBKu0E="},{"Name":"label","Value":"js/auth.js.gz"}]},{"Route":"js/auth.js","AssetFile":"js/auth.js.gz","Selectors":[{"Name":"Content-Encoding","Value":"gzip","Quality":"0.000396196513"}],"ResponseHeaders":[{"Name":"Accept-Ranges","Value":"bytes"},{"Name":"Cache-Control","Value":"no-cache"},{"Name":"Content-Encoding","Value":"gzip"},{"Name":"Content-Length","Value":"2523"},{"Name":"Content-Type","Value":"text/javascript"},{"Name":"ETag","Value":"\"hNU7dHCXfg3GqKFu26TQwg8RM0gPd8tl/Jx4bZBKu0E=\""},{"Name":"ETag","Value":"W/\"DHkQr+r6dli0et6e49SW5eVN+v8z+Zr6gb9pD+sfIz0=\""},{"Name":"Last-Modified","Value":"Tue, 12 Aug 2025 12:19:57 GMT"},{"Name":"Vary","Value":"Content-Encoding"}],"EndpointProperties":[{"Name":"integrity","Value":"sha256-DHkQr+r6dli0et6e49SW5eVN+v8z+Zr6gb9pD+sfIz0="}]},{"Route":"js/auth.js","AssetFile":"js/auth.js.br","Selectors":[{"Name":"Content-Encoding","Value":"br","Quality":"0.000483091787"}],"ResponseHeaders":[{"Name":"Accept-Ranges","Value":"bytes"},{"Name":"Cache-Control","Value":"no-cache"},{"Name":"Content-Encoding","Value":"br"},{"Name":"Content-Length","Value":"2069"},{"Name":"Content-Type","Value":"text/javascript"},{"Name":"ETag","Value":"\"zJStuHiSIz31lIJQX1Ue2XDbqpK7l13mqq9nPIWULlk=\""},{"Name":"ETag","Value":"W/\"DHkQr+r6dli0et6e49SW5eVN+v8z+Zr6gb9pD+sfIz0=\""},{"Name":"Last-Modified","Value":"Tue, 12 Aug 2025 12:19:58 GMT"},{"Name":"Vary","Value":"Content-Encoding"}],"EndpointProperties":[{"Name":"integrity","Value":"sha256-DHkQr+r6dli0et6e49SW5eVN+v8z+Zr6gb9pD+sfIz0="}]},{"Route":"js/auth.js","AssetFile":"js/auth.js","Selectors":[],"ResponseHeaders":[{"Name":"Accept-Ranges","Value":"bytes"},{"Name":"Cache-Control","Value":"no-cache"},{"Name":"Content-Length","Value":"9225"},{"Name":"Content-Type","Value":"text/javascript"},{"Name":"ETag","Value":"\"DHkQr+r6dli0et6e49SW5eVN+v8z+Zr6gb9pD+sfIz0=\""},{"Name":"Last-Modified","Value":"Tue, 12 Aug 2025 12:19:45 GMT"}],"EndpointProperties":[{"Name":"integrity","Value":"sha256-DHkQr+r6dli0et6e49SW5eVN+v8z+Zr6gb9pD+sfIz0="}]},{"Route":"js/auth.js.br","AssetFile":"js/auth.js.br","Selectors":[],"ResponseHeaders":[{"Name":"Accept-Ranges","Value":"bytes"},{"Name":"Cache-Control","Value":"no-cache"},{"Name":"Content-Encoding","Value":"br"},{"Name":"Content-Length","Value":"2069"},{"Name":"Content-Type","Value":"text/javascript"},{"Name":"ETag","Value":"\"zJStuHiSIz31lIJQX1Ue2XDbqpK7l13mqq9nPIWULlk=\""},{"Name":"Last-Modified","Value":"Tue, 12 Aug 2025 12:19:58 GMT"},{"Name":"Vary","Value":"Content-Encoding"}],"EndpointProperties":[{"Name":"integrity","Value":"sha256-zJStuHiSIz31lIJQX1Ue2XDbqpK7l13mqq9nPIWULlk="}]},{"Route":"js/auth.js.gz","AssetFile":"js/auth.js.gz","Selectors":[],"ResponseHeaders":[{"Name":"Accept-Ranges","Value":"bytes"},{"Name":"Cache-Control","Value":"no-cache"},{"Name":"Content-Encoding","Value":"gzip"},{"Name":"Content-Length","Value":"2523"},{"Name":"Content-Type","Value":"text/javascript"},{"Name":"ETag","Value":"\"hNU7dHCXfg3GqKFu26TQwg8RM0gPd8tl/Jx4bZBKu0E=\""},{"Name":"Last-Modified","Value":"Tue, 12 Aug 2025 12:19:57 GMT"},{"Name":"Vary","Value":"Content-Encoding"}],"EndpointProperties":[{"Name":"integrity","Value":"sha256-hNU7dHCXfg3GqKFu26TQwg8RM0gPd8tl/Jx4bZBKu0E="}]},{"Route":"js/chat.js","AssetFile":"js/chat.js.gz","Selectors":[{"Name":"Content-Encoding","Value":"gzip","Quality":"0.000602409639"}],"ResponseHeaders":[{"Name":"Accept-Ranges","Value":"bytes"},{"Name":"Cache-Control","Value":"no-cache"},{"Name":"Content-Encoding","Value":"gzip"},{"Name":"Content-Length","Value":"1659"},{"Name":"Content-Type","Value":"text/javascript"},{"Name":"ETag","Value":"\"5IKq8tlrb42HM9qDFPzkNHEKRUDQxWUsA9rkJ3+G8sk=\""},{"Name":"ETag","Value":"W/\"5/RAPuhECi570h2AuoV5TbhWKIA69EGx9DXYlc6ZS9Q=\""},{"Name":"Last-Modified","Value":"Mon, 11 Aug 2025 20:35:24 GMT"},{"Name":"Vary","Value":"Content-Encoding"}],"EndpointProperties":[{"Name":"integrity","Value":"sha256-5/RAPuhECi570h2AuoV5TbhWKIA69EGx9DXYlc6ZS9Q="}]},{"Route":"js/chat.js","AssetFile":"js/chat.js.br","Selectors":[{"Name":"Content-Encoding","Value":"br","Quality":"0.000727272727"}],"ResponseHeaders":[{"Name":"Accept-Ranges","Value":"bytes"},{"Name":"Cache-Control","Value":"no-cache"},{"Name":"Content-Encoding","Value":"br"},{"Name":"Content-Length","Value":"1374"},{"Name":"Content-Type","Value":"text/javascript"},{"Name":"ETag","Value":"\"02O2OBDDscczdj45F68g6zDhHsdILTeo4rzjCK/0qy4=\""},{"Name":"ETag","Value":"W/\"5/RAPuhECi570h2AuoV5TbhWKIA69EGx9DXYlc6ZS9Q=\""},{"Name":"Last-Modified","Value":"Mon, 11 Aug 2025 20:35:25 GMT"},{"Name":"Vary","Value":"Content-Encoding"}],"EndpointProperties":[{"Name":"integrity","Value":"sha256-5/RAPuhECi570h2AuoV5TbhWKIA69EGx9DXYlc6ZS9Q="}]},{"Route":"js/chat.js","AssetFile":"js/chat.js","Selectors":[],"ResponseHeaders":[{"Name":"Accept-Ranges","Value":"bytes"},{"Name":"Cache-Control","Value":"no-cache"},{"Name":"Content-Length","Value":"5308"},{"Name":"Content-Type","Value":"text/javascript"},{"Name":"ETag","Value":"\"5/RAPuhECi570h2AuoV5TbhWKIA69EGx9DXYlc6ZS9Q=\""},{"Name":"Last-Modified","Value":"Thu, 03 Jul 2025 14:30:33 GMT"}],"EndpointProperties":[{"Name":"integrity","Value":"sha256-5/RAPuhECi570h2AuoV5TbhWKIA69EGx9DXYlc6ZS9Q="}]},{"Route":"js/chat.js.br","AssetFile":"js/chat.js.br","Selectors":[],"ResponseHeaders":[{"Name":"Accept-Ranges","Value":"bytes"},{"Name":"Cache-Control","Value":"no-cache"},{"Name":"Content-Encoding","Value":"br"},{"Name":"Content-Length","Value":"1374"},{"Name":"Content-Type","Value":"text/javascript"},{"Name":"ETag","Value":"\"02O2OBDDscczdj45F68g6zDhHsdILTeo4rzjCK/0qy4=\""},{"Name":"Last-Modified","Value":"Mon, 11 Aug 2025 20:35:25 GMT"},{"Name":"Vary","Value":"Content-Encoding"}],"EndpointProperties":[{"Name":"integrity","Value":"sha256-02O2OBDDscczdj45F68g6zDhHsdILTeo4rzjCK/0qy4="}]},{"Route":"js/chat.js.gz","AssetFile":"js/chat.js.gz","Selectors":[],"ResponseHeaders":[{"Name":"Accept-Ranges","Value":"bytes"},{"Name":"Cache-Control","Value":"no-cache"},{"Name":"Content-Encoding","Value":"gzip"},{"Name":"Content-Length","Value":"1659"},{"Name":"Content-Type","Value":"text/javascript"},{"Name":"ETag","Value":"\"5IKq8tlrb42HM9qDFPzkNHEKRUDQxWUsA9rkJ3+G8sk=\""},{"Name":"Last-Modified","Value":"Mon, 11 Aug 2025 20:35:24 GMT"},{"Name":"Vary","Value":"Content-Encoding"}],"EndpointProperties":[{"Name":"integrity","Value":"sha256-5IKq8tlrb42HM9qDFPzkNHEKRUDQxWUsA9rkJ3+G8sk="}]},{"Route":"js/chat.rzyj5ihccb.js","AssetFile":"js/chat.js.gz","Selectors":[{"Name":"Content-Encoding","Value":"gzip","Quality":"0.000602409639"}],"ResponseHeaders":[{"Name":"Accept-Ranges","Value":"bytes"},{"Name":"Cache-Control","Value":"max-age=31536000, immutable"},{"Name":"Content-Encoding","Value":"gzip"},{"Name":"Content-Length","Value":"1659"},{"Name":"Content-Type","Value":"text/javascript"},{"Name":"ETag","Value":"\"5IKq8tlrb42HM9qDFPzkNHEKRUDQxWUsA9rkJ3+G8sk=\""},{"Name":"ETag","Value":"W/\"5/RAPuhECi570h2AuoV5TbhWKIA69EGx9DXYlc6ZS9Q=\""},{"Name":"Last-Modified","Value":"Mon, 11 Aug 2025 20:35:24 GMT"},{"Name":"Vary","Value":"Content-Encoding"}],"EndpointProperties":[{"Name":"fingerprint","Value":"rzyj5ihccb"},{"Name":"integrity","Value":"sha256-5/RAPuhECi570h2AuoV5TbhWKIA69EGx9DXYlc6ZS9Q="},{"Name":"label","Value":"js/chat.js"}]},{"Route":"js/chat.rzyj5ihccb.js","AssetFile":"js/chat.js.br","Selectors":[{"Name":"Content-Encoding","Value":"br","Quality":"0.000727272727"}],"ResponseHeaders":[{"Name":"Accept-Ranges","Value":"bytes"},{"Name":"Cache-Control","Value":"max-age=31536000, immutable"},{"Name":"Content-Encoding","Value":"br"},{"Name":"Content-Length","Value":"1374"},{"Name":"Content-Type","Value":"text/javascript"},{"Name":"ETag","Value":"\"02O2OBDDscczdj45F68g6zDhHsdILTeo4rzjCK/0qy4=\""},{"Name":"ETag","Value":"W/\"5/RAPuhECi570h2AuoV5TbhWKIA69EGx9DXYlc6ZS9Q=\""},{"Name":"Last-Modified","Value":"Mon, 11 Aug 2025 20:35:25 GMT"},{"Name":"Vary","Value":"Content-Encoding"}],"EndpointProperties":[{"Name":"fingerprint","Value":"rzyj5ihccb"},{"Name":"integrity","Value":"sha256-5/RAPuhECi570h2AuoV5TbhWKIA69EGx9DXYlc6ZS9Q="},{"Name":"label","Value":"js/chat.js"}]},{"Route":"js/chat.rzyj5ihccb.js","AssetFile":"js/chat.js","Selectors":[],"ResponseHeaders":[{"Name":"Accept-Ranges","Value":"bytes"},{"Name":"Cache-Control","Value":"max-age=31536000, immutable"},{"Name":"Content-Length","Value":"5308"},{"Name":"Content-Type","Value":"text/javascript"},{"Name":"ETag","Value":"\"5/RAPuhECi570h2AuoV5TbhWKIA69EGx9DXYlc6ZS9Q=\""},{"Name":"Last-Modified","Value":"Thu, 03 Jul 2025 14:30:33 GMT"}],"EndpointProperties":[{"Name":"fingerprint","Value":"rzyj5ihccb"},{"Name":"integrity","Value":"sha256-5/RAPuhECi570h2AuoV5TbhWKIA69EGx9DXYlc6ZS9Q="},{"Name":"label","Value":"js/chat.js"}]},{"Route":"js/chat.rzyj5ihccb.js.br","AssetFile":"js/chat.js.br","Selectors":[],"ResponseHeaders":[{"Name":"Accept-Ranges","Value":"bytes"},{"Name":"Cache-Control","Value":"max-age=31536000, immutable"},{"Name":"Content-Encoding","Value":"br"},{"Name":"Content-Length","Value":"1374"},{"Name":"Content-Type","Value":"text/javascript"},{"Name":"ETag","Value":"\"02O2OBDDscczdj45F68g6zDhHsdILTeo4rzjCK/0qy4=\""},{"Name":"Last-Modified","Value":"Mon, 11 Aug 2025 20:35:25 GMT"},{"Name":"Vary","Value":"Content-Encoding"}],"EndpointProperties":[{"Name":"fingerprint","Value":"rzyj5ihccb"},{"Name":"integrity","Value":"sha256-02O2OBDDscczdj45F68g6zDhHsdILTeo4rzjCK/0qy4="},{"Name":"label","Value":"js/chat.js.br"}]},{"Route":"js/chat.rzyj5ihccb.js.gz","AssetFile":"js/chat.js.gz","Selectors":[],"ResponseHeaders":[{"Name":"Accept-Ranges","Value":"bytes"},{"Name":"Cache-Control","Value":"max-age=31536000, immutable"},{"Name":"Content-Encoding","Value":"gzip"},{"Name":"Content-Length","Value":"1659"},{"Name":"Content-Type","Value":"text/javascript"},{"Name":"ETag","Value":"\"5IKq8tlrb42HM9qDFPzkNHEKRUDQxWUsA9rkJ3+G8sk=\""},{"Name":"Last-Modified","Value":"Mon, 11 Aug 2025 20:35:24 GMT"},{"Name":"Vary","Value":"Content-Encoding"}],"EndpointProperties":[{"Name":"fingerprint","Value":"rzyj5ihccb"},{"Name":"integrity","Value":"sha256-5IKq8tlrb42HM9qDFPzkNHEKRUDQxWUsA9rkJ3+G8sk="},{"Name":"label","Value":"js/chat.js.gz"}]},{"Route":"js/document-handler.gnicswbcnd.js","AssetFile":"js/document-handler.js.gz","Selectors":[{"Name":"Content-Encoding","Value":"gzip","Quality":"0.000466635558"}],"ResponseHeaders":[{"Name":"Accept-Ranges","Value":"bytes"},{"Name":"Cache-Control","Value":"max-age=31536000, immutable"},{"Name":"Content-Encoding","Value":"gzip"},{"Name":"Content-Length","Value":"2142"},{"Name":"Content-Type","Value":"text/javascript"},{"Name":"ETag","Value":"\"l+okdPsMQPZMrfmSjWPwxXwdL1y8LXm47qoxn9/M1aU=\""},{"Name":"ETag","Value":"W/\"bLWGQPPJ92EWxxhI9t6Y5uruTcYIPD0Xr20+Y4zuw3E=\""},{"Name":"Last-Modified","Value":"Mon, 11 Aug 2025 20:35:24 GMT"},{"Name":"Vary","Value":"Content-Encoding"}],"EndpointProperties":[{"Name":"fingerprint","Value":"gnicswbcnd"},{"Name":"integrity","Value":"sha256-bLWGQPPJ92EWxxhI9t6Y5uruTcYIPD0Xr20+Y4zuw3E="},{"Name":"label","Value":"js/document-handler.js"}]},{"Route":"js/document-handler.gnicswbcnd.js","AssetFile":"js/document-handler.js.br","Selectors":[{"Name":"Content-Encoding","Value":"br","Quality":"0.000559910414"}],"ResponseHeaders":[{"Name":"Accept-Ranges","Value":"bytes"},{"Name":"Cache-Control","Value":"max-age=31536000, immutable"},{"Name":"Content-Encoding","Value":"br"},{"Name":"Content-Length","Value":"1785"},{"Name":"Content-Type","Value":"text/javascript"},{"Name":"ETag","Value":"\"E+YT/5mSfjUvUuNJc8+sD0Yym96sENME7AFbYCDdgz8=\""},{"Name":"ETag","Value":"W/\"bLWGQPPJ92EWxxhI9t6Y5uruTcYIPD0Xr20+Y4zuw3E=\""},{"Name":"Last-Modified","Value":"Mon, 11 Aug 2025 20:35:25 GMT"},{"Name":"Vary","Value":"Content-Encoding"}],"EndpointProperties":[{"Name":"fingerprint","Value":"gnicswbcnd"},{"Name":"integrity","Value":"sha256-bLWGQPPJ92EWxxhI9t6Y5uruTcYIPD0Xr20+Y4zuw3E="},{"Name":"label","Value":"js/document-handler.js"}]},{"Route":"js/document-handler.gnicswbcnd.js","AssetFile":"js/document-handler.js","Selectors":[],"ResponseHeaders":[{"Name":"Accept-Ranges","Value":"bytes"},{"Name":"Cache-Control","Value":"max-age=31536000, immutable"},{"Name":"Content-Length","Value":"8151"},{"Name":"Content-Type","Value":"text/javascript"},{"Name":"ETag","Value":"\"bLWGQPPJ92EWxxhI9t6Y5uruTcYIPD0Xr20+Y4zuw3E=\""},{"Name":"Last-Modified","Value":"Thu, 17 Jul 2025 13:06:36 GMT"}],"EndpointProperties":[{"Name":"fingerprint","Value":"gnicswbcnd"},{"Name":"integrity","Value":"sha256-bLWGQPPJ92EWxxhI9t6Y5uruTcYIPD0Xr20+Y4zuw3E="},{"Name":"label","Value":"js/document-handler.js"}]},{"Route":"js/document-handler.gnicswbcnd.js.br","AssetFile":"js/document-handler.js.br","Selectors":[],"ResponseHeaders":[{"Name":"Accept-Ranges","Value":"bytes"},{"Name":"Cache-Control","Value":"max-age=31536000, immutable"},{"Name":"Content-Encoding","Value":"br"},{"Name":"Content-Length","Value":"1785"},{"Name":"Content-Type","Value":"text/javascript"},{"Name":"ETag","Value":"\"E+YT/5mSfjUvUuNJc8+sD0Yym96sENME7AFbYCDdgz8=\""},{"Name":"Last-Modified","Value":"Mon, 11 Aug 2025 20:35:25 GMT"},{"Name":"Vary","Value":"Content-Encoding"}],"EndpointProperties":[{"Name":"fingerprint","Value":"gnicswbcnd"},{"Name":"integrity","Value":"sha256-E+YT/5mSfjUvUuNJc8+sD0Yym96sENME7AFbYCDdgz8="},{"Name":"label","Value":"js/document-handler.js.br"}]},{"Route":"js/document-handler.gnicswbcnd.js.gz","AssetFile":"js/document-handler.js.gz","Selectors":[],"ResponseHeaders":[{"Name":"Accept-Ranges","Value":"bytes"},{"Name":"Cache-Control","Value":"max-age=31536000, immutable"},{"Name":"Content-Encoding","Value":"gzip"},{"Name":"Content-Length","Value":"2142"},{"Name":"Content-Type","Value":"text/javascript"},{"Name":"ETag","Value":"\"l+okdPsMQPZMrfmSjWPwxXwdL1y8LXm47qoxn9/M1aU=\""},{"Name":"Last-Modified","Value":"Mon, 11 Aug 2025 20:35:24 GMT"},{"Name":"Vary","Value":"Content-Encoding"}],"EndpointProperties":[{"Name":"fingerprint","Value":"gnicswbcnd"},{"Name":"integrity","Value":"sha256-l+okdPsMQPZMrfmSjWPwxXwdL1y8LXm47qoxn9/M1aU="},{"Name":"label","Value":"js/document-handler.js.gz"}]},{"Route":"js/document-handler.js","AssetFile":"js/document-handler.js.gz","Selectors":[{"Name":"Content-Encoding","Value":"gzip","Quality":"0.000466635558"}],"ResponseHeaders":[{"Name":"Accept-Ranges","Value":"bytes"},{"Name":"Cache-Control","Value":"no-cache"},{"Name":"Content-Encoding","Value":"gzip"},{"Name":"Content-Length","Value":"2142"},{"Name":"Content-Type","Value":"text/javascript"},{"Name":"ETag","Value":"\"l+okdPsMQPZMrfmSjWPwxXwdL1y8LXm47qoxn9/M1aU=\""},{"Name":"ETag","Value":"W/\"bLWGQPPJ92EWxxhI9t6Y5uruTcYIPD0Xr20+Y4zuw3E=\""},{"Name":"Last-Modified","Value":"Mon, 11 Aug 2025 20:35:24 GMT"},{"Name":"Vary","Value":"Content-Encoding"}],"EndpointProperties":[{"Name":"integrity","Value":"sha256-bLWGQPPJ92EWxxhI9t6Y5uruTcYIPD0Xr20+Y4zuw3E="}]},{"Route":"js/document-handler.js","AssetFile":"js/document-handler.js.br","Selectors":[{"Name":"Content-Encoding","Value":"br","Quality":"0.000559910414"}],"ResponseHeaders":[{"Name":"Accept-Ranges","Value":"bytes"},{"Name":"Cache-Control","Value":"no-cache"},{"Name":"Content-Encoding","Value":"br"},{"Name":"Content-Length","Value":"1785"},{"Name":"Content-Type","Value":"text/javascript"},{"Name":"ETag","Value":"\"E+YT/5mSfjUvUuNJc8+sD0Yym96sENME7AFbYCDdgz8=\""},{"Name":"ETag","Value":"W/\"bLWGQPPJ92EWxxhI9t6Y5uruTcYIPD0Xr20+Y4zuw3E=\""},{"Name":"Last-Modified","Value":"Mon, 11 Aug 2025 20:35:25 GMT"},{"Name":"Vary","Value":"Content-Encoding"}],"EndpointProperties":[{"Name":"integrity","Value":"sha256-bLWGQPPJ92EWxxhI9t6Y5uruTcYIPD0Xr20+Y4zuw3E="}]},{"Route":"js/document-handler.js","AssetFile":"js/document-handler.js","Selectors":[],"ResponseHeaders":[{"Name":"Accept-Ranges","Value":"bytes"},{"Name":"Cache-Control","Value":"no-cache"},{"Name":"Content-Length","Value":"8151"},{"Name":"Content-Type","Value":"text/javascript"},{"Name":"ETag","Value":"\"bLWGQPPJ92EWxxhI9t6Y5uruTcYIPD0Xr20+Y4zuw3E=\""},{"Name":"Last-Modified","Value":"Thu, 17 Jul 2025 13:06:36 GMT"}],"EndpointProperties":[{"Name":"integrity","Value":"sha256-bLWGQPPJ92EWxxhI9t6Y5uruTcYIPD0Xr20+Y4zuw3E="}]},{"Route":"js/document-handler.js.br","AssetFile":"js/document-handler.js.br","Selectors":[],"ResponseHeaders":[{"Name":"Accept-Ranges","Value":"bytes"},{"Name":"Cache-Control","Value":"no-cache"},{"Name":"Content-Encoding","Value":"br"},{"Name":"Content-Length","Value":"1785"},{"Name":"Content-Type","Value":"text/javascript"},{"Name":"ETag","Value":"\"E+YT/5mSfjUvUuNJc8+sD0Yym96sENME7AFbYCDdgz8=\""},{"Name":"Last-Modified","Value":"Mon, 11 Aug 2025 20:35:25 GMT"},{"Name":"Vary","Value":"Content-Encoding"}],"EndpointProperties":[{"Name":"integrity","Value":"sha256-E+YT/5mSfjUvUuNJc8+sD0Yym96sENME7AFbYCDdgz8="}]},{"Route":"js/document-handler.js.gz","AssetFile":"js/document-handler.js.gz","Selectors":[],"ResponseHeaders":[{"Name":"Accept-Ranges","Value":"bytes"},{"Name":"Cache-Control","Value":"no-cache"},{"Name":"Content-Encoding","Value":"gzip"},{"Name":"Content-Length","Value":"2142"},{"Name":"Content-Type","Value":"text/javascript"},{"Name":"ETag","Value":"\"l+okdPsMQPZMrfmSjWPwxXwdL1y8LXm47qoxn9/M1aU=\""},{"Name":"Last-Modified","Value":"Mon, 11 Aug 2025 20:35:24 GMT"},{"Name":"Vary","Value":"Content-Encoding"}],"EndpointProperties":[{"Name":"integrity","Value":"sha256-l+okdPsMQPZMrfmSjWPwxXwdL1y8LXm47qoxn9/M1aU="}]},{"Route":"js/msal-browser.min.fplmt88rd0.js","AssetFile":"js/msal-browser.min.js.gz","Selectors":[{"Name":"Content-Encoding","Value":"gzip","Quality":"0.000012958404"}],"ResponseHeaders":[{"Name":"Accept-Ranges","Value":"bytes"},{"Name":"Cache-Control","Value":"max-age=31536000, immutable"},{"Name":"Content-Encoding","Value":"gzip"},{"Name":"Content-Length","Value":"77169"},{"Name":"Content-Type","Value":"text/javascript"},{"Name":"ETag","Value":"\"IbSpVz2NfQjLS/TXnh1/RmaCvVmZ0jSGVIwkV8U5zI8=\""},{"Name":"ETag","Value":"W/\"nUuteCkFi6Xv+0tPHV/WLrRoT00diiLac4JVAQlDyCE=\""},{"Name":"Last-Modified","Value":"Tue, 12 Aug 2025 12:30:54 GMT"},{"Name":"Vary","Value":"Content-Encoding"}],"EndpointProperties":[{"Name":"fingerprint","Value":"fplmt88rd0"},{"Name":"integrity","Value":"sha256-nUuteCkFi6Xv+0tPHV/WLrRoT00diiLac4JVAQlDyCE="},{"Name":"label","Value":"js/msal-browser.min.js"}]},{"Route":"js/msal-browser.min.fplmt88rd0.js","AssetFile":"js/msal-browser.min.js.br","Selectors":[{"Name":"Content-Encoding","Value":"br","Quality":"0.000015997952"}],"ResponseHeaders":[{"Name":"Accept-Ranges","Value":"bytes"},{"Name":"Cache-Control","Value":"max-age=31536000, immutable"},{"Name":"Content-Encoding","Value":"br"},{"Name":"Content-Length","Value":"62507"},{"Name":"Content-Type","Value":"text/javascript"},{"Name":"ETag","Value":"\"6e/+F0iKH9EYI9oYGZPmyz5EUMW6FhxLHqR6d9SNHb8=\""},{"Name":"ETag","Value":"W/\"nUuteCkFi6Xv+0tPHV/WLrRoT00diiLac4JVAQlDyCE=\""},{"Name":"Last-Modified","Value":"Tue, 12 Aug 2025 12:30:55 GMT"},{"Name":"Vary","Value":"Content-Encoding"}],"EndpointProperties":[{"Name":"fingerprint","Value":"fplmt88rd0"},{"Name":"integrity","Value":"sha256-nUuteCkFi6Xv+0tPHV/WLrRoT00diiLac4JVAQlDyCE="},{"Name":"label","Value":"js/msal-browser.min.js"}]},{"Route":"js/msal-browser.min.fplmt88rd0.js","AssetFile":"js/msal-browser.min.js","Selectors":[],"ResponseHeaders":[{"Name":"Accept-Ranges","Value":"bytes"},{"Name":"Cache-Control","Value":"max-age=31536000, immutable"},{"Name":"Content-Length","Value":"314785"},{"Name":"Content-Type","Value":"text/javascript"},{"Name":"ETag","Value":"\"nUuteCkFi6Xv+0tPHV/WLrRoT00diiLac4JVAQlDyCE=\""},{"Name":"Last-Modified","Value":"Tue, 12 Aug 2025 12:27:14 GMT"}],"EndpointProperties":[{"Name":"fingerprint","Value":"fplmt88rd0"},{"Name":"integrity","Value":"sha256-nUuteCkFi6Xv+0tPHV/WLrRoT00diiLac4JVAQlDyCE="},{"Name":"label","Value":"js/msal-browser.min.js"}]},{"Route":"js/msal-browser.min.fplmt88rd0.js.br","AssetFile":"js/msal-browser.min.js.br","Selectors":[],"ResponseHeaders":[{"Name":"Accept-Ranges","Value":"bytes"},{"Name":"Cache-Control","Value":"max-age=31536000, immutable"},{"Name":"Content-Encoding","Value":"br"},{"Name":"Content-Length","Value":"62507"},{"Name":"Content-Type","Value":"text/javascript"},{"Name":"ETag","Value":"\"6e/+F0iKH9EYI9oYGZPmyz5EUMW6FhxLHqR6d9SNHb8=\""},{"Name":"Last-Modified","Value":"Tue, 12 Aug 2025 12:30:55 GMT"},{"Name":"Vary","Value":"Content-Encoding"}],"EndpointProperties":[{"Name":"fingerprint","Value":"fplmt88rd0"},{"Name":"integrity","Value":"sha256-6e/+F0iKH9EYI9oYGZPmyz5EUMW6FhxLHqR6d9SNHb8="},{"Name":"label","Value":"js/msal-browser.min.js.br"}]},{"Route":"js/msal-browser.min.fplmt88rd0.js.gz","AssetFile":"js/msal-browser.min.js.gz","Selectors":[],"ResponseHeaders":[{"Name":"Accept-Ranges","Value":"bytes"},{"Name":"Cache-Control","Value":"max-age=31536000, immutable"},{"Name":"Content-Encoding","Value":"gzip"},{"Name":"Content-Length","Value":"77169"},{"Name":"Content-Type","Value":"text/javascript"},{"Name":"ETag","Value":"\"IbSpVz2NfQjLS/TXnh1/RmaCvVmZ0jSGVIwkV8U5zI8=\""},{"Name":"Last-Modified","Value":"Tue, 12 Aug 2025 12:30:54 GMT"},{"Name":"Vary","Value":"Content-Encoding"}],"EndpointProperties":[{"Name":"fingerprint","Value":"fplmt88rd0"},{"Name":"integrity","Value":"sha256-IbSpVz2NfQjLS/TXnh1/RmaCvVmZ0jSGVIwkV8U5zI8="},{"Name":"label","Value":"js/msal-browser.min.js.gz"}]},{"Route":"js/msal-browser.min.js","AssetFile":"js/msal-browser.min.js.gz","Selectors":[{"Name":"Content-Encoding","Value":"gzip","Quality":"0.000012958404"}],"ResponseHeaders":[{"Name":"Accept-Ranges","Value":"bytes"},{"Name":"Cache-Control","Value":"no-cache"},{"Name":"Content-Encoding","Value":"gzip"},{"Name":"Content-Length","Value":"77169"},{"Name":"Content-Type","Value":"text/javascript"},{"Name":"ETag","Value":"\"IbSpVz2NfQjLS/TXnh1/RmaCvVmZ0jSGVIwkV8U5zI8=\""},{"Name":"ETag","Value":"W/\"nUuteCkFi6Xv+0tPHV/WLrRoT00diiLac4JVAQlDyCE=\""},{"Name":"Last-Modified","Value":"Tue, 12 Aug 2025 12:30:54 GMT"},{"Name":"Vary","Value":"Content-Encoding"}],"EndpointProperties":[{"Name":"integrity","Value":"sha256-nUuteCkFi6Xv+0tPHV/WLrRoT00diiLac4JVAQlDyCE="}]},{"Route":"js/msal-browser.min.js","AssetFile":"js/msal-browser.min.js.br","Selectors":[{"Name":"Content-Encoding","Value":"br","Quality":"0.000015997952"}],"ResponseHeaders":[{"Name":"Accept-Ranges","Value":"bytes"},{"Name":"Cache-Control","Value":"no-cache"},{"Name":"Content-Encoding","Value":"br"},{"Name":"Content-Length","Value":"62507"},{"Name":"Content-Type","Value":"text/javascript"},{"Name":"ETag","Value":"\"6e/+F0iKH9EYI9oYGZPmyz5EUMW6FhxLHqR6d9SNHb8=\""},{"Name":"ETag","Value":"W/\"nUuteCkFi6Xv+0tPHV/WLrRoT00diiLac4JVAQlDyCE=\""},{"Name":"Last-Modified","Value":"Tue, 12 Aug 2025 12:30:55 GMT"},{"Name":"Vary","Value":"Content-Encoding"}],"EndpointProperties":[{"Name":"integrity","Value":"sha256-nUuteCkFi6Xv+0tPHV/WLrRoT00diiLac4JVAQlDyCE="}]},{"Route":"js/msal-browser.min.js","AssetFile":"js/msal-browser.min.js","Selectors":[],"ResponseHeaders":[{"Name":"Accept-Ranges","Value":"bytes"},{"Name":"Cache-Control","Value":"no-cache"},{"Name":"Content-Length","Value":"314785"},{"Name":"Content-Type","Value":"text/javascript"},{"Name":"ETag","Value":"\"nUuteCkFi6Xv+0tPHV/WLrRoT00diiLac4JVAQlDyCE=\""},{"Name":"Last-Modified","Value":"Tue, 12 Aug 2025 12:27:14 GMT"}],"EndpointProperties":[{"Name":"integrity","Value":"sha256-nUuteCkFi6Xv+0tPHV/WLrRoT00diiLac4JVAQlDyCE="}]},{"Route":"js/msal-browser.min.js.br","AssetFile":"js/msal-browser.min.js.br","Selectors":[],"ResponseHeaders":[{"Name":"Accept-Ranges","Value":"bytes"},{"Name":"Cache-Control","Value":"no-cache"},{"Name":"Content-Encoding","Value":"br"},{"Name":"Content-Length","Value":"62507"},{"Name":"Content-Type","Value":"text/javascript"},{"Name":"ETag","Value":"\"6e/+F0iKH9EYI9oYGZPmyz5EUMW6FhxLHqR6d9SNHb8=\""},{"Name":"Last-Modified","Value":"Tue, 12 Aug 2025 12:30:55 GMT"},{"Name":"Vary","Value":"Content-Encoding"}],"EndpointProperties":[{"Name":"integrity","Value":"sha256-6e/+F0iKH9EYI9oYGZPmyz5EUMW6FhxLHqR6d9SNHb8="}]},{"Route":"js/msal-browser.min.js.gz","AssetFile":"js/msal-browser.min.js.gz","Selectors":[],"ResponseHeaders":[{"Name":"Accept-Ranges","Value":"bytes"},{"Name":"Cache-Control","Value":"no-cache"},{"Name":"Content-Encoding","Value":"gzip"},{"Name":"Content-Length","Value":"77169"},{"Name":"Content-Type","Value":"text/javascript"},{"Name":"ETag","Value":"\"IbSpVz2NfQjLS/TXnh1/RmaCvVmZ0jSGVIwkV8U5zI8=\""},{"Name":"Last-Modified","Value":"Tue, 12 Aug 2025 12:30:54 GMT"},{"Name":"Vary","Value":"Content-Encoding"}],"EndpointProperties":[{"Name":"integrity","Value":"sha256-IbSpVz2NfQjLS/TXnh1/RmaCvVmZ0jSGVIwkV8U5zI8="}]},{"Route":"js/script.js","AssetFile":"js/script.js.gz","Selectors":[{"Name":"Content-Encoding","Value":"gzip","Quality":"0.000556483027"}],"ResponseHeaders":[{"Name":"Accept-Ranges","Value":"bytes"},{"Name":"Cache-Control","Value":"no-cache"},{"Name":"Content-Encoding","Value":"gzip"},{"Name":"Content-Length","Value":"1796"},{"Name":"Content-Type","Value":"text/javascript"},{"Name":"ETag","Value":"\"JXagovt+P44zmC5lpb0peMMM+L8sPAwEENutGBGjjNk=\""},{"Name":"ETag","Value":"W/\"EU/FVDZG3hv1o2a8+R8Aafa5NepC5jukJuOY35LOJrA=\""},{"Name":"Last-Modified","Value":"Mon, 11 Aug 2025 20:35:24 GMT"},{"Name":"Vary","Value":"Content-Encoding"}],"EndpointProperties":[{"Name":"integrity","Value":"sha256-EU/FVDZG3hv1o2a8+R8Aafa5NepC5jukJuOY35LOJrA="}]},{"Route":"js/script.js","AssetFile":"js/script.js.br","Selectors":[{"Name":"Content-Encoding","Value":"br","Quality":"0.000671591672"}],"ResponseHeaders":[{"Name":"Accept-Ranges","Value":"bytes"},{"Name":"Cache-Control","Value":"no-cache"},{"Name":"Content-Encoding","Value":"br"},{"Name":"Content-Length","Value":"1488"},{"Name":"Content-Type","Value":"text/javascript"},{"Name":"ETag","Value":"\"hvju/vQvy4T/JUGka4YzS8UNmic1QiXiOsbFeiBCWT0=\""},{"Name":"ETag","Value":"W/\"EU/FVDZG3hv1o2a8+R8Aafa5NepC5jukJuOY35LOJrA=\""},{"Name":"Last-Modified","Value":"Mon, 11 Aug 2025 20:35:25 GMT"},{"Name":"Vary","Value":"Content-Encoding"}],"EndpointProperties":[{"Name":"integrity","Value":"sha256-EU/FVDZG3hv1o2a8+R8Aafa5NepC5jukJuOY35LOJrA="}]},{"Route":"js/script.js","AssetFile":"js/script.js","Selectors":[],"ResponseHeaders":[{"Name":"Accept-Ranges","Value":"bytes"},{"Name":"Cache-Control","Value":"no-cache"},{"Name":"Content-Length","Value":"6523"},{"Name":"Content-Type","Value":"text/javascript"},{"Name":"ETag","Value":"\"EU/FVDZG3hv1o2a8+R8Aafa5NepC5jukJuOY35LOJrA=\""},{"Name":"Last-Modified","Value":"Fri, 08 Aug 2025 14:28:18 GMT"}],"EndpointProperties":[{"Name":"integrity","Value":"sha256-EU/FVDZG3hv1o2a8+R8Aafa5NepC5jukJuOY35LOJrA="}]},{"Route":"js/script.js.br","AssetFile":"js/script.js.br","Selectors":[],"ResponseHeaders":[{"Name":"Accept-Ranges","Value":"bytes"},{"Name":"Cache-Control","Value":"no-cache"},{"Name":"Content-Encoding","Value":"br"},{"Name":"Content-Length","Value":"1488"},{"Name":"Content-Type","Value":"text/javascript"},{"Name":"ETag","Value":"\"hvju/vQvy4T/JUGka4YzS8UNmic1QiXiOsbFeiBCWT0=\""},{"Name":"Last-Modified","Value":"Mon, 11 Aug 2025 20:35:25 GMT"},{"Name":"Vary","Value":"Content-Encoding"}],"EndpointProperties":[{"Name":"integrity","Value":"sha256-hvju/vQvy4T/JUGka4YzS8UNmic1QiXiOsbFeiBCWT0="}]},{"Route":"js/script.js.gz","AssetFile":"js/script.js.gz","Selectors":[],"ResponseHeaders":[{"Name":"Accept-Ranges","Value":"bytes"},{"Name":"Cache-Control","Value":"no-cache"},{"Name":"Content-Encoding","Value":"gzip"},{"Name":"Content-Length","Value":"1796"},{"Name":"Content-Type","Value":"text/javascript"},{"Name":"ETag","Value":"\"JXagovt+P44zmC5lpb0peMMM+L8sPAwEENutGBGjjNk=\""},{"Name":"Last-Modified","Value":"Mon, 11 Aug 2025 20:35:24 GMT"},{"Name":"Vary","Value":"Content-Encoding"}],"EndpointProperties":[{"Name":"integrity","Value":"sha256-JXagovt+P44zmC5lpb0peMMM+L8sPAwEENutGBGjjNk="}]},{"Route":"js/script.zvfetz0bk1.js","AssetFile":"js/script.js.gz","Selectors":[{"Name":"Content-Encoding","Value":"gzip","Quality":"0.000556483027"}],"ResponseHeaders":[{"Name":"Accept-Ranges","Value":"bytes"},{"Name":"Cache-Control","Value":"max-age=31536000, immutable"},{"Name":"Content-Encoding","Value":"gzip"},{"Name":"Content-Length","Value":"1796"},{"Name":"Content-Type","Value":"text/javascript"},{"Name":"ETag","Value":"\"JXagovt+P44zmC5lpb0peMMM+L8sPAwEENutGBGjjNk=\""},{"Name":"ETag","Value":"W/\"EU/FVDZG3hv1o2a8+R8Aafa5NepC5jukJuOY35LOJrA=\""},{"Name":"Last-Modified","Value":"Mon, 11 Aug 2025 20:35:24 GMT"},{"Name":"Vary","Value":"Content-Encoding"}],"EndpointProperties":[{"Name":"fingerprint","Value":"zvfetz0bk1"},{"Name":"integrity","Value":"sha256-EU/FVDZG3hv1o2a8+R8Aafa5NepC5jukJuOY35LOJrA="},{"Name":"label","Value":"js/script.js"}]},{"Route":"js/script.zvfetz0bk1.js","AssetFile":"js/script.js.br","Selectors":[{"Name":"Content-Encoding","Value":"br","Quality":"0.000671591672"}],"ResponseHeaders":[{"Name":"Accept-Ranges","Value":"bytes"},{"Name":"Cache-Control","Value":"max-age=31536000, immutable"},{"Name":"Content-Encoding","Value":"br"},{"Name":"Content-Length","Value":"1488"},{"Name":"Content-Type","Value":"text/javascript"},{"Name":"ETag","Value":"\"hvju/vQvy4T/JUGka4YzS8UNmic1QiXiOsbFeiBCWT0=\""},{"Name":"ETag","Value":"W/\"EU/FVDZG3hv1o2a8+R8Aafa5NepC5jukJuOY35LOJrA=\""},{"Name":"Last-Modified","Value":"Mon, 11 Aug 2025 20:35:25 GMT"},{"Name":"Vary","Value":"Content-Encoding"}],"EndpointProperties":[{"Name":"fingerprint","Value":"zvfetz0bk1"},{"Name":"integrity","Value":"sha256-EU/FVDZG3hv1o2a8+R8Aafa5NepC5jukJuOY35LOJrA="},{"Name":"label","Value":"js/script.js"}]},{"Route":"js/script.zvfetz0bk1.js","AssetFile":"js/script.js","Selectors":[],"ResponseHeaders":[{"Name":"Accept-Ranges","Value":"bytes"},{"Name":"Cache-Control","Value":"max-age=31536000, immutable"},{"Name":"Content-Length","Value":"6523"},{"Name":"Content-Type","Value":"text/javascript"},{"Name":"ETag","Value":"\"EU/FVDZG3hv1o2a8+R8Aafa5NepC5jukJuOY35LOJrA=\""},{"Name":"Last-Modified","Value":"Fri, 08 Aug 2025 14:28:18 GMT"}],"EndpointProperties":[{"Name":"fingerprint","Value":"zvfetz0bk1"},{"Name":"integrity","Value":"sha256-EU/FVDZG3hv1o2a8+R8Aafa5NepC5jukJuOY35LOJrA="},{"Name":"label","Value":"js/script.js"}]},{"Route":"js/script.zvfetz0bk1.js.br","AssetFile":"js/script.js.br","Selectors":[],"ResponseHeaders":[{"Name":"Accept-Ranges","Value":"bytes"},{"Name":"Cache-Control","Value":"max-age=31536000, immutable"},{"Name":"Content-Encoding","Value":"br"},{"Name":"Content-Length","Value":"1488"},{"Name":"Content-Type","Value":"text/javascript"},{"Name":"ETag","Value":"\"hvju/vQvy4T/JUGka4YzS8UNmic1QiXiOsbFeiBCWT0=\""},{"Name":"Last-Modified","Value":"Mon, 11 Aug 2025 20:35:25 GMT"},{"Name":"Vary","Value":"Content-Encoding"}],"EndpointProperties":[{"Name":"fingerprint","Value":"zvfetz0bk1"},{"Name":"integrity","Value":"sha256-hvju/vQvy4T/JUGka4YzS8UNmic1QiXiOsbFeiBCWT0="},{"Name":"label","Value":"js/script.js.br"}]},{"Route":"js/script.zvfetz0bk1.js.gz","AssetFile":"js/script.js.gz","Selectors":[],"ResponseHeaders":[{"Name":"Accept-Ranges","Value":"bytes"},{"Name":"Cache-Control","Value":"max-age=31536000, immutable"},{"Name":"Content-Encoding","Value":"gzip"},{"Name":"Content-Length","Value":"1796"},{"Name":"Content-Type","Value":"text/javascript"},{"Name":"ETag","Value":"\"JXagovt+P44zmC5lpb0peMMM+L8sPAwEENutGBGjjNk=\""},{"Name":"Last-Modified","Value":"Mon, 11 Aug 2025 20:35:24 GMT"},{"Name":"Vary","Value":"Content-Encoding"}],"EndpointProperties":[{"Name":"fingerprint","Value":"zvfetz0bk1"},{"Name":"integrity","Value":"sha256-JXagovt+P44zmC5lpb0peMMM+L8sPAwEENutGBGjjNk="},{"Name":"label","Value":"js/script.js.gz"}]},{"Route":"js/ui.js","AssetFile":"js/ui.js.gz","Selectors":[{"Name":"Content-Encoding","Value":"gzip","Quality":"0.000634920635"}],"ResponseHeaders":[{"Name":"Accept-Ranges","Value":"bytes"},{"Name":"Cache-Control","Value":"no-cache"},{"Name":"Content-Encoding","Value":"gzip"},{"Name":"Content-Length","Value":"1574"},{"Name":"Content-Type","Value":"text/javascript"},{"Name":"ETag","Value":"\"tbZXfRNLUIr4YV3QIAM9sMzwgfeA5VcvepD+kAVWVaI=\""},{"Name":"ETag","Value":"W/\"FcQVx8D5QqxuqfQvNxYKVO+doK0BLeG4mn1I+2Jqd2A=\""},{"Name":"Last-Modified","Value":"Mon, 11 Aug 2025 20:35:24 GMT"},{"Name":"Vary","Value":"Content-Encoding"}],"EndpointProperties":[{"Name":"integrity","Value":"sha256-FcQVx8D5QqxuqfQvNxYKVO+doK0BLeG4mn1I+2Jqd2A="}]},{"Route":"js/ui.js","AssetFile":"js/ui.js.br","Selectors":[{"Name":"Content-Encoding","Value":"br","Quality":"0.000775193798"}],"ResponseHeaders":[{"Name":"Accept-Ranges","Value":"bytes"},{"Name":"Cache-Control","Value":"no-cache"},{"Name":"Content-Encoding","Value":"br"},{"Name":"Content-Length","Value":"1289"},{"Name":"Content-Type","Value":"text/javascript"},{"Name":"ETag","Value":"\"8O7c+Y2JYyXslUp9H3jWjBMo7qnAFcbteK26g1UZxfo=\""},{"Name":"ETag","Value":"W/\"FcQVx8D5QqxuqfQvNxYKVO+doK0BLeG4mn1I+2Jqd2A=\""},{"Name":"Last-Modified","Value":"Mon, 11 Aug 2025 20:35:25 GMT"},{"Name":"Vary","Value":"Content-Encoding"}],"EndpointProperties":[{"Name":"integrity","Value":"sha256-FcQVx8D5QqxuqfQvNxYKVO+doK0BLeG4mn1I+2Jqd2A="}]},{"Route":"js/ui.js","AssetFile":"js/ui.js","Selectors":[],"ResponseHeaders":[{"Name":"Accept-Ranges","Value":"bytes"},{"Name":"Cache-Control","Value":"no-cache"},{"Name":"Content-Length","Value":"5095"},{"Name":"Content-Type","Value":"text/javascript"},{"Name":"ETag","Value":"\"FcQVx8D5QqxuqfQvNxYKVO+doK0BLeG4mn1I+2Jqd2A=\""},{"Name":"Last-Modified","Value":"Mon, 14 Jul 2025 18:37:07 GMT"}],"EndpointProperties":[{"Name":"integrity","Value":"sha256-FcQVx8D5QqxuqfQvNxYKVO+doK0BLeG4mn1I+2Jqd2A="}]},{"Route":"js/ui.js.br","AssetFile":"js/ui.js.br","Selectors":[],"ResponseHeaders":[{"Name":"Accept-Ranges","Value":"bytes"},{"Name":"Cache-Control","Value":"no-cache"},{"Name":"Content-Encoding","Value":"br"},{"Name":"Content-Length","Value":"1289"},{"Name":"Content-Type","Value":"text/javascript"},{"Name":"ETag","Value":"\"8O7c+Y2JYyXslUp9H3jWjBMo7qnAFcbteK26g1UZxfo=\""},{"Name":"Last-Modified","Value":"Mon, 11 Aug 2025 20:35:25 GMT"},{"Name":"Vary","Value":"Content-Encoding"}],"EndpointProperties":[{"Name":"integrity","Value":"sha256-8O7c+Y2JYyXslUp9H3jWjBMo7qnAFcbteK26g1UZxfo="}]},{"Route":"js/ui.js.gz","AssetFile":"js/ui.js.gz","Selectors":[],"ResponseHeaders":[{"Name":"Accept-Ranges","Value":"bytes"},{"Name":"Cache-Control","Value":"no-cache"},{"Name":"Content-Encoding","Value":"gzip"},{"Name":"Content-Length","Value":"1574"},{"Name":"Content-Type","Value":"text/javascript"},{"Name":"ETag","Value":"\"tbZXfRNLUIr4YV3QIAM9sMzwgfeA5VcvepD+kAVWVaI=\""},{"Name":"Last-Modified","Value":"Mon, 11 Aug 2025 20:35:24 GMT"},{"Name":"Vary","Value":"Content-Encoding"}],"EndpointProperties":[{"Name":"integrity","Value":"sha256-tbZXfRNLUIr4YV3QIAM9sMzwgfeA5VcvepD+kAVWVaI="}]},{"Route":"js/ui.t6mrjmlr4w.js","AssetFile":"js/ui.js.gz","Selectors":[{"Name":"Content-Encoding","Value":"gzip","Quality":"0.000634920635"}],"ResponseHeaders":[{"Name":"Accept-Ranges","Value":"bytes"},{"Name":"Cache-Control","Value":"max-age=31536000, immutable"},{"Name":"Content-Encoding","Value":"gzip"},{"Name":"Content-Length","Value":"1574"},{"Name":"Content-Type","Value":"text/javascript"},{"Name":"ETag","Value":"\"tbZXfRNLUIr4YV3QIAM9sMzwgfeA5VcvepD+kAVWVaI=\""},{"Name":"ETag","Value":"W/\"FcQVx8D5QqxuqfQvNxYKVO+doK0BLeG4mn1I+2Jqd2A=\""},{"Name":"Last-Modified","Value":"Mon, 11 Aug 2025 20:35:24 GMT"},{"Name":"Vary","Value":"Content-Encoding"}],"EndpointProperties":[{"Name":"fingerprint","Value":"t6mrjmlr4w"},{"Name":"integrity","Value":"sha256-FcQVx8D5QqxuqfQvNxYKVO+doK0BLeG4mn1I+2Jqd2A="},{"Name":"label","Value":"js/ui.js"}]},{"Route":"js/ui.t6mrjmlr4w.js","AssetFile":"js/ui.js.br","Selectors":[{"Name":"Content-Encoding","Value":"br","Quality":"0.000775193798"}],"ResponseHeaders":[{"Name":"Accept-Ranges","Value":"bytes"},{"Name":"Cache-Control","Value":"max-age=31536000, immutable"},{"Name":"Content-Encoding","Value":"br"},{"Name":"Content-Length","Value":"1289"},{"Name":"Content-Type","Value":"text/javascript"},{"Name":"ETag","Value":"\"8O7c+Y2JYyXslUp9H3jWjBMo7qnAFcbteK26g1UZxfo=\""},{"Name":"ETag","Value":"W/\"FcQVx8D5QqxuqfQvNxYKVO+doK0BLeG4mn1I+2Jqd2A=\""},{"Name":"Last-Modified","Value":"Mon, 11 Aug 2025 20:35:25 GMT"},{"Name":"Vary","Value":"Content-Encoding"}],"EndpointProperties":[{"Name":"fingerprint","Value":"t6mrjmlr4w"},{"Name":"integrity","Value":"sha256-FcQVx8D5QqxuqfQvNxYKVO+doK0BLeG4mn1I+2Jqd2A="},{"Name":"label","Value":"js/ui.js"}]},{"Route":"js/ui.t6mrjmlr4w.js","AssetFile":"js/ui.js","Selectors":[],"ResponseHeaders":[{"Name":"Accept-Ranges","Value":"bytes"},{"Name":"Cache-Control","Value":"max-age=31536000, immutable"},{"Name":"Content-Length","Value":"5095"},{"Name":"Content-Type","Value":"text/javascript"},{"Name":"ETag","Value":"\"FcQVx8D5QqxuqfQvNxYKVO+doK0BLeG4mn1I+2Jqd2A=\""},{"Name":"Last-Modified","Value":"Mon, 14 Jul 2025 18:37:07 GMT"}],"EndpointProperties":[{"Name":"fingerprint","Value":"t6mrjmlr4w"},{"Name":"integrity","Value":"sha256-FcQVx8D5QqxuqfQvNxYKVO+doK0BLeG4mn1I+2Jqd2A="},{"Name":"label","Value":"js/ui.js"}]},{"Route":"js/ui.t6mrjmlr4w.js.br","AssetFile":"js/ui.js.br","Selectors":[],"ResponseHeaders":[{"Name":"Accept-Ranges","Value":"bytes"},{"Name":"Cache-Control","Value":"max-age=31536000, immutable"},{"Name":"Content-Encoding","Value":"br"},{"Name":"Content-Length","Value":"1289"},{"Name":"Content-Type","Value":"text/javascript"},{"Name":"ETag","Value":"\"8O7c+Y2JYyXslUp9H3jWjBMo7qnAFcbteK26g1UZxfo=\""},{"Name":"Last-Modified","Value":"Mon, 11 Aug 2025 20:35:25 GMT"},{"Name":"Vary","Value":"Content-Encoding"}],"EndpointProperties":[{"Name":"fingerprint","Value":"t6mrjmlr4w"},{"Name":"integrity","Value":"sha256-8O7c+Y2JYyXslUp9H3jWjBMo7qnAFcbteK26g1UZxfo="},{"Name":"label","Value":"js/ui.js.br"}]},{"Route":"js/ui.t6mrjmlr4w.js.gz","AssetFile":"js/ui.js.gz","Selectors":[],"ResponseHeaders":[{"Name":"Accept-Ranges","Value":"bytes"},{"Name":"Cache-Control","Value":"max-age=31536000, immutable"},{"Name":"Content-Encoding","Value":"gzip"},{"Name":"Content-Length","Value":"1574"},{"Name":"Content-Type","Value":"text/javascript"},{"Name":"ETag","Value":"\"tbZXfRNLUIr4YV3QIAM9sMzwgfeA5VcvepD+kAVWVaI=\""},{"Name":"Last-Modified","Value":"Mon, 11 Aug 2025 20:35:24 GMT"},{"Name":"Vary","Value":"Content-Encoding"}],"EndpointProperties":[{"Name":"fingerprint","Value":"t6mrjmlr4w"},{"Name":"integrity","Value":"sha256-tbZXfRNLUIr4YV3QIAM9sMzwgfeA5VcvepD+kAVWVaI="},{"Name":"label","Value":"js/ui.js.gz"}]}]}