{"Version":1,"ManifestType":"Publish","Endpoints":[{"Route":"css/auth.css","AssetFile":"css/auth.css.gz","Selectors":[{"Name":"Content-Encoding","Value":"gzip","Quality":"0.000948766603"}],"ResponseHeaders":[{"Name":"Accept-Ranges","Value":"bytes"},{"Name":"Cache-Control","Value":"no-cache"},{"Name":"Content-Encoding","Value":"gzip"},{"Name":"Content-Length","Value":"1053"},{"Name":"Content-Type","Value":"text/css"},{"Name":"ETag","Value":"\"tHqzOmv+xIlroHTm9qe9hhqN7pRR2yRMxLtioY8HY2Y=\""},{"Name":"ETag","Value":"W/\"ELFUxJPlPXWhDEYB6iDYlT4YPNBpETXy4Rong2pwZdo=\""},{"Name":"Last-Modified","Value":"Tue, 12 Aug 2025 14:26:03 GMT"},{"Name":"Vary","Value":"Content-Encoding"}],"EndpointProperties":[{"Name":"integrity","Value":"sha256-ELFUxJPlPXWhDEYB6iDYlT4YPNBpETXy4Rong2pwZdo="}]},{"Route":"css/auth.css","AssetFile":"css/auth.css.br","Selectors":[{"Name":"Content-Encoding","Value":"br","Quality":"0.001153402537"}],"ResponseHeaders":[{"Name":"Accept-Ranges","Value":"bytes"},{"Name":"Cache-Control","Value":"no-cache"},{"Name":"Content-Encoding","Value":"br"},{"Name":"Content-Length","Value":"866"},{"Name":"Content-Type","Value":"text/css"},{"Name":"ETag","Value":"\"ur4fZv3oXnGoVXDeVn+VwTfIKc/2we7X0SNNC+z+h6Y=\""},{"Name":"ETag","Value":"W/\"ELFUxJPlPXWhDEYB6iDYlT4YPNBpETXy4Rong2pwZdo=\""},{"Name":"Last-Modified","Value":"Tue, 12 Aug 2025 14:26:04 GMT"},{"Name":"Vary","Value":"Content-Encoding"}],"EndpointProperties":[{"Name":"integrity","Value":"sha256-ELFUxJPlPXWhDEYB6iDYlT4YPNBpETXy4Rong2pwZdo="}]},{"Route":"css/auth.css","AssetFile":"css/auth.css","Selectors":[],"ResponseHeaders":[{"Name":"Accept-Ranges","Value":"bytes"},{"Name":"Cache-Control","Value":"no-cache"},{"Name":"Content-Length","Value":"3688"},{"Name":"Content-Type","Value":"text/css"},{"Name":"ETag","Value":"\"ELFUxJPlPXWhDEYB6iDYlT4YPNBpETXy4Rong2pwZdo=\""},{"Name":"Last-Modified","Value":"Tue, 12 Aug 2025 14:24:55 GMT"}],"EndpointProperties":[{"Name":"integrity","Value":"sha256-ELFUxJPlPXWhDEYB6iDYlT4YPNBpETXy4Rong2pwZdo="}]},{"Route":"css/auth.css.br","AssetFile":"css/auth.css.br","Selectors":[],"ResponseHeaders":[{"Name":"Accept-Ranges","Value":"bytes"},{"Name":"Cache-Control","Value":"no-cache"},{"Name":"Content-Encoding","Value":"br"},{"Name":"Content-Length","Value":"866"},{"Name":"Content-Type","Value":"text/css"},{"Name":"ETag","Value":"\"ur4fZv3oXnGoVXDeVn+VwTfIKc/2we7X0SNNC+z+h6Y=\""},{"Name":"Last-Modified","Value":"Tue, 12 Aug 2025 14:26:04 GMT"},{"Name":"Vary","Value":"Content-Encoding"}],"EndpointProperties":[{"Name":"integrity","Value":"sha256-ur4fZv3oXnGoVXDeVn+VwTfIKc/2we7X0SNNC+z+h6Y="}]},{"Route":"css/auth.css.gz","AssetFile":"css/auth.css.gz","Selectors":[],"ResponseHeaders":[{"Name":"Accept-Ranges","Value":"bytes"},{"Name":"Cache-Control","Value":"no-cache"},{"Name":"Content-Encoding","Value":"gzip"},{"Name":"Content-Length","Value":"1053"},{"Name":"Content-Type","Value":"text/css"},{"Name":"ETag","Value":"\"tHqzOmv+xIlroHTm9qe9hhqN7pRR2yRMxLtioY8HY2Y=\""},{"Name":"Last-Modified","Value":"Tue, 12 Aug 2025 14:26:03 GMT"},{"Name":"Vary","Value":"Content-Encoding"}],"EndpointProperties":[{"Name":"integrity","Value":"sha256-tHqzOmv+xIlroHTm9qe9hhqN7pRR2yRMxLtioY8HY2Y="}]},{"Route":"css/auth.sxnzji3pqc.css","AssetFile":"css/auth.css.gz","Selectors":[{"Name":"Content-Encoding","Value":"gzip","Quality":"0.000948766603"}],"ResponseHeaders":[{"Name":"Accept-Ranges","Value":"bytes"},{"Name":"Cache-Control","Value":"max-age=31536000, immutable"},{"Name":"Content-Encoding","Value":"gzip"},{"Name":"Content-Length","Value":"1053"},{"Name":"Content-Type","Value":"text/css"},{"Name":"ETag","Value":"\"tHqzOmv+xIlroHTm9qe9hhqN7pRR2yRMxLtioY8HY2Y=\""},{"Name":"ETag","Value":"W/\"ELFUxJPlPXWhDEYB6iDYlT4YPNBpETXy4Rong2pwZdo=\""},{"Name":"Last-Modified","Value":"Tue, 12 Aug 2025 14:26:03 GMT"},{"Name":"Vary","Value":"Content-Encoding"}],"EndpointProperties":[{"Name":"fingerprint","Value":"sxnzji3pqc"},{"Name":"integrity","Value":"sha256-ELFUxJPlPXWhDEYB6iDYlT4YPNBpETXy4Rong2pwZdo="},{"Name":"label","Value":"css/auth.css"}]},{"Route":"css/auth.sxnzji3pqc.css","AssetFile":"css/auth.css.br","Selectors":[{"Name":"Content-Encoding","Value":"br","Quality":"0.001153402537"}],"ResponseHeaders":[{"Name":"Accept-Ranges","Value":"bytes"},{"Name":"Cache-Control","Value":"max-age=31536000, immutable"},{"Name":"Content-Encoding","Value":"br"},{"Name":"Content-Length","Value":"866"},{"Name":"Content-Type","Value":"text/css"},{"Name":"ETag","Value":"\"ur4fZv3oXnGoVXDeVn+VwTfIKc/2we7X0SNNC+z+h6Y=\""},{"Name":"ETag","Value":"W/\"ELFUxJPlPXWhDEYB6iDYlT4YPNBpETXy4Rong2pwZdo=\""},{"Name":"Last-Modified","Value":"Tue, 12 Aug 2025 14:26:04 GMT"},{"Name":"Vary","Value":"Content-Encoding"}],"EndpointProperties":[{"Name":"fingerprint","Value":"sxnzji3pqc"},{"Name":"integrity","Value":"sha256-ELFUxJPlPXWhDEYB6iDYlT4YPNBpETXy4Rong2pwZdo="},{"Name":"label","Value":"css/auth.css"}]},{"Route":"css/auth.sxnzji3pqc.css","AssetFile":"css/auth.css","Selectors":[],"ResponseHeaders":[{"Name":"Accept-Ranges","Value":"bytes"},{"Name":"Cache-Control","Value":"max-age=31536000, immutable"},{"Name":"Content-Length","Value":"3688"},{"Name":"Content-Type","Value":"text/css"},{"Name":"ETag","Value":"\"ELFUxJPlPXWhDEYB6iDYlT4YPNBpETXy4Rong2pwZdo=\""},{"Name":"Last-Modified","Value":"Tue, 12 Aug 2025 14:24:55 GMT"}],"EndpointProperties":[{"Name":"fingerprint","Value":"sxnzji3pqc"},{"Name":"integrity","Value":"sha256-ELFUxJPlPXWhDEYB6iDYlT4YPNBpETXy4Rong2pwZdo="},{"Name":"label","Value":"css/auth.css"}]},{"Route":"css/auth.sxnzji3pqc.css.br","AssetFile":"css/auth.css.br","Selectors":[],"ResponseHeaders":[{"Name":"Accept-Ranges","Value":"bytes"},{"Name":"Cache-Control","Value":"max-age=31536000, immutable"},{"Name":"Content-Encoding","Value":"br"},{"Name":"Content-Length","Value":"866"},{"Name":"Content-Type","Value":"text/css"},{"Name":"ETag","Value":"\"ur4fZv3oXnGoVXDeVn+VwTfIKc/2we7X0SNNC+z+h6Y=\""},{"Name":"Last-Modified","Value":"Tue, 12 Aug 2025 14:26:04 GMT"},{"Name":"Vary","Value":"Content-Encoding"}],"EndpointProperties":[{"Name":"fingerprint","Value":"sxnzji3pqc"},{"Name":"integrity","Value":"sha256-ur4fZv3oXnGoVXDeVn+VwTfIKc/2we7X0SNNC+z+h6Y="},{"Name":"label","Value":"css/auth.css.br"}]},{"Route":"css/auth.sxnzji3pqc.css.gz","AssetFile":"css/auth.css.gz","Selectors":[],"ResponseHeaders":[{"Name":"Accept-Ranges","Value":"bytes"},{"Name":"Cache-Control","Value":"max-age=31536000, immutable"},{"Name":"Content-Encoding","Value":"gzip"},{"Name":"Content-Length","Value":"1053"},{"Name":"Content-Type","Value":"text/css"},{"Name":"ETag","Value":"\"tHqzOmv+xIlroHTm9qe9hhqN7pRR2yRMxLtioY8HY2Y=\""},{"Name":"Last-Modified","Value":"Tue, 12 Aug 2025 14:26:03 GMT"},{"Name":"Vary","Value":"Content-Encoding"}],"EndpointProperties":[{"Name":"fingerprint","Value":"sxnzji3pqc"},{"Name":"integrity","Value":"sha256-tHqzOmv+xIlroHTm9qe9hhqN7pRR2yRMxLtioY8HY2Y="},{"Name":"label","Value":"css/auth.css.gz"}]},{"Route":"css/chat-enhancements.css","AssetFile":"css/chat-enhancements.css.gz","Selectors":[{"Name":"Content-Encoding","Value":"gzip","Quality":"0.000696864111"}],"ResponseHeaders":[{"Name":"Accept-Ranges","Value":"bytes"},{"Name":"Cache-Control","Value":"no-cache"},{"Name":"Content-Encoding","Value":"gzip"},{"Name":"Content-Length","Value":"1434"},{"Name":"Content-Type","Value":"text/css"},{"Name":"ETag","Value":"\"156BYjPewxj8tWSZDMRBZB6346g6T6ZtIo9D2FHBCVI=\""},{"Name":"ETag","Value":"W/\"sBxwxb3tJDWv3ORnqQIr+l6NK3zTTE4TRlT2XggeluM=\""},{"Name":"Last-Modified","Value":"Sun, 17 Aug 2025 15:15:18 GMT"},{"Name":"Vary","Value":"Content-Encoding"}],"EndpointProperties":[{"Name":"integrity","Value":"sha256-sBxwxb3tJDWv3ORnqQIr+l6NK3zTTE4TRlT2XggeluM="}]},{"Route":"css/chat-enhancements.css","AssetFile":"css/chat-enhancements.css.br","Selectors":[{"Name":"Content-Encoding","Value":"br","Quality":"0.000831255195"}],"ResponseHeaders":[{"Name":"Accept-Ranges","Value":"bytes"},{"Name":"Cache-Control","Value":"no-cache"},{"Name":"Content-Encoding","Value":"br"},{"Name":"Content-Length","Value":"1202"},{"Name":"Content-Type","Value":"text/css"},{"Name":"ETag","Value":"\"pl3spUIUnUSR673owuVKmpGJj5jLnjuUtRKgshZ6uOs=\""},{"Name":"ETag","Value":"W/\"sBxwxb3tJDWv3ORnqQIr+l6NK3zTTE4TRlT2XggeluM=\""},{"Name":"Last-Modified","Value":"Sun, 17 Aug 2025 15:15:19 GMT"},{"Name":"Vary","Value":"Content-Encoding"}],"EndpointProperties":[{"Name":"integrity","Value":"sha256-sBxwxb3tJDWv3ORnqQIr+l6NK3zTTE4TRlT2XggeluM="}]},{"Route":"css/chat-enhancements.css","AssetFile":"css/chat-enhancements.css","Selectors":[],"ResponseHeaders":[{"Name":"Accept-Ranges","Value":"bytes"},{"Name":"Cache-Control","Value":"no-cache"},{"Name":"Content-Length","Value":"4901"},{"Name":"Content-Type","Value":"text/css"},{"Name":"ETag","Value":"\"sBxwxb3tJDWv3ORnqQIr+l6NK3zTTE4TRlT2XggeluM=\""},{"Name":"Last-Modified","Value":"Sun, 17 Aug 2025 15:14:50 GMT"}],"EndpointProperties":[{"Name":"integrity","Value":"sha256-sBxwxb3tJDWv3ORnqQIr+l6NK3zTTE4TRlT2XggeluM="}]},{"Route":"css/chat-enhancements.css.br","AssetFile":"css/chat-enhancements.css.br","Selectors":[],"ResponseHeaders":[{"Name":"Accept-Ranges","Value":"bytes"},{"Name":"Cache-Control","Value":"no-cache"},{"Name":"Content-Encoding","Value":"br"},{"Name":"Content-Length","Value":"1202"},{"Name":"Content-Type","Value":"text/css"},{"Name":"ETag","Value":"\"pl3spUIUnUSR673owuVKmpGJj5jLnjuUtRKgshZ6uOs=\""},{"Name":"Last-Modified","Value":"Sun, 17 Aug 2025 15:15:19 GMT"},{"Name":"Vary","Value":"Content-Encoding"}],"EndpointProperties":[{"Name":"integrity","Value":"sha256-pl3spUIUnUSR673owuVKmpGJj5jLnjuUtRKgshZ6uOs="}]},{"Route":"css/chat-enhancements.css.gz","AssetFile":"css/chat-enhancements.css.gz","Selectors":[],"ResponseHeaders":[{"Name":"Accept-Ranges","Value":"bytes"},{"Name":"Cache-Control","Value":"no-cache"},{"Name":"Content-Encoding","Value":"gzip"},{"Name":"Content-Length","Value":"1434"},{"Name":"Content-Type","Value":"text/css"},{"Name":"ETag","Value":"\"156BYjPewxj8tWSZDMRBZB6346g6T6ZtIo9D2FHBCVI=\""},{"Name":"Last-Modified","Value":"Sun, 17 Aug 2025 15:15:18 GMT"},{"Name":"Vary","Value":"Content-Encoding"}],"EndpointProperties":[{"Name":"integrity","Value":"sha256-156BYjPewxj8tWSZDMRBZB6346g6T6ZtIo9D2FHBCVI="}]},{"Route":"css/chat-enhancements.sdy9le2q16.css","AssetFile":"css/chat-enhancements.css.gz","Selectors":[{"Name":"Content-Encoding","Value":"gzip","Quality":"0.000696864111"}],"ResponseHeaders":[{"Name":"Accept-Ranges","Value":"bytes"},{"Name":"Cache-Control","Value":"max-age=31536000, immutable"},{"Name":"Content-Encoding","Value":"gzip"},{"Name":"Content-Length","Value":"1434"},{"Name":"Content-Type","Value":"text/css"},{"Name":"ETag","Value":"\"156BYjPewxj8tWSZDMRBZB6346g6T6ZtIo9D2FHBCVI=\""},{"Name":"ETag","Value":"W/\"sBxwxb3tJDWv3ORnqQIr+l6NK3zTTE4TRlT2XggeluM=\""},{"Name":"Last-Modified","Value":"Sun, 17 Aug 2025 15:15:18 GMT"},{"Name":"Vary","Value":"Content-Encoding"}],"EndpointProperties":[{"Name":"fingerprint","Value":"sdy9le2q16"},{"Name":"integrity","Value":"sha256-sBxwxb3tJDWv3ORnqQIr+l6NK3zTTE4TRlT2XggeluM="},{"Name":"label","Value":"css/chat-enhancements.css"}]},{"Route":"css/chat-enhancements.sdy9le2q16.css","AssetFile":"css/chat-enhancements.css.br","Selectors":[{"Name":"Content-Encoding","Value":"br","Quality":"0.000831255195"}],"ResponseHeaders":[{"Name":"Accept-Ranges","Value":"bytes"},{"Name":"Cache-Control","Value":"max-age=31536000, immutable"},{"Name":"Content-Encoding","Value":"br"},{"Name":"Content-Length","Value":"1202"},{"Name":"Content-Type","Value":"text/css"},{"Name":"ETag","Value":"\"pl3spUIUnUSR673owuVKmpGJj5jLnjuUtRKgshZ6uOs=\""},{"Name":"ETag","Value":"W/\"sBxwxb3tJDWv3ORnqQIr+l6NK3zTTE4TRlT2XggeluM=\""},{"Name":"Last-Modified","Value":"Sun, 17 Aug 2025 15:15:19 GMT"},{"Name":"Vary","Value":"Content-Encoding"}],"EndpointProperties":[{"Name":"fingerprint","Value":"sdy9le2q16"},{"Name":"integrity","Value":"sha256-sBxwxb3tJDWv3ORnqQIr+l6NK3zTTE4TRlT2XggeluM="},{"Name":"label","Value":"css/chat-enhancements.css"}]},{"Route":"css/chat-enhancements.sdy9le2q16.css","AssetFile":"css/chat-enhancements.css","Selectors":[],"ResponseHeaders":[{"Name":"Accept-Ranges","Value":"bytes"},{"Name":"Cache-Control","Value":"max-age=31536000, immutable"},{"Name":"Content-Length","Value":"4901"},{"Name":"Content-Type","Value":"text/css"},{"Name":"ETag","Value":"\"sBxwxb3tJDWv3ORnqQIr+l6NK3zTTE4TRlT2XggeluM=\""},{"Name":"Last-Modified","Value":"Sun, 17 Aug 2025 15:14:50 GMT"}],"EndpointProperties":[{"Name":"fingerprint","Value":"sdy9le2q16"},{"Name":"integrity","Value":"sha256-sBxwxb3tJDWv3ORnqQIr+l6NK3zTTE4TRlT2XggeluM="},{"Name":"label","Value":"css/chat-enhancements.css"}]},{"Route":"css/chat-enhancements.sdy9le2q16.css.br","AssetFile":"css/chat-enhancements.css.br","Selectors":[],"ResponseHeaders":[{"Name":"Accept-Ranges","Value":"bytes"},{"Name":"Cache-Control","Value":"max-age=31536000, immutable"},{"Name":"Content-Encoding","Value":"br"},{"Name":"Content-Length","Value":"1202"},{"Name":"Content-Type","Value":"text/css"},{"Name":"ETag","Value":"\"pl3spUIUnUSR673owuVKmpGJj5jLnjuUtRKgshZ6uOs=\""},{"Name":"Last-Modified","Value":"Sun, 17 Aug 2025 15:15:19 GMT"},{"Name":"Vary","Value":"Content-Encoding"}],"EndpointProperties":[{"Name":"fingerprint","Value":"sdy9le2q16"},{"Name":"integrity","Value":"sha256-pl3spUIUnUSR673owuVKmpGJj5jLnjuUtRKgshZ6uOs="},{"Name":"label","Value":"css/chat-enhancements.css.br"}]},{"Route":"css/chat-enhancements.sdy9le2q16.css.gz","AssetFile":"css/chat-enhancements.css.gz","Selectors":[],"ResponseHeaders":[{"Name":"Accept-Ranges","Value":"bytes"},{"Name":"Cache-Control","Value":"max-age=31536000, immutable"},{"Name":"Content-Encoding","Value":"gzip"},{"Name":"Content-Length","Value":"1434"},{"Name":"Content-Type","Value":"text/css"},{"Name":"ETag","Value":"\"156BYjPewxj8tWSZDMRBZB6346g6T6ZtIo9D2FHBCVI=\""},{"Name":"Last-Modified","Value":"Sun, 17 Aug 2025 15:15:18 GMT"},{"Name":"Vary","Value":"Content-Encoding"}],"EndpointProperties":[{"Name":"fingerprint","Value":"sdy9le2q16"},{"Name":"integrity","Value":"sha256-156BYjPewxj8tWSZDMRBZB6346g6T6ZtIo9D2FHBCVI="},{"Name":"label","Value":"css/chat-enhancements.css.gz"}]},{"Route":"css/file-upload-indicator.css","AssetFile":"css/file-upload-indicator.css.br","Selectors":[{"Name":"Content-Encoding","Value":"br","Quality":"0.001293661061"}],"ResponseHeaders":[{"Name":"Accept-Ranges","Value":"bytes"},{"Name":"Cache-Control","Value":"no-cache"},{"Name":"Content-Encoding","Value":"br"},{"Name":"Content-Length","Value":"772"},{"Name":"Content-Type","Value":"text/css"},{"Name":"ETag","Value":"\"m/4zM+jBeiV3t5jILW7IOM4MQcLTwBa3WGJ/hQNMjTU=\""},{"Name":"ETag","Value":"W/\"Jn0+tTu568rDrXC9pgL/b170RdJaxQHNsrLtmx0u3nA=\""},{"Name":"Last-Modified","Value":"Sun, 17 Aug 2025 15:15:19 GMT"},{"Name":"Vary","Value":"Content-Encoding"}],"EndpointProperties":[{"Name":"integrity","Value":"sha256-Jn0+tTu568rDrXC9pgL/b170RdJaxQHNsrLtmx0u3nA="}]},{"Route":"css/file-upload-indicator.css","AssetFile":"css/file-upload-indicator.css.gz","Selectors":[{"Name":"Content-Encoding","Value":"gzip","Quality":"0.001072961373"}],"ResponseHeaders":[{"Name":"Accept-Ranges","Value":"bytes"},{"Name":"Cache-Control","Value":"no-cache"},{"Name":"Content-Encoding","Value":"gzip"},{"Name":"Content-Length","Value":"931"},{"Name":"Content-Type","Value":"text/css"},{"Name":"ETag","Value":"\"mYf1rcWmiEhQtm6i3MGmct78h5QWTT04Rn+drobJ76Q=\""},{"Name":"ETag","Value":"W/\"Jn0+tTu568rDrXC9pgL/b170RdJaxQHNsrLtmx0u3nA=\""},{"Name":"Last-Modified","Value":"Sun, 17 Aug 2025 15:15:18 GMT"},{"Name":"Vary","Value":"Content-Encoding"}],"EndpointProperties":[{"Name":"integrity","Value":"sha256-Jn0+tTu568rDrXC9pgL/b170RdJaxQHNsrLtmx0u3nA="}]},{"Route":"css/file-upload-indicator.css","AssetFile":"css/file-upload-indicator.css","Selectors":[],"ResponseHeaders":[{"Name":"Accept-Ranges","Value":"bytes"},{"Name":"Cache-Control","Value":"no-cache"},{"Name":"Content-Length","Value":"2666"},{"Name":"Content-Type","Value":"text/css"},{"Name":"ETag","Value":"\"Jn0+tTu568rDrXC9pgL/b170RdJaxQHNsrLtmx0u3nA=\""},{"Name":"Last-Modified","Value":"Sun, 17 Aug 2025 15:14:58 GMT"}],"EndpointProperties":[{"Name":"integrity","Value":"sha256-Jn0+tTu568rDrXC9pgL/b170RdJaxQHNsrLtmx0u3nA="}]},{"Route":"css/file-upload-indicator.css.br","AssetFile":"css/file-upload-indicator.css.br","Selectors":[],"ResponseHeaders":[{"Name":"Accept-Ranges","Value":"bytes"},{"Name":"Cache-Control","Value":"no-cache"},{"Name":"Content-Encoding","Value":"br"},{"Name":"Content-Length","Value":"772"},{"Name":"Content-Type","Value":"text/css"},{"Name":"ETag","Value":"\"m/4zM+jBeiV3t5jILW7IOM4MQcLTwBa3WGJ/hQNMjTU=\""},{"Name":"Last-Modified","Value":"Sun, 17 Aug 2025 15:15:19 GMT"},{"Name":"Vary","Value":"Content-Encoding"}],"EndpointProperties":[{"Name":"integrity","Value":"sha256-m/4zM+jBeiV3t5jILW7IOM4MQcLTwBa3WGJ/hQNMjTU="}]},{"Route":"css/file-upload-indicator.css.gz","AssetFile":"css/file-upload-indicator.css.gz","Selectors":[],"ResponseHeaders":[{"Name":"Accept-Ranges","Value":"bytes"},{"Name":"Cache-Control","Value":"no-cache"},{"Name":"Content-Encoding","Value":"gzip"},{"Name":"Content-Length","Value":"931"},{"Name":"Content-Type","Value":"text/css"},{"Name":"ETag","Value":"\"mYf1rcWmiEhQtm6i3MGmct78h5QWTT04Rn+drobJ76Q=\""},{"Name":"Last-Modified","Value":"Sun, 17 Aug 2025 15:15:18 GMT"},{"Name":"Vary","Value":"Content-Encoding"}],"EndpointProperties":[{"Name":"integrity","Value":"sha256-mYf1rcWmiEhQtm6i3MGmct78h5QWTT04Rn+drobJ76Q="}]},{"Route":"css/file-upload-indicator.ubnj68iyth.css","AssetFile":"css/file-upload-indicator.css.br","Selectors":[{"Name":"Content-Encoding","Value":"br","Quality":"0.001293661061"}],"ResponseHeaders":[{"Name":"Accept-Ranges","Value":"bytes"},{"Name":"Cache-Control","Value":"max-age=31536000, immutable"},{"Name":"Content-Encoding","Value":"br"},{"Name":"Content-Length","Value":"772"},{"Name":"Content-Type","Value":"text/css"},{"Name":"ETag","Value":"\"m/4zM+jBeiV3t5jILW7IOM4MQcLTwBa3WGJ/hQNMjTU=\""},{"Name":"ETag","Value":"W/\"Jn0+tTu568rDrXC9pgL/b170RdJaxQHNsrLtmx0u3nA=\""},{"Name":"Last-Modified","Value":"Sun, 17 Aug 2025 15:15:19 GMT"},{"Name":"Vary","Value":"Content-Encoding"}],"EndpointProperties":[{"Name":"fingerprint","Value":"ubnj68iyth"},{"Name":"integrity","Value":"sha256-Jn0+tTu568rDrXC9pgL/b170RdJaxQHNsrLtmx0u3nA="},{"Name":"label","Value":"css/file-upload-indicator.css"}]},{"Route":"css/file-upload-indicator.ubnj68iyth.css","AssetFile":"css/file-upload-indicator.css.gz","Selectors":[{"Name":"Content-Encoding","Value":"gzip","Quality":"0.001072961373"}],"ResponseHeaders":[{"Name":"Accept-Ranges","Value":"bytes"},{"Name":"Cache-Control","Value":"max-age=31536000, immutable"},{"Name":"Content-Encoding","Value":"gzip"},{"Name":"Content-Length","Value":"931"},{"Name":"Content-Type","Value":"text/css"},{"Name":"ETag","Value":"\"mYf1rcWmiEhQtm6i3MGmct78h5QWTT04Rn+drobJ76Q=\""},{"Name":"ETag","Value":"W/\"Jn0+tTu568rDrXC9pgL/b170RdJaxQHNsrLtmx0u3nA=\""},{"Name":"Last-Modified","Value":"Sun, 17 Aug 2025 15:15:18 GMT"},{"Name":"Vary","Value":"Content-Encoding"}],"EndpointProperties":[{"Name":"fingerprint","Value":"ubnj68iyth"},{"Name":"integrity","Value":"sha256-Jn0+tTu568rDrXC9pgL/b170RdJaxQHNsrLtmx0u3nA="},{"Name":"label","Value":"css/file-upload-indicator.css"}]},{"Route":"css/file-upload-indicator.ubnj68iyth.css","AssetFile":"css/file-upload-indicator.css","Selectors":[],"ResponseHeaders":[{"Name":"Accept-Ranges","Value":"bytes"},{"Name":"Cache-Control","Value":"max-age=31536000, immutable"},{"Name":"Content-Length","Value":"2666"},{"Name":"Content-Type","Value":"text/css"},{"Name":"ETag","Value":"\"Jn0+tTu568rDrXC9pgL/b170RdJaxQHNsrLtmx0u3nA=\""},{"Name":"Last-Modified","Value":"Sun, 17 Aug 2025 15:14:58 GMT"}],"EndpointProperties":[{"Name":"fingerprint","Value":"ubnj68iyth"},{"Name":"integrity","Value":"sha256-Jn0+tTu568rDrXC9pgL/b170RdJaxQHNsrLtmx0u3nA="},{"Name":"label","Value":"css/file-upload-indicator.css"}]},{"Route":"css/file-upload-indicator.ubnj68iyth.css.br","AssetFile":"css/file-upload-indicator.css.br","Selectors":[],"ResponseHeaders":[{"Name":"Accept-Ranges","Value":"bytes"},{"Name":"Cache-Control","Value":"max-age=31536000, immutable"},{"Name":"Content-Encoding","Value":"br"},{"Name":"Content-Length","Value":"772"},{"Name":"Content-Type","Value":"text/css"},{"Name":"ETag","Value":"\"m/4zM+jBeiV3t5jILW7IOM4MQcLTwBa3WGJ/hQNMjTU=\""},{"Name":"Last-Modified","Value":"Sun, 17 Aug 2025 15:15:19 GMT"},{"Name":"Vary","Value":"Content-Encoding"}],"EndpointProperties":[{"Name":"fingerprint","Value":"ubnj68iyth"},{"Name":"integrity","Value":"sha256-m/4zM+jBeiV3t5jILW7IOM4MQcLTwBa3WGJ/hQNMjTU="},{"Name":"label","Value":"css/file-upload-indicator.css.br"}]},{"Route":"css/file-upload-indicator.ubnj68iyth.css.gz","AssetFile":"css/file-upload-indicator.css.gz","Selectors":[],"ResponseHeaders":[{"Name":"Accept-Ranges","Value":"bytes"},{"Name":"Cache-Control","Value":"max-age=31536000, immutable"},{"Name":"Content-Encoding","Value":"gzip"},{"Name":"Content-Length","Value":"931"},{"Name":"Content-Type","Value":"text/css"},{"Name":"ETag","Value":"\"mYf1rcWmiEhQtm6i3MGmct78h5QWTT04Rn+drobJ76Q=\""},{"Name":"Last-Modified","Value":"Sun, 17 Aug 2025 15:15:18 GMT"},{"Name":"Vary","Value":"Content-Encoding"}],"EndpointProperties":[{"Name":"fingerprint","Value":"ubnj68iyth"},{"Name":"integrity","Value":"sha256-mYf1rcWmiEhQtm6i3MGmct78h5QWTT04Rn+drobJ76Q="},{"Name":"label","Value":"css/file-upload-indicator.css.gz"}]},{"Route":"css/styles.css","AssetFile":"css/styles.css.gz","Selectors":[{"Name":"Content-Encoding","Value":"gzip","Quality":"0.000433839479"}],"ResponseHeaders":[{"Name":"Accept-Ranges","Value":"bytes"},{"Name":"Cache-Control","Value":"no-cache"},{"Name":"Content-Encoding","Value":"gzip"},{"Name":"Content-Length","Value":"2304"},{"Name":"Content-Type","Value":"text/css"},{"Name":"ETag","Value":"\"G3qbfyxESuKilZjdbgjqM6UeWhiXfuo0M0gkvHA3i2Q=\""},{"Name":"ETag","Value":"W/\"k/+Y1M4idxnCYU+S2amyqs50GPseGdgFr6PdHsrBs4k=\""},{"Name":"Last-Modified","Value":"Sun, 17 Aug 2025 15:53:29 GMT"},{"Name":"Vary","Value":"Content-Encoding"}],"EndpointProperties":[{"Name":"integrity","Value":"sha256-k/+Y1M4idxnCYU+S2amyqs50GPseGdgFr6PdHsrBs4k="}]},{"Route":"css/styles.css","AssetFile":"css/styles.css.br","Selectors":[{"Name":"Content-Encoding","Value":"br","Quality":"0.000517063082"}],"ResponseHeaders":[{"Name":"Accept-Ranges","Value":"bytes"},{"Name":"Cache-Control","Value":"no-cache"},{"Name":"Content-Encoding","Value":"br"},{"Name":"Content-Length","Value":"1933"},{"Name":"Content-Type","Value":"text/css"},{"Name":"ETag","Value":"\"hVpMtsPHQ6KK/B1CDnVDuNMM7RkJyC6o0OYVSbuCC6c=\""},{"Name":"ETag","Value":"W/\"k/+Y1M4idxnCYU+S2amyqs50GPseGdgFr6PdHsrBs4k=\""},{"Name":"Last-Modified","Value":"Sun, 17 Aug 2025 15:53:29 GMT"},{"Name":"Vary","Value":"Content-Encoding"}],"EndpointProperties":[{"Name":"integrity","Value":"sha256-k/+Y1M4idxnCYU+S2amyqs50GPseGdgFr6PdHsrBs4k="}]},{"Route":"css/styles.css","AssetFile":"css/styles.css","Selectors":[],"ResponseHeaders":[{"Name":"Accept-Ranges","Value":"bytes"},{"Name":"Cache-Control","Value":"no-cache"},{"Name":"Content-Length","Value":"9180"},{"Name":"Content-Type","Value":"text/css"},{"Name":"ETag","Value":"\"k/+Y1M4idxnCYU+S2amyqs50GPseGdgFr6PdHsrBs4k=\""},{"Name":"Last-Modified","Value":"Sun, 17 Aug 2025 15:53:20 GMT"}],"EndpointProperties":[{"Name":"integrity","Value":"sha256-k/+Y1M4idxnCYU+S2amyqs50GPseGdgFr6PdHsrBs4k="}]},{"Route":"css/styles.css.br","AssetFile":"css/styles.css.br","Selectors":[],"ResponseHeaders":[{"Name":"Accept-Ranges","Value":"bytes"},{"Name":"Cache-Control","Value":"no-cache"},{"Name":"Content-Encoding","Value":"br"},{"Name":"Content-Length","Value":"1933"},{"Name":"Content-Type","Value":"text/css"},{"Name":"ETag","Value":"\"hVpMtsPHQ6KK/B1CDnVDuNMM7RkJyC6o0OYVSbuCC6c=\""},{"Name":"Last-Modified","Value":"Sun, 17 Aug 2025 15:53:29 GMT"},{"Name":"Vary","Value":"Content-Encoding"}],"EndpointProperties":[{"Name":"integrity","Value":"sha256-hVpMtsPHQ6KK/B1CDnVDuNMM7RkJyC6o0OYVSbuCC6c="}]},{"Route":"css/styles.css.gz","AssetFile":"css/styles.css.gz","Selectors":[],"ResponseHeaders":[{"Name":"Accept-Ranges","Value":"bytes"},{"Name":"Cache-Control","Value":"no-cache"},{"Name":"Content-Encoding","Value":"gzip"},{"Name":"Content-Length","Value":"2304"},{"Name":"Content-Type","Value":"text/css"},{"Name":"ETag","Value":"\"G3qbfyxESuKilZjdbgjqM6UeWhiXfuo0M0gkvHA3i2Q=\""},{"Name":"Last-Modified","Value":"Sun, 17 Aug 2025 15:53:29 GMT"},{"Name":"Vary","Value":"Content-Encoding"}],"EndpointProperties":[{"Name":"integrity","Value":"sha256-G3qbfyxESuKilZjdbgjqM6UeWhiXfuo0M0gkvHA3i2Q="}]},{"Route":"css/styles.dsns1ifyv9.css","AssetFile":"css/styles.css.gz","Selectors":[{"Name":"Content-Encoding","Value":"gzip","Quality":"0.000433839479"}],"ResponseHeaders":[{"Name":"Accept-Ranges","Value":"bytes"},{"Name":"Cache-Control","Value":"max-age=31536000, immutable"},{"Name":"Content-Encoding","Value":"gzip"},{"Name":"Content-Length","Value":"2304"},{"Name":"Content-Type","Value":"text/css"},{"Name":"ETag","Value":"\"G3qbfyxESuKilZjdbgjqM6UeWhiXfuo0M0gkvHA3i2Q=\""},{"Name":"ETag","Value":"W/\"k/+Y1M4idxnCYU+S2amyqs50GPseGdgFr6PdHsrBs4k=\""},{"Name":"Last-Modified","Value":"Sun, 17 Aug 2025 15:53:29 GMT"},{"Name":"Vary","Value":"Content-Encoding"}],"EndpointProperties":[{"Name":"fingerprint","Value":"dsns1ifyv9"},{"Name":"integrity","Value":"sha256-k/+Y1M4idxnCYU+S2amyqs50GPseGdgFr6PdHsrBs4k="},{"Name":"label","Value":"css/styles.css"}]},{"Route":"css/styles.dsns1ifyv9.css","AssetFile":"css/styles.css.br","Selectors":[{"Name":"Content-Encoding","Value":"br","Quality":"0.000517063082"}],"ResponseHeaders":[{"Name":"Accept-Ranges","Value":"bytes"},{"Name":"Cache-Control","Value":"max-age=31536000, immutable"},{"Name":"Content-Encoding","Value":"br"},{"Name":"Content-Length","Value":"1933"},{"Name":"Content-Type","Value":"text/css"},{"Name":"ETag","Value":"\"hVpMtsPHQ6KK/B1CDnVDuNMM7RkJyC6o0OYVSbuCC6c=\""},{"Name":"ETag","Value":"W/\"k/+Y1M4idxnCYU+S2amyqs50GPseGdgFr6PdHsrBs4k=\""},{"Name":"Last-Modified","Value":"Sun, 17 Aug 2025 15:53:29 GMT"},{"Name":"Vary","Value":"Content-Encoding"}],"EndpointProperties":[{"Name":"fingerprint","Value":"dsns1ifyv9"},{"Name":"integrity","Value":"sha256-k/+Y1M4idxnCYU+S2amyqs50GPseGdgFr6PdHsrBs4k="},{"Name":"label","Value":"css/styles.css"}]},{"Route":"css/styles.dsns1ifyv9.css","AssetFile":"css/styles.css","Selectors":[],"ResponseHeaders":[{"Name":"Accept-Ranges","Value":"bytes"},{"Name":"Cache-Control","Value":"max-age=31536000, immutable"},{"Name":"Content-Length","Value":"9180"},{"Name":"Content-Type","Value":"text/css"},{"Name":"ETag","Value":"\"k/+Y1M4idxnCYU+S2amyqs50GPseGdgFr6PdHsrBs4k=\""},{"Name":"Last-Modified","Value":"Sun, 17 Aug 2025 15:53:20 GMT"}],"EndpointProperties":[{"Name":"fingerprint","Value":"dsns1ifyv9"},{"Name":"integrity","Value":"sha256-k/+Y1M4idxnCYU+S2amyqs50GPseGdgFr6PdHsrBs4k="},{"Name":"label","Value":"css/styles.css"}]},{"Route":"css/styles.dsns1ifyv9.css.br","AssetFile":"css/styles.css.br","Selectors":[],"ResponseHeaders":[{"Name":"Accept-Ranges","Value":"bytes"},{"Name":"Cache-Control","Value":"max-age=31536000, immutable"},{"Name":"Content-Encoding","Value":"br"},{"Name":"Content-Length","Value":"1933"},{"Name":"Content-Type","Value":"text/css"},{"Name":"ETag","Value":"\"hVpMtsPHQ6KK/B1CDnVDuNMM7RkJyC6o0OYVSbuCC6c=\""},{"Name":"Last-Modified","Value":"Sun, 17 Aug 2025 15:53:29 GMT"},{"Name":"Vary","Value":"Content-Encoding"}],"EndpointProperties":[{"Name":"fingerprint","Value":"dsns1ifyv9"},{"Name":"integrity","Value":"sha256-hVpMtsPHQ6KK/B1CDnVDuNMM7RkJyC6o0OYVSbuCC6c="},{"Name":"label","Value":"css/styles.css.br"}]},{"Route":"css/styles.dsns1ifyv9.css.gz","AssetFile":"css/styles.css.gz","Selectors":[],"ResponseHeaders":[{"Name":"Accept-Ranges","Value":"bytes"},{"Name":"Cache-Control","Value":"max-age=31536000, immutable"},{"Name":"Content-Encoding","Value":"gzip"},{"Name":"Content-Length","Value":"2304"},{"Name":"Content-Type","Value":"text/css"},{"Name":"ETag","Value":"\"G3qbfyxESuKilZjdbgjqM6UeWhiXfuo0M0gkvHA3i2Q=\""},{"Name":"Last-Modified","Value":"Sun, 17 Aug 2025 15:53:29 GMT"},{"Name":"Vary","Value":"Content-Encoding"}],"EndpointProperties":[{"Name":"fingerprint","Value":"dsns1ifyv9"},{"Name":"integrity","Value":"sha256-G3qbfyxESuKilZjdbgjqM6UeWhiXfuo0M0gkvHA3i2Q="},{"Name":"label","Value":"css/styles.css.gz"}]},{"Route":"favicon.3hkznyngly.ico","AssetFile":"favicon.ico.gz","Selectors":[{"Name":"Content-Encoding","Value":"gzip","Quality":"0.000487329435"}],"ResponseHeaders":[{"Name":"Accept-Ranges","Value":"bytes"},{"Name":"Cache-Control","Value":"max-age=31536000, immutable"},{"Name":"Content-Encoding","Value":"gzip"},{"Name":"Content-Length","Value":"2051"},{"Name":"Content-Type","Value":"image/x-icon"},{"Name":"ETag","Value":"\"J0oFUmdCutPmDNSfWmsHa01LSBX2w+sghi/xFqAu0/E=\""},{"Name":"ETag","Value":"W/\"ZwFM6ZQ2lL4unjNbXWr7DRB/nLR0gfHF7/u0P3PmJoI=\""},{"Name":"Last-Modified","Value":"Mon, 11 Aug 2025 20:35:24 GMT"},{"Name":"Vary","Value":"Content-Encoding"}],"EndpointProperties":[{"Name":"fingerprint","Value":"3hkznyngly"},{"Name":"integrity","Value":"sha256-ZwFM6ZQ2lL4unjNbXWr7DRB/nLR0gfHF7/u0P3PmJoI="},{"Name":"label","Value":"favicon.ico"}]},{"Route":"favicon.3hkznyngly.ico","AssetFile":"favicon.ico.br","Selectors":[{"Name":"Content-Encoding","Value":"br","Quality":"0.000491883915"}],"ResponseHeaders":[{"Name":"Accept-Ranges","Value":"bytes"},{"Name":"Cache-Control","Value":"max-age=31536000, immutable"},{"Name":"Content-Encoding","Value":"br"},{"Name":"Content-Length","Value":"2032"},{"Name":"Content-Type","Value":"image/x-icon"},{"Name":"ETag","Value":"\"cCTSeCkop08I+Ks7DXuY8DpWL8GpuHBXgXaIuNJBqEM=\""},{"Name":"ETag","Value":"W/\"ZwFM6ZQ2lL4unjNbXWr7DRB/nLR0gfHF7/u0P3PmJoI=\""},{"Name":"Last-Modified","Value":"Mon, 11 Aug 2025 20:35:25 GMT"},{"Name":"Vary","Value":"Content-Encoding"}],"EndpointProperties":[{"Name":"fingerprint","Value":"3hkznyngly"},{"Name":"integrity","Value":"sha256-ZwFM6ZQ2lL4unjNbXWr7DRB/nLR0gfHF7/u0P3PmJoI="},{"Name":"label","Value":"favicon.ico"}]},{"Route":"favicon.3hkznyngly.ico","AssetFile":"favicon.ico","Selectors":[],"ResponseHeaders":[{"Name":"Accept-Ranges","Value":"bytes"},{"Name":"Cache-Control","Value":"max-age=31536000, immutable"},{"Name":"Content-Length","Value":"2028"},{"Name":"Content-Type","Value":"image/x-icon"},{"Name":"ETag","Value":"\"ZwFM6ZQ2lL4unjNbXWr7DRB/nLR0gfHF7/u0P3PmJoI=\""},{"Name":"Last-Modified","Value":"Wed, 02 Jul 2025 18:13:16 GMT"}],"EndpointProperties":[{"Name":"fingerprint","Value":"3hkznyngly"},{"Name":"integrity","Value":"sha256-ZwFM6ZQ2lL4unjNbXWr7DRB/nLR0gfHF7/u0P3PmJoI="},{"Name":"label","Value":"favicon.ico"}]},{"Route":"favicon.3hkznyngly.ico.br","AssetFile":"favicon.ico.br","Selectors":[],"ResponseHeaders":[{"Name":"Accept-Ranges","Value":"bytes"},{"Name":"Cache-Control","Value":"max-age=31536000, immutable"},{"Name":"Content-Encoding","Value":"br"},{"Name":"Content-Length","Value":"2032"},{"Name":"Content-Type","Value":"image/x-icon"},{"Name":"ETag","Value":"\"cCTSeCkop08I+Ks7DXuY8DpWL8GpuHBXgXaIuNJBqEM=\""},{"Name":"Last-Modified","Value":"Mon, 11 Aug 2025 20:35:25 GMT"},{"Name":"Vary","Value":"Content-Encoding"}],"EndpointProperties":[{"Name":"fingerprint","Value":"3hkznyngly"},{"Name":"integrity","Value":"sha256-cCTSeCkop08I+Ks7DXuY8DpWL8GpuHBXgXaIuNJBqEM="},{"Name":"label","Value":"favicon.ico.br"}]},{"Route":"favicon.3hkznyngly.ico.gz","AssetFile":"favicon.ico.gz","Selectors":[],"ResponseHeaders":[{"Name":"Accept-Ranges","Value":"bytes"},{"Name":"Cache-Control","Value":"max-age=31536000, immutable"},{"Name":"Content-Encoding","Value":"gzip"},{"Name":"Content-Length","Value":"2051"},{"Name":"Content-Type","Value":"image/x-icon"},{"Name":"ETag","Value":"\"J0oFUmdCutPmDNSfWmsHa01LSBX2w+sghi/xFqAu0/E=\""},{"Name":"Last-Modified","Value":"Mon, 11 Aug 2025 20:35:24 GMT"},{"Name":"Vary","Value":"Content-Encoding"}],"EndpointProperties":[{"Name":"fingerprint","Value":"3hkznyngly"},{"Name":"integrity","Value":"sha256-J0oFUmdCutPmDNSfWmsHa01LSBX2w+sghi/xFqAu0/E="},{"Name":"label","Value":"favicon.ico.gz"}]},{"Route":"favicon.ico","AssetFile":"favicon.ico.gz","Selectors":[{"Name":"Content-Encoding","Value":"gzip","Quality":"0.000487329435"}],"ResponseHeaders":[{"Name":"Accept-Ranges","Value":"bytes"},{"Name":"Cache-Control","Value":"no-cache"},{"Name":"Content-Encoding","Value":"gzip"},{"Name":"Content-Length","Value":"2051"},{"Name":"Content-Type","Value":"image/x-icon"},{"Name":"ETag","Value":"\"J0oFUmdCutPmDNSfWmsHa01LSBX2w+sghi/xFqAu0/E=\""},{"Name":"ETag","Value":"W/\"ZwFM6ZQ2lL4unjNbXWr7DRB/nLR0gfHF7/u0P3PmJoI=\""},{"Name":"Last-Modified","Value":"Mon, 11 Aug 2025 20:35:24 GMT"},{"Name":"Vary","Value":"Content-Encoding"}],"EndpointProperties":[{"Name":"integrity","Value":"sha256-ZwFM6ZQ2lL4unjNbXWr7DRB/nLR0gfHF7/u0P3PmJoI="}]},{"Route":"favicon.ico","AssetFile":"favicon.ico.br","Selectors":[{"Name":"Content-Encoding","Value":"br","Quality":"0.000491883915"}],"ResponseHeaders":[{"Name":"Accept-Ranges","Value":"bytes"},{"Name":"Cache-Control","Value":"no-cache"},{"Name":"Content-Encoding","Value":"br"},{"Name":"Content-Length","Value":"2032"},{"Name":"Content-Type","Value":"image/x-icon"},{"Name":"ETag","Value":"\"cCTSeCkop08I+Ks7DXuY8DpWL8GpuHBXgXaIuNJBqEM=\""},{"Name":"ETag","Value":"W/\"ZwFM6ZQ2lL4unjNbXWr7DRB/nLR0gfHF7/u0P3PmJoI=\""},{"Name":"Last-Modified","Value":"Mon, 11 Aug 2025 20:35:25 GMT"},{"Name":"Vary","Value":"Content-Encoding"}],"EndpointProperties":[{"Name":"integrity","Value":"sha256-ZwFM6ZQ2lL4unjNbXWr7DRB/nLR0gfHF7/u0P3PmJoI="}]},{"Route":"favicon.ico","AssetFile":"favicon.ico","Selectors":[],"ResponseHeaders":[{"Name":"Accept-Ranges","Value":"bytes"},{"Name":"Cache-Control","Value":"no-cache"},{"Name":"Content-Length","Value":"2028"},{"Name":"Content-Type","Value":"image/x-icon"},{"Name":"ETag","Value":"\"ZwFM6ZQ2lL4unjNbXWr7DRB/nLR0gfHF7/u0P3PmJoI=\""},{"Name":"Last-Modified","Value":"Wed, 02 Jul 2025 18:13:16 GMT"}],"EndpointProperties":[{"Name":"integrity","Value":"sha256-ZwFM6ZQ2lL4unjNbXWr7DRB/nLR0gfHF7/u0P3PmJoI="}]},{"Route":"favicon.ico.br","AssetFile":"favicon.ico.br","Selectors":[],"ResponseHeaders":[{"Name":"Accept-Ranges","Value":"bytes"},{"Name":"Cache-Control","Value":"no-cache"},{"Name":"Content-Encoding","Value":"br"},{"Name":"Content-Length","Value":"2032"},{"Name":"Content-Type","Value":"image/x-icon"},{"Name":"ETag","Value":"\"cCTSeCkop08I+Ks7DXuY8DpWL8GpuHBXgXaIuNJBqEM=\""},{"Name":"Last-Modified","Value":"Mon, 11 Aug 2025 20:35:25 GMT"},{"Name":"Vary","Value":"Content-Encoding"}],"EndpointProperties":[{"Name":"integrity","Value":"sha256-cCTSeCkop08I+Ks7DXuY8DpWL8GpuHBXgXaIuNJBqEM="}]},{"Route":"favicon.ico.gz","AssetFile":"favicon.ico.gz","Selectors":[],"ResponseHeaders":[{"Name":"Accept-Ranges","Value":"bytes"},{"Name":"Cache-Control","Value":"no-cache"},{"Name":"Content-Encoding","Value":"gzip"},{"Name":"Content-Length","Value":"2051"},{"Name":"Content-Type","Value":"image/x-icon"},{"Name":"ETag","Value":"\"J0oFUmdCutPmDNSfWmsHa01LSBX2w+sghi/xFqAu0/E=\""},{"Name":"Last-Modified","Value":"Mon, 11 Aug 2025 20:35:24 GMT"},{"Name":"Vary","Value":"Content-Encoding"}],"EndpointProperties":[{"Name":"integrity","Value":"sha256-J0oFUmdCutPmDNSfWmsHa01LSBX2w+sghi/xFqAu0/E="}]},{"Route":"images/logo.k8qg66nxof.png","AssetFile":"images/logo.png","Selectors":[],"ResponseHeaders":[{"Name":"Accept-Ranges","Value":"bytes"},{"Name":"Cache-Control","Value":"max-age=31536000, immutable"},{"Name":"Content-Length","Value":"714271"},{"Name":"Content-Type","Value":"image/png"},{"Name":"ETag","Value":"\"1DYaRikcG3Nu9jFJ7cdFSVWKZAwdtrZGSVjX8Glo6Jc=\""},{"Name":"Last-Modified","Value":"Fri, 06 Jun 2025 18:55:21 GMT"}],"EndpointProperties":[{"Name":"fingerprint","Value":"k8qg66nxof"},{"Name":"integrity","Value":"sha256-1DYaRikcG3Nu9jFJ7cdFSVWKZAwdtrZGSVjX8Glo6Jc="},{"Name":"label","Value":"images/logo.png"}]},{"Route":"images/logo.png","AssetFile":"images/logo.png","Selectors":[],"ResponseHeaders":[{"Name":"Accept-Ranges","Value":"bytes"},{"Name":"Cache-Control","Value":"no-cache"},{"Name":"Content-Length","Value":"714271"},{"Name":"Content-Type","Value":"image/png"},{"Name":"ETag","Value":"\"1DYaRikcG3Nu9jFJ7cdFSVWKZAwdtrZGSVjX8Glo6Jc=\""},{"Name":"Last-Modified","Value":"Fri, 06 Jun 2025 18:55:21 GMT"}],"EndpointProperties":[{"Name":"integrity","Value":"sha256-1DYaRikcG3Nu9jFJ7cdFSVWKZAwdtrZGSVjX8Glo6Jc="}]},{"Route":"images/rai_logo.h60uqjkzk4.png","AssetFile":"images/rai_logo.png","Selectors":[],"ResponseHeaders":[{"Name":"Accept-Ranges","Value":"bytes"},{"Name":"Cache-Control","Value":"max-age=31536000, immutable"},{"Name":"Content-Length","Value":"78918"},{"Name":"Content-Type","Value":"image/png"},{"Name":"ETag","Value":"\"aeKtKRwZ5xZmEpx7xScTwBX5CQegsAhDAk3xR9Tfze8=\""},{"Name":"Last-Modified","Value":"Thu, 14 Aug 2025 21:11:49 GMT"}],"EndpointProperties":[{"Name":"fingerprint","Value":"h60uqjkzk4"},{"Name":"integrity","Value":"sha256-aeKtKRwZ5xZmEpx7xScTwBX5CQegsAhDAk3xR9Tfze8="},{"Name":"label","Value":"images/rai_logo.png"}]},{"Route":"images/rai_logo.png","AssetFile":"images/rai_logo.png","Selectors":[],"ResponseHeaders":[{"Name":"Accept-Ranges","Value":"bytes"},{"Name":"Cache-Control","Value":"no-cache"},{"Name":"Content-Length","Value":"78918"},{"Name":"Content-Type","Value":"image/png"},{"Name":"ETag","Value":"\"aeKtKRwZ5xZmEpx7xScTwBX5CQegsAhDAk3xR9Tfze8=\""},{"Name":"Last-Modified","Value":"Thu, 14 Aug 2025 21:11:49 GMT"}],"EndpointProperties":[{"Name":"integrity","Value":"sha256-aeKtKRwZ5xZmEpx7xScTwBX5CQegsAhDAk3xR9Tfze8="}]},{"Route":"index.ergd1qvpj2.html","AssetFile":"index.html.gz","Selectors":[{"Name":"Content-Encoding","Value":"gzip","Quality":"0.000660938533"}],"ResponseHeaders":[{"Name":"Accept-Ranges","Value":"bytes"},{"Name":"Cache-Control","Value":"max-age=31536000, immutable"},{"Name":"Content-Encoding","Value":"gzip"},{"Name":"Content-Length","Value":"1512"},{"Name":"Content-Type","Value":"text/html"},{"Name":"ETag","Value":"\"/+4sfiVcjCMpL7LzQjwG28dT+sKjJUO8rbmpBM7jMdk=\""},{"Name":"ETag","Value":"W/\"Gg+qub+wy3daFoZ9Apy8d3/OgE7Rl7oMSGbNe6/BRrQ=\""},{"Name":"Last-Modified","Value":"Sun, 17 Aug 2025 15:53:29 GMT"},{"Name":"Vary","Value":"Content-Encoding"}],"EndpointProperties":[{"Name":"fingerprint","Value":"ergd1qvpj2"},{"Name":"integrity","Value":"sha256-Gg+qub+wy3daFoZ9Apy8d3/OgE7Rl7oMSGbNe6/BRrQ="},{"Name":"label","Value":"index.html"}]},{"Route":"index.ergd1qvpj2.html","AssetFile":"index.html.br","Selectors":[{"Name":"Content-Encoding","Value":"br","Quality":"0.000865051903"}],"ResponseHeaders":[{"Name":"Accept-Ranges","Value":"bytes"},{"Name":"Cache-Control","Value":"max-age=31536000, immutable"},{"Name":"Content-Encoding","Value":"br"},{"Name":"Content-Length","Value":"1155"},{"Name":"Content-Type","Value":"text/html"},{"Name":"ETag","Value":"\"tYfP+Gp6QZLtjODY//aOeFputGgPR52A7bLCUPQ/8tc=\""},{"Name":"ETag","Value":"W/\"Gg+qub+wy3daFoZ9Apy8d3/OgE7Rl7oMSGbNe6/BRrQ=\""},{"Name":"Last-Modified","Value":"Sun, 17 Aug 2025 15:53:29 GMT"},{"Name":"Vary","Value":"Content-Encoding"}],"EndpointProperties":[{"Name":"fingerprint","Value":"ergd1qvpj2"},{"Name":"integrity","Value":"sha256-Gg+qub+wy3daFoZ9Apy8d3/OgE7Rl7oMSGbNe6/BRrQ="},{"Name":"label","Value":"index.html"}]},{"Route":"index.ergd1qvpj2.html","AssetFile":"index.html","Selectors":[],"ResponseHeaders":[{"Name":"Accept-Ranges","Value":"bytes"},{"Name":"Cache-Control","Value":"max-age=31536000, immutable"},{"Name":"Content-Length","Value":"5244"},{"Name":"Content-Type","Value":"text/html"},{"Name":"ETag","Value":"\"Gg+qub+wy3daFoZ9Apy8d3/OgE7Rl7oMSGbNe6/BRrQ=\""},{"Name":"Last-Modified","Value":"Sun, 17 Aug 2025 15:53:14 GMT"}],"EndpointProperties":[{"Name":"fingerprint","Value":"ergd1qvpj2"},{"Name":"integrity","Value":"sha256-Gg+qub+wy3daFoZ9Apy8d3/OgE7Rl7oMSGbNe6/BRrQ="},{"Name":"label","Value":"index.html"}]},{"Route":"index.ergd1qvpj2.html.br","AssetFile":"index.html.br","Selectors":[],"ResponseHeaders":[{"Name":"Accept-Ranges","Value":"bytes"},{"Name":"Cache-Control","Value":"max-age=31536000, immutable"},{"Name":"Content-Encoding","Value":"br"},{"Name":"Content-Length","Value":"1155"},{"Name":"Content-Type","Value":"text/html"},{"Name":"ETag","Value":"\"tYfP+Gp6QZLtjODY//aOeFputGgPR52A7bLCUPQ/8tc=\""},{"Name":"Last-Modified","Value":"Sun, 17 Aug 2025 15:53:29 GMT"},{"Name":"Vary","Value":"Content-Encoding"}],"EndpointProperties":[{"Name":"fingerprint","Value":"ergd1qvpj2"},{"Name":"integrity","Value":"sha256-tYfP+Gp6QZLtjODY//aOeFputGgPR52A7bLCUPQ/8tc="},{"Name":"label","Value":"index.html.br"}]},{"Route":"index.ergd1qvpj2.html.gz","AssetFile":"index.html.gz","Selectors":[],"ResponseHeaders":[{"Name":"Accept-Ranges","Value":"bytes"},{"Name":"Cache-Control","Value":"max-age=31536000, immutable"},{"Name":"Content-Encoding","Value":"gzip"},{"Name":"Content-Length","Value":"1512"},{"Name":"Content-Type","Value":"text/html"},{"Name":"ETag","Value":"\"/+4sfiVcjCMpL7LzQjwG28dT+sKjJUO8rbmpBM7jMdk=\""},{"Name":"Last-Modified","Value":"Sun, 17 Aug 2025 15:53:29 GMT"},{"Name":"Vary","Value":"Content-Encoding"}],"EndpointProperties":[{"Name":"fingerprint","Value":"ergd1qvpj2"},{"Name":"integrity","Value":"sha256-/+4sfiVcjCMpL7LzQjwG28dT+sKjJUO8rbmpBM7jMdk="},{"Name":"label","Value":"index.html.gz"}]},{"Route":"index.html","AssetFile":"index.html.gz","Selectors":[{"Name":"Content-Encoding","Value":"gzip","Quality":"0.000660938533"}],"ResponseHeaders":[{"Name":"Accept-Ranges","Value":"bytes"},{"Name":"Cache-Control","Value":"no-cache"},{"Name":"Content-Encoding","Value":"gzip"},{"Name":"Content-Length","Value":"1512"},{"Name":"Content-Type","Value":"text/html"},{"Name":"ETag","Value":"\"/+4sfiVcjCMpL7LzQjwG28dT+sKjJUO8rbmpBM7jMdk=\""},{"Name":"ETag","Value":"W/\"Gg+qub+wy3daFoZ9Apy8d3/OgE7Rl7oMSGbNe6/BRrQ=\""},{"Name":"Last-Modified","Value":"Sun, 17 Aug 2025 15:53:29 GMT"},{"Name":"Vary","Value":"Content-Encoding"}],"EndpointProperties":[{"Name":"integrity","Value":"sha256-Gg+qub+wy3daFoZ9Apy8d3/OgE7Rl7oMSGbNe6/BRrQ="}]},{"Route":"index.html","AssetFile":"index.html.br","Selectors":[{"Name":"Content-Encoding","Value":"br","Quality":"0.000865051903"}],"ResponseHeaders":[{"Name":"Accept-Ranges","Value":"bytes"},{"Name":"Cache-Control","Value":"no-cache"},{"Name":"Content-Encoding","Value":"br"},{"Name":"Content-Length","Value":"1155"},{"Name":"Content-Type","Value":"text/html"},{"Name":"ETag","Value":"\"tYfP+Gp6QZLtjODY//aOeFputGgPR52A7bLCUPQ/8tc=\""},{"Name":"ETag","Value":"W/\"Gg+qub+wy3daFoZ9Apy8d3/OgE7Rl7oMSGbNe6/BRrQ=\""},{"Name":"Last-Modified","Value":"Sun, 17 Aug 2025 15:53:29 GMT"},{"Name":"Vary","Value":"Content-Encoding"}],"EndpointProperties":[{"Name":"integrity","Value":"sha256-Gg+qub+wy3daFoZ9Apy8d3/OgE7Rl7oMSGbNe6/BRrQ="}]},{"Route":"index.html","AssetFile":"index.html","Selectors":[],"ResponseHeaders":[{"Name":"Accept-Ranges","Value":"bytes"},{"Name":"Cache-Control","Value":"no-cache"},{"Name":"Content-Length","Value":"5244"},{"Name":"Content-Type","Value":"text/html"},{"Name":"ETag","Value":"\"Gg+qub+wy3daFoZ9Apy8d3/OgE7Rl7oMSGbNe6/BRrQ=\""},{"Name":"Last-Modified","Value":"Sun, 17 Aug 2025 15:53:14 GMT"}],"EndpointProperties":[{"Name":"integrity","Value":"sha256-Gg+qub+wy3daFoZ9Apy8d3/OgE7Rl7oMSGbNe6/BRrQ="}]},{"Route":"index.html.br","AssetFile":"index.html.br","Selectors":[],"ResponseHeaders":[{"Name":"Accept-Ranges","Value":"bytes"},{"Name":"Cache-Control","Value":"no-cache"},{"Name":"Content-Encoding","Value":"br"},{"Name":"Content-Length","Value":"1155"},{"Name":"Content-Type","Value":"text/html"},{"Name":"ETag","Value":"\"tYfP+Gp6QZLtjODY//aOeFputGgPR52A7bLCUPQ/8tc=\""},{"Name":"Last-Modified","Value":"Sun, 17 Aug 2025 15:53:29 GMT"},{"Name":"Vary","Value":"Content-Encoding"}],"EndpointProperties":[{"Name":"integrity","Value":"sha256-tYfP+Gp6QZLtjODY//aOeFputGgPR52A7bLCUPQ/8tc="}]},{"Route":"index.html.gz","AssetFile":"index.html.gz","Selectors":[],"ResponseHeaders":[{"Name":"Accept-Ranges","Value":"bytes"},{"Name":"Cache-Control","Value":"no-cache"},{"Name":"Content-Encoding","Value":"gzip"},{"Name":"Content-Length","Value":"1512"},{"Name":"Content-Type","Value":"text/html"},{"Name":"ETag","Value":"\"/+4sfiVcjCMpL7LzQjwG28dT+sKjJUO8rbmpBM7jMdk=\""},{"Name":"Last-Modified","Value":"Sun, 17 Aug 2025 15:53:29 GMT"},{"Name":"Vary","Value":"Content-Encoding"}],"EndpointProperties":[{"Name":"integrity","Value":"sha256-/+4sfiVcjCMpL7LzQjwG28dT+sKjJUO8rbmpBM7jMdk="}]},{"Route":"js/api.js","AssetFile":"js/api.js.br","Selectors":[{"Name":"Content-Encoding","Value":"br","Quality":"0.000352858151"}],"ResponseHeaders":[{"Name":"Accept-Ranges","Value":"bytes"},{"Name":"Cache-Control","Value":"no-cache"},{"Name":"Content-Encoding","Value":"br"},{"Name":"Content-Length","Value":"2833"},{"Name":"Content-Type","Value":"text/javascript"},{"Name":"ETag","Value":"\"O0JANSswOas6Mzm5Vy1VVIVwuii7PLE9lTtVTx7KPmc=\""},{"Name":"ETag","Value":"W/\"wCVyY3piEZ0JvZ2AuL/MKia5C4+sPsiVQaMD2EgsvRo=\""},{"Name":"Last-Modified","Value":"Mon, 11 Aug 2025 20:35:25 GMT"},{"Name":"Vary","Value":"Content-Encoding"}],"EndpointProperties":[{"Name":"integrity","Value":"sha256-wCVyY3piEZ0JvZ2AuL/MKia5C4+sPsiVQaMD2EgsvRo="}]},{"Route":"js/api.js","AssetFile":"js/api.js.gz","Selectors":[{"Name":"Content-Encoding","Value":"gzip","Quality":"0.000295508274"}],"ResponseHeaders":[{"Name":"Accept-Ranges","Value":"bytes"},{"Name":"Cache-Control","Value":"no-cache"},{"Name":"Content-Encoding","Value":"gzip"},{"Name":"Content-Length","Value":"3383"},{"Name":"Content-Type","Value":"text/javascript"},{"Name":"ETag","Value":"\"ri6iZvq/PJIxLew9RDmmVJve3gqMzVB1k5bO/QvwJ+s=\""},{"Name":"ETag","Value":"W/\"wCVyY3piEZ0JvZ2AuL/MKia5C4+sPsiVQaMD2EgsvRo=\""},{"Name":"Last-Modified","Value":"Mon, 11 Aug 2025 20:35:24 GMT"},{"Name":"Vary","Value":"Content-Encoding"}],"EndpointProperties":[{"Name":"integrity","Value":"sha256-wCVyY3piEZ0JvZ2AuL/MKia5C4+sPsiVQaMD2EgsvRo="}]},{"Route":"js/api.js","AssetFile":"js/api.js","Selectors":[],"ResponseHeaders":[{"Name":"Accept-Ranges","Value":"bytes"},{"Name":"Cache-Control","Value":"no-cache"},{"Name":"Content-Length","Value":"13485"},{"Name":"Content-Type","Value":"text/javascript"},{"Name":"ETag","Value":"\"wCVyY3piEZ0JvZ2AuL/MKia5C4+sPsiVQaMD2EgsvRo=\""},{"Name":"Last-Modified","Value":"Fri, 08 Aug 2025 14:27:51 GMT"}],"EndpointProperties":[{"Name":"integrity","Value":"sha256-wCVyY3piEZ0JvZ2AuL/MKia5C4+sPsiVQaMD2EgsvRo="}]},{"Route":"js/api.js.br","AssetFile":"js/api.js.br","Selectors":[],"ResponseHeaders":[{"Name":"Accept-Ranges","Value":"bytes"},{"Name":"Cache-Control","Value":"no-cache"},{"Name":"Content-Encoding","Value":"br"},{"Name":"Content-Length","Value":"2833"},{"Name":"Content-Type","Value":"text/javascript"},{"Name":"ETag","Value":"\"O0JANSswOas6Mzm5Vy1VVIVwuii7PLE9lTtVTx7KPmc=\""},{"Name":"Last-Modified","Value":"Mon, 11 Aug 2025 20:35:25 GMT"},{"Name":"Vary","Value":"Content-Encoding"}],"EndpointProperties":[{"Name":"integrity","Value":"sha256-O0JANSswOas6Mzm5Vy1VVIVwuii7PLE9lTtVTx7KPmc="}]},{"Route":"js/api.js.gz","AssetFile":"js/api.js.gz","Selectors":[],"ResponseHeaders":[{"Name":"Accept-Ranges","Value":"bytes"},{"Name":"Cache-Control","Value":"no-cache"},{"Name":"Content-Encoding","Value":"gzip"},{"Name":"Content-Length","Value":"3383"},{"Name":"Content-Type","Value":"text/javascript"},{"Name":"ETag","Value":"\"ri6iZvq/PJIxLew9RDmmVJve3gqMzVB1k5bO/QvwJ+s=\""},{"Name":"Last-Modified","Value":"Mon, 11 Aug 2025 20:35:24 GMT"},{"Name":"Vary","Value":"Content-Encoding"}],"EndpointProperties":[{"Name":"integrity","Value":"sha256-ri6iZvq/PJIxLew9RDmmVJve3gqMzVB1k5bO/QvwJ+s="}]},{"Route":"js/api.w0qk9bnl63.js","AssetFile":"js/api.js.br","Selectors":[{"Name":"Content-Encoding","Value":"br","Quality":"0.000352858151"}],"ResponseHeaders":[{"Name":"Accept-Ranges","Value":"bytes"},{"Name":"Cache-Control","Value":"max-age=31536000, immutable"},{"Name":"Content-Encoding","Value":"br"},{"Name":"Content-Length","Value":"2833"},{"Name":"Content-Type","Value":"text/javascript"},{"Name":"ETag","Value":"\"O0JANSswOas6Mzm5Vy1VVIVwuii7PLE9lTtVTx7KPmc=\""},{"Name":"ETag","Value":"W/\"wCVyY3piEZ0JvZ2AuL/MKia5C4+sPsiVQaMD2EgsvRo=\""},{"Name":"Last-Modified","Value":"Mon, 11 Aug 2025 20:35:25 GMT"},{"Name":"Vary","Value":"Content-Encoding"}],"EndpointProperties":[{"Name":"fingerprint","Value":"w0qk9bnl63"},{"Name":"integrity","Value":"sha256-wCVyY3piEZ0JvZ2AuL/MKia5C4+sPsiVQaMD2EgsvRo="},{"Name":"label","Value":"js/api.js"}]},{"Route":"js/api.w0qk9bnl63.js","AssetFile":"js/api.js.gz","Selectors":[{"Name":"Content-Encoding","Value":"gzip","Quality":"0.000295508274"}],"ResponseHeaders":[{"Name":"Accept-Ranges","Value":"bytes"},{"Name":"Cache-Control","Value":"max-age=31536000, immutable"},{"Name":"Content-Encoding","Value":"gzip"},{"Name":"Content-Length","Value":"3383"},{"Name":"Content-Type","Value":"text/javascript"},{"Name":"ETag","Value":"\"ri6iZvq/PJIxLew9RDmmVJve3gqMzVB1k5bO/QvwJ+s=\""},{"Name":"ETag","Value":"W/\"wCVyY3piEZ0JvZ2AuL/MKia5C4+sPsiVQaMD2EgsvRo=\""},{"Name":"Last-Modified","Value":"Mon, 11 Aug 2025 20:35:24 GMT"},{"Name":"Vary","Value":"Content-Encoding"}],"EndpointProperties":[{"Name":"fingerprint","Value":"w0qk9bnl63"},{"Name":"integrity","Value":"sha256-wCVyY3piEZ0JvZ2AuL/MKia5C4+sPsiVQaMD2EgsvRo="},{"Name":"label","Value":"js/api.js"}]},{"Route":"js/api.w0qk9bnl63.js","AssetFile":"js/api.js","Selectors":[],"ResponseHeaders":[{"Name":"Accept-Ranges","Value":"bytes"},{"Name":"Cache-Control","Value":"max-age=31536000, immutable"},{"Name":"Content-Length","Value":"13485"},{"Name":"Content-Type","Value":"text/javascript"},{"Name":"ETag","Value":"\"wCVyY3piEZ0JvZ2AuL/MKia5C4+sPsiVQaMD2EgsvRo=\""},{"Name":"Last-Modified","Value":"Fri, 08 Aug 2025 14:27:51 GMT"}],"EndpointProperties":[{"Name":"fingerprint","Value":"w0qk9bnl63"},{"Name":"integrity","Value":"sha256-wCVyY3piEZ0JvZ2AuL/MKia5C4+sPsiVQaMD2EgsvRo="},{"Name":"label","Value":"js/api.js"}]},{"Route":"js/api.w0qk9bnl63.js.br","AssetFile":"js/api.js.br","Selectors":[],"ResponseHeaders":[{"Name":"Accept-Ranges","Value":"bytes"},{"Name":"Cache-Control","Value":"max-age=31536000, immutable"},{"Name":"Content-Encoding","Value":"br"},{"Name":"Content-Length","Value":"2833"},{"Name":"Content-Type","Value":"text/javascript"},{"Name":"ETag","Value":"\"O0JANSswOas6Mzm5Vy1VVIVwuii7PLE9lTtVTx7KPmc=\""},{"Name":"Last-Modified","Value":"Mon, 11 Aug 2025 20:35:25 GMT"},{"Name":"Vary","Value":"Content-Encoding"}],"EndpointProperties":[{"Name":"fingerprint","Value":"w0qk9bnl63"},{"Name":"integrity","Value":"sha256-O0JANSswOas6Mzm5Vy1VVIVwuii7PLE9lTtVTx7KPmc="},{"Name":"label","Value":"js/api.js.br"}]},{"Route":"js/api.w0qk9bnl63.js.gz","AssetFile":"js/api.js.gz","Selectors":[],"ResponseHeaders":[{"Name":"Accept-Ranges","Value":"bytes"},{"Name":"Cache-Control","Value":"max-age=31536000, immutable"},{"Name":"Content-Encoding","Value":"gzip"},{"Name":"Content-Length","Value":"3383"},{"Name":"Content-Type","Value":"text/javascript"},{"Name":"ETag","Value":"\"ri6iZvq/PJIxLew9RDmmVJve3gqMzVB1k5bO/QvwJ+s=\""},{"Name":"Last-Modified","Value":"Mon, 11 Aug 2025 20:35:24 GMT"},{"Name":"Vary","Value":"Content-Encoding"}],"EndpointProperties":[{"Name":"fingerprint","Value":"w0qk9bnl63"},{"Name":"integrity","Value":"sha256-ri6iZvq/PJIxLew9RDmmVJve3gqMzVB1k5bO/QvwJ+s="},{"Name":"label","Value":"js/api.js.gz"}]},{"Route":"js/auth.dapzutpsqe.js","AssetFile":"js/auth.js.gz","Selectors":[{"Name":"Content-Encoding","Value":"gzip","Quality":"0.000385951370"}],"ResponseHeaders":[{"Name":"Accept-Ranges","Value":"bytes"},{"Name":"Cache-Control","Value":"max-age=31536000, immutable"},{"Name":"Content-Encoding","Value":"gzip"},{"Name":"Content-Length","Value":"2590"},{"Name":"Content-Type","Value":"text/javascript"},{"Name":"ETag","Value":"\"6r3ufmvugDfjWhNmiBHlseksXAalr1mFudCluXu4hk8=\""},{"Name":"ETag","Value":"W/\"O5PXoRttNUGdww3SunmsBV16KMwFBPwPuHGSr8f5l20=\""},{"Name":"Last-Modified","Value":"Tue, 12 Aug 2025 14:28:48 GMT"},{"Name":"Vary","Value":"Content-Encoding"}],"EndpointProperties":[{"Name":"fingerprint","Value":"dapzutpsqe"},{"Name":"integrity","Value":"sha256-O5PXoRttNUGdww3SunmsBV16KMwFBPwPuHGSr8f5l20="},{"Name":"label","Value":"js/auth.js"}]},{"Route":"js/auth.dapzutpsqe.js","AssetFile":"js/auth.js.br","Selectors":[{"Name":"Content-Encoding","Value":"br","Quality":"0.000469924812"}],"ResponseHeaders":[{"Name":"Accept-Ranges","Value":"bytes"},{"Name":"Cache-Control","Value":"max-age=31536000, immutable"},{"Name":"Content-Encoding","Value":"br"},{"Name":"Content-Length","Value":"2127"},{"Name":"Content-Type","Value":"text/javascript"},{"Name":"ETag","Value":"\"B1BAgkmGnaKakDBuqvgRI+JDaEARe+86z6tccO/yJdY=\""},{"Name":"ETag","Value":"W/\"O5PXoRttNUGdww3SunmsBV16KMwFBPwPuHGSr8f5l20=\""},{"Name":"Last-Modified","Value":"Tue, 12 Aug 2025 14:28:49 GMT"},{"Name":"Vary","Value":"Content-Encoding"}],"EndpointProperties":[{"Name":"fingerprint","Value":"dapzutpsqe"},{"Name":"integrity","Value":"sha256-O5PXoRttNUGdww3SunmsBV16KMwFBPwPuHGSr8f5l20="},{"Name":"label","Value":"js/auth.js"}]},{"Route":"js/auth.dapzutpsqe.js","AssetFile":"js/auth.js","Selectors":[],"ResponseHeaders":[{"Name":"Accept-Ranges","Value":"bytes"},{"Name":"Cache-Control","Value":"max-age=31536000, immutable"},{"Name":"Content-Length","Value":"9690"},{"Name":"Content-Type","Value":"text/javascript"},{"Name":"ETag","Value":"\"O5PXoRttNUGdww3SunmsBV16KMwFBPwPuHGSr8f5l20=\""},{"Name":"Last-Modified","Value":"Tue, 12 Aug 2025 14:27:46 GMT"}],"EndpointProperties":[{"Name":"fingerprint","Value":"dapzutpsqe"},{"Name":"integrity","Value":"sha256-O5PXoRttNUGdww3SunmsBV16KMwFBPwPuHGSr8f5l20="},{"Name":"label","Value":"js/auth.js"}]},{"Route":"js/auth.dapzutpsqe.js.br","AssetFile":"js/auth.js.br","Selectors":[],"ResponseHeaders":[{"Name":"Accept-Ranges","Value":"bytes"},{"Name":"Cache-Control","Value":"max-age=31536000, immutable"},{"Name":"Content-Encoding","Value":"br"},{"Name":"Content-Length","Value":"2127"},{"Name":"Content-Type","Value":"text/javascript"},{"Name":"ETag","Value":"\"B1BAgkmGnaKakDBuqvgRI+JDaEARe+86z6tccO/yJdY=\""},{"Name":"Last-Modified","Value":"Tue, 12 Aug 2025 14:28:49 GMT"},{"Name":"Vary","Value":"Content-Encoding"}],"EndpointProperties":[{"Name":"fingerprint","Value":"dapzutpsqe"},{"Name":"integrity","Value":"sha256-B1BAgkmGnaKakDBuqvgRI+JDaEARe+86z6tccO/yJdY="},{"Name":"label","Value":"js/auth.js.br"}]},{"Route":"js/auth.dapzutpsqe.js.gz","AssetFile":"js/auth.js.gz","Selectors":[],"ResponseHeaders":[{"Name":"Accept-Ranges","Value":"bytes"},{"Name":"Cache-Control","Value":"max-age=31536000, immutable"},{"Name":"Content-Encoding","Value":"gzip"},{"Name":"Content-Length","Value":"2590"},{"Name":"Content-Type","Value":"text/javascript"},{"Name":"ETag","Value":"\"6r3ufmvugDfjWhNmiBHlseksXAalr1mFudCluXu4hk8=\""},{"Name":"Last-Modified","Value":"Tue, 12 Aug 2025 14:28:48 GMT"},{"Name":"Vary","Value":"Content-Encoding"}],"EndpointProperties":[{"Name":"fingerprint","Value":"dapzutpsqe"},{"Name":"integrity","Value":"sha256-6r3ufmvugDfjWhNmiBHlseksXAalr1mFudCluXu4hk8="},{"Name":"label","Value":"js/auth.js.gz"}]},{"Route":"js/auth.js","AssetFile":"js/auth.js.gz","Selectors":[{"Name":"Content-Encoding","Value":"gzip","Quality":"0.000385951370"}],"ResponseHeaders":[{"Name":"Accept-Ranges","Value":"bytes"},{"Name":"Cache-Control","Value":"no-cache"},{"Name":"Content-Encoding","Value":"gzip"},{"Name":"Content-Length","Value":"2590"},{"Name":"Content-Type","Value":"text/javascript"},{"Name":"ETag","Value":"\"6r3ufmvugDfjWhNmiBHlseksXAalr1mFudCluXu4hk8=\""},{"Name":"ETag","Value":"W/\"O5PXoRttNUGdww3SunmsBV16KMwFBPwPuHGSr8f5l20=\""},{"Name":"Last-Modified","Value":"Tue, 12 Aug 2025 14:28:48 GMT"},{"Name":"Vary","Value":"Content-Encoding"}],"EndpointProperties":[{"Name":"integrity","Value":"sha256-O5PXoRttNUGdww3SunmsBV16KMwFBPwPuHGSr8f5l20="}]},{"Route":"js/auth.js","AssetFile":"js/auth.js.br","Selectors":[{"Name":"Content-Encoding","Value":"br","Quality":"0.000469924812"}],"ResponseHeaders":[{"Name":"Accept-Ranges","Value":"bytes"},{"Name":"Cache-Control","Value":"no-cache"},{"Name":"Content-Encoding","Value":"br"},{"Name":"Content-Length","Value":"2127"},{"Name":"Content-Type","Value":"text/javascript"},{"Name":"ETag","Value":"\"B1BAgkmGnaKakDBuqvgRI+JDaEARe+86z6tccO/yJdY=\""},{"Name":"ETag","Value":"W/\"O5PXoRttNUGdww3SunmsBV16KMwFBPwPuHGSr8f5l20=\""},{"Name":"Last-Modified","Value":"Tue, 12 Aug 2025 14:28:49 GMT"},{"Name":"Vary","Value":"Content-Encoding"}],"EndpointProperties":[{"Name":"integrity","Value":"sha256-O5PXoRttNUGdww3SunmsBV16KMwFBPwPuHGSr8f5l20="}]},{"Route":"js/auth.js","AssetFile":"js/auth.js","Selectors":[],"ResponseHeaders":[{"Name":"Accept-Ranges","Value":"bytes"},{"Name":"Cache-Control","Value":"no-cache"},{"Name":"Content-Length","Value":"9690"},{"Name":"Content-Type","Value":"text/javascript"},{"Name":"ETag","Value":"\"O5PXoRttNUGdww3SunmsBV16KMwFBPwPuHGSr8f5l20=\""},{"Name":"Last-Modified","Value":"Tue, 12 Aug 2025 14:27:46 GMT"}],"EndpointProperties":[{"Name":"integrity","Value":"sha256-O5PXoRttNUGdww3SunmsBV16KMwFBPwPuHGSr8f5l20="}]},{"Route":"js/auth.js.br","AssetFile":"js/auth.js.br","Selectors":[],"ResponseHeaders":[{"Name":"Accept-Ranges","Value":"bytes"},{"Name":"Cache-Control","Value":"no-cache"},{"Name":"Content-Encoding","Value":"br"},{"Name":"Content-Length","Value":"2127"},{"Name":"Content-Type","Value":"text/javascript"},{"Name":"ETag","Value":"\"B1BAgkmGnaKakDBuqvgRI+JDaEARe+86z6tccO/yJdY=\""},{"Name":"Last-Modified","Value":"Tue, 12 Aug 2025 14:28:49 GMT"},{"Name":"Vary","Value":"Content-Encoding"}],"EndpointProperties":[{"Name":"integrity","Value":"sha256-B1BAgkmGnaKakDBuqvgRI+JDaEARe+86z6tccO/yJdY="}]},{"Route":"js/auth.js.gz","AssetFile":"js/auth.js.gz","Selectors":[],"ResponseHeaders":[{"Name":"Accept-Ranges","Value":"bytes"},{"Name":"Cache-Control","Value":"no-cache"},{"Name":"Content-Encoding","Value":"gzip"},{"Name":"Content-Length","Value":"2590"},{"Name":"Content-Type","Value":"text/javascript"},{"Name":"ETag","Value":"\"6r3ufmvugDfjWhNmiBHlseksXAalr1mFudCluXu4hk8=\""},{"Name":"Last-Modified","Value":"Tue, 12 Aug 2025 14:28:48 GMT"},{"Name":"Vary","Value":"Content-Encoding"}],"EndpointProperties":[{"Name":"integrity","Value":"sha256-6r3ufmvugDfjWhNmiBHlseksXAalr1mFudCluXu4hk8="}]},{"Route":"js/chat.js","AssetFile":"js/chat.js.gz","Selectors":[{"Name":"Content-Encoding","Value":"gzip","Quality":"0.000602409639"}],"ResponseHeaders":[{"Name":"Accept-Ranges","Value":"bytes"},{"Name":"Cache-Control","Value":"no-cache"},{"Name":"Content-Encoding","Value":"gzip"},{"Name":"Content-Length","Value":"1659"},{"Name":"Content-Type","Value":"text/javascript"},{"Name":"ETag","Value":"\"5IKq8tlrb42HM9qDFPzkNHEKRUDQxWUsA9rkJ3+G8sk=\""},{"Name":"ETag","Value":"W/\"5/RAPuhECi570h2AuoV5TbhWKIA69EGx9DXYlc6ZS9Q=\""},{"Name":"Last-Modified","Value":"Mon, 11 Aug 2025 20:35:24 GMT"},{"Name":"Vary","Value":"Content-Encoding"}],"EndpointProperties":[{"Name":"integrity","Value":"sha256-5/RAPuhECi570h2AuoV5TbhWKIA69EGx9DXYlc6ZS9Q="}]},{"Route":"js/chat.js","AssetFile":"js/chat.js.br","Selectors":[{"Name":"Content-Encoding","Value":"br","Quality":"0.000727272727"}],"ResponseHeaders":[{"Name":"Accept-Ranges","Value":"bytes"},{"Name":"Cache-Control","Value":"no-cache"},{"Name":"Content-Encoding","Value":"br"},{"Name":"Content-Length","Value":"1374"},{"Name":"Content-Type","Value":"text/javascript"},{"Name":"ETag","Value":"\"02O2OBDDscczdj45F68g6zDhHsdILTeo4rzjCK/0qy4=\""},{"Name":"ETag","Value":"W/\"5/RAPuhECi570h2AuoV5TbhWKIA69EGx9DXYlc6ZS9Q=\""},{"Name":"Last-Modified","Value":"Mon, 11 Aug 2025 20:35:25 GMT"},{"Name":"Vary","Value":"Content-Encoding"}],"EndpointProperties":[{"Name":"integrity","Value":"sha256-5/RAPuhECi570h2AuoV5TbhWKIA69EGx9DXYlc6ZS9Q="}]},{"Route":"js/chat.js","AssetFile":"js/chat.js","Selectors":[],"ResponseHeaders":[{"Name":"Accept-Ranges","Value":"bytes"},{"Name":"Cache-Control","Value":"no-cache"},{"Name":"Content-Length","Value":"5308"},{"Name":"Content-Type","Value":"text/javascript"},{"Name":"ETag","Value":"\"5/RAPuhECi570h2AuoV5TbhWKIA69EGx9DXYlc6ZS9Q=\""},{"Name":"Last-Modified","Value":"Thu, 03 Jul 2025 14:30:33 GMT"}],"EndpointProperties":[{"Name":"integrity","Value":"sha256-5/RAPuhECi570h2AuoV5TbhWKIA69EGx9DXYlc6ZS9Q="}]},{"Route":"js/chat.js.br","AssetFile":"js/chat.js.br","Selectors":[],"ResponseHeaders":[{"Name":"Accept-Ranges","Value":"bytes"},{"Name":"Cache-Control","Value":"no-cache"},{"Name":"Content-Encoding","Value":"br"},{"Name":"Content-Length","Value":"1374"},{"Name":"Content-Type","Value":"text/javascript"},{"Name":"ETag","Value":"\"02O2OBDDscczdj45F68g6zDhHsdILTeo4rzjCK/0qy4=\""},{"Name":"Last-Modified","Value":"Mon, 11 Aug 2025 20:35:25 GMT"},{"Name":"Vary","Value":"Content-Encoding"}],"EndpointProperties":[{"Name":"integrity","Value":"sha256-02O2OBDDscczdj45F68g6zDhHsdILTeo4rzjCK/0qy4="}]},{"Route":"js/chat.js.gz","AssetFile":"js/chat.js.gz","Selectors":[],"ResponseHeaders":[{"Name":"Accept-Ranges","Value":"bytes"},{"Name":"Cache-Control","Value":"no-cache"},{"Name":"Content-Encoding","Value":"gzip"},{"Name":"Content-Length","Value":"1659"},{"Name":"Content-Type","Value":"text/javascript"},{"Name":"ETag","Value":"\"5IKq8tlrb42HM9qDFPzkNHEKRUDQxWUsA9rkJ3+G8sk=\""},{"Name":"Last-Modified","Value":"Mon, 11 Aug 2025 20:35:24 GMT"},{"Name":"Vary","Value":"Content-Encoding"}],"EndpointProperties":[{"Name":"integrity","Value":"sha256-5IKq8tlrb42HM9qDFPzkNHEKRUDQxWUsA9rkJ3+G8sk="}]},{"Route":"js/chat.rzyj5ihccb.js","AssetFile":"js/chat.js.gz","Selectors":[{"Name":"Content-Encoding","Value":"gzip","Quality":"0.000602409639"}],"ResponseHeaders":[{"Name":"Accept-Ranges","Value":"bytes"},{"Name":"Cache-Control","Value":"max-age=31536000, immutable"},{"Name":"Content-Encoding","Value":"gzip"},{"Name":"Content-Length","Value":"1659"},{"Name":"Content-Type","Value":"text/javascript"},{"Name":"ETag","Value":"\"5IKq8tlrb42HM9qDFPzkNHEKRUDQxWUsA9rkJ3+G8sk=\""},{"Name":"ETag","Value":"W/\"5/RAPuhECi570h2AuoV5TbhWKIA69EGx9DXYlc6ZS9Q=\""},{"Name":"Last-Modified","Value":"Mon, 11 Aug 2025 20:35:24 GMT"},{"Name":"Vary","Value":"Content-Encoding"}],"EndpointProperties":[{"Name":"fingerprint","Value":"rzyj5ihccb"},{"Name":"integrity","Value":"sha256-5/RAPuhECi570h2AuoV5TbhWKIA69EGx9DXYlc6ZS9Q="},{"Name":"label","Value":"js/chat.js"}]},{"Route":"js/chat.rzyj5ihccb.js","AssetFile":"js/chat.js.br","Selectors":[{"Name":"Content-Encoding","Value":"br","Quality":"0.000727272727"}],"ResponseHeaders":[{"Name":"Accept-Ranges","Value":"bytes"},{"Name":"Cache-Control","Value":"max-age=31536000, immutable"},{"Name":"Content-Encoding","Value":"br"},{"Name":"Content-Length","Value":"1374"},{"Name":"Content-Type","Value":"text/javascript"},{"Name":"ETag","Value":"\"02O2OBDDscczdj45F68g6zDhHsdILTeo4rzjCK/0qy4=\""},{"Name":"ETag","Value":"W/\"5/RAPuhECi570h2AuoV5TbhWKIA69EGx9DXYlc6ZS9Q=\""},{"Name":"Last-Modified","Value":"Mon, 11 Aug 2025 20:35:25 GMT"},{"Name":"Vary","Value":"Content-Encoding"}],"EndpointProperties":[{"Name":"fingerprint","Value":"rzyj5ihccb"},{"Name":"integrity","Value":"sha256-5/RAPuhECi570h2AuoV5TbhWKIA69EGx9DXYlc6ZS9Q="},{"Name":"label","Value":"js/chat.js"}]},{"Route":"js/chat.rzyj5ihccb.js","AssetFile":"js/chat.js","Selectors":[],"ResponseHeaders":[{"Name":"Accept-Ranges","Value":"bytes"},{"Name":"Cache-Control","Value":"max-age=31536000, immutable"},{"Name":"Content-Length","Value":"5308"},{"Name":"Content-Type","Value":"text/javascript"},{"Name":"ETag","Value":"\"5/RAPuhECi570h2AuoV5TbhWKIA69EGx9DXYlc6ZS9Q=\""},{"Name":"Last-Modified","Value":"Thu, 03 Jul 2025 14:30:33 GMT"}],"EndpointProperties":[{"Name":"fingerprint","Value":"rzyj5ihccb"},{"Name":"integrity","Value":"sha256-5/RAPuhECi570h2AuoV5TbhWKIA69EGx9DXYlc6ZS9Q="},{"Name":"label","Value":"js/chat.js"}]},{"Route":"js/chat.rzyj5ihccb.js.br","AssetFile":"js/chat.js.br","Selectors":[],"ResponseHeaders":[{"Name":"Accept-Ranges","Value":"bytes"},{"Name":"Cache-Control","Value":"max-age=31536000, immutable"},{"Name":"Content-Encoding","Value":"br"},{"Name":"Content-Length","Value":"1374"},{"Name":"Content-Type","Value":"text/javascript"},{"Name":"ETag","Value":"\"02O2OBDDscczdj45F68g6zDhHsdILTeo4rzjCK/0qy4=\""},{"Name":"Last-Modified","Value":"Mon, 11 Aug 2025 20:35:25 GMT"},{"Name":"Vary","Value":"Content-Encoding"}],"EndpointProperties":[{"Name":"fingerprint","Value":"rzyj5ihccb"},{"Name":"integrity","Value":"sha256-02O2OBDDscczdj45F68g6zDhHsdILTeo4rzjCK/0qy4="},{"Name":"label","Value":"js/chat.js.br"}]},{"Route":"js/chat.rzyj5ihccb.js.gz","AssetFile":"js/chat.js.gz","Selectors":[],"ResponseHeaders":[{"Name":"Accept-Ranges","Value":"bytes"},{"Name":"Cache-Control","Value":"max-age=31536000, immutable"},{"Name":"Content-Encoding","Value":"gzip"},{"Name":"Content-Length","Value":"1659"},{"Name":"Content-Type","Value":"text/javascript"},{"Name":"ETag","Value":"\"5IKq8tlrb42HM9qDFPzkNHEKRUDQxWUsA9rkJ3+G8sk=\""},{"Name":"Last-Modified","Value":"Mon, 11 Aug 2025 20:35:24 GMT"},{"Name":"Vary","Value":"Content-Encoding"}],"EndpointProperties":[{"Name":"fingerprint","Value":"rzyj5ihccb"},{"Name":"integrity","Value":"sha256-5IKq8tlrb42HM9qDFPzkNHEKRUDQxWUsA9rkJ3+G8sk="},{"Name":"label","Value":"js/chat.js.gz"}]},{"Route":"js/document-handler.js","AssetFile":"js/document-handler.js.gz","Selectors":[{"Name":"Content-Encoding","Value":"gzip","Quality":"0.000601684717"}],"ResponseHeaders":[{"Name":"Accept-Ranges","Value":"bytes"},{"Name":"Cache-Control","Value":"no-cache"},{"Name":"Content-Encoding","Value":"gzip"},{"Name":"Content-Length","Value":"1661"},{"Name":"Content-Type","Value":"text/javascript"},{"Name":"ETag","Value":"\"qVYzhllVbyiZTZVCC9ksWx76f2USZQKGdAxmZSy1LnI=\""},{"Name":"ETag","Value":"W/\"qrPQYY03AByel3aE+uxOiNiNvToRCfxF5EL60auTVto=\""},{"Name":"Last-Modified","Value":"Sun, 17 Aug 2025 15:04:25 GMT"},{"Name":"Vary","Value":"Content-Encoding"}],"EndpointProperties":[{"Name":"integrity","Value":"sha256-qrPQYY03AByel3aE+uxOiNiNvToRCfxF5EL60auTVto="}]},{"Route":"js/document-handler.js","AssetFile":"js/document-handler.js.br","Selectors":[{"Name":"Content-Encoding","Value":"br","Quality":"0.000738007380"}],"ResponseHeaders":[{"Name":"Accept-Ranges","Value":"bytes"},{"Name":"Cache-Control","Value":"no-cache"},{"Name":"Content-Encoding","Value":"br"},{"Name":"Content-Length","Value":"1354"},{"Name":"Content-Type","Value":"text/javascript"},{"Name":"ETag","Value":"\"+VI1us+cG/vXfloWOEt8Yj7XDeuklXyTO+ZKtK/ienE=\""},{"Name":"ETag","Value":"W/\"qrPQYY03AByel3aE+uxOiNiNvToRCfxF5EL60auTVto=\""},{"Name":"Last-Modified","Value":"Sun, 17 Aug 2025 15:04:25 GMT"},{"Name":"Vary","Value":"Content-Encoding"}],"EndpointProperties":[{"Name":"integrity","Value":"sha256-qrPQYY03AByel3aE+uxOiNiNvToRCfxF5EL60auTVto="}]},{"Route":"js/document-handler.js","AssetFile":"js/document-handler.js","Selectors":[],"ResponseHeaders":[{"Name":"Accept-Ranges","Value":"bytes"},{"Name":"Cache-Control","Value":"no-cache"},{"Name":"Content-Length","Value":"5474"},{"Name":"Content-Type","Value":"text/javascript"},{"Name":"ETag","Value":"\"qrPQYY03AByel3aE+uxOiNiNvToRCfxF5EL60auTVto=\""},{"Name":"Last-Modified","Value":"Sun, 17 Aug 2025 15:03:50 GMT"}],"EndpointProperties":[{"Name":"integrity","Value":"sha256-qrPQYY03AByel3aE+uxOiNiNvToRCfxF5EL60auTVto="}]},{"Route":"js/document-handler.js.br","AssetFile":"js/document-handler.js.br","Selectors":[],"ResponseHeaders":[{"Name":"Accept-Ranges","Value":"bytes"},{"Name":"Cache-Control","Value":"no-cache"},{"Name":"Content-Encoding","Value":"br"},{"Name":"Content-Length","Value":"1354"},{"Name":"Content-Type","Value":"text/javascript"},{"Name":"ETag","Value":"\"+VI1us+cG/vXfloWOEt8Yj7XDeuklXyTO+ZKtK/ienE=\""},{"Name":"Last-Modified","Value":"Sun, 17 Aug 2025 15:04:25 GMT"},{"Name":"Vary","Value":"Content-Encoding"}],"EndpointProperties":[{"Name":"integrity","Value":"sha256-+VI1us+cG/vXfloWOEt8Yj7XDeuklXyTO+ZKtK/ienE="}]},{"Route":"js/document-handler.js.gz","AssetFile":"js/document-handler.js.gz","Selectors":[],"ResponseHeaders":[{"Name":"Accept-Ranges","Value":"bytes"},{"Name":"Cache-Control","Value":"no-cache"},{"Name":"Content-Encoding","Value":"gzip"},{"Name":"Content-Length","Value":"1661"},{"Name":"Content-Type","Value":"text/javascript"},{"Name":"ETag","Value":"\"qVYzhllVbyiZTZVCC9ksWx76f2USZQKGdAxmZSy1LnI=\""},{"Name":"Last-Modified","Value":"Sun, 17 Aug 2025 15:04:25 GMT"},{"Name":"Vary","Value":"Content-Encoding"}],"EndpointProperties":[{"Name":"integrity","Value":"sha256-qVYzhllVbyiZTZVCC9ksWx76f2USZQKGdAxmZSy1LnI="}]},{"Route":"js/document-handler.uq903uw8zb.js","AssetFile":"js/document-handler.js.gz","Selectors":[{"Name":"Content-Encoding","Value":"gzip","Quality":"0.000601684717"}],"ResponseHeaders":[{"Name":"Accept-Ranges","Value":"bytes"},{"Name":"Cache-Control","Value":"max-age=31536000, immutable"},{"Name":"Content-Encoding","Value":"gzip"},{"Name":"Content-Length","Value":"1661"},{"Name":"Content-Type","Value":"text/javascript"},{"Name":"ETag","Value":"\"qVYzhllVbyiZTZVCC9ksWx76f2USZQKGdAxmZSy1LnI=\""},{"Name":"ETag","Value":"W/\"qrPQYY03AByel3aE+uxOiNiNvToRCfxF5EL60auTVto=\""},{"Name":"Last-Modified","Value":"Sun, 17 Aug 2025 15:04:25 GMT"},{"Name":"Vary","Value":"Content-Encoding"}],"EndpointProperties":[{"Name":"fingerprint","Value":"uq903uw8zb"},{"Name":"integrity","Value":"sha256-qrPQYY03AByel3aE+uxOiNiNvToRCfxF5EL60auTVto="},{"Name":"label","Value":"js/document-handler.js"}]},{"Route":"js/document-handler.uq903uw8zb.js","AssetFile":"js/document-handler.js.br","Selectors":[{"Name":"Content-Encoding","Value":"br","Quality":"0.000738007380"}],"ResponseHeaders":[{"Name":"Accept-Ranges","Value":"bytes"},{"Name":"Cache-Control","Value":"max-age=31536000, immutable"},{"Name":"Content-Encoding","Value":"br"},{"Name":"Content-Length","Value":"1354"},{"Name":"Content-Type","Value":"text/javascript"},{"Name":"ETag","Value":"\"+VI1us+cG/vXfloWOEt8Yj7XDeuklXyTO+ZKtK/ienE=\""},{"Name":"ETag","Value":"W/\"qrPQYY03AByel3aE+uxOiNiNvToRCfxF5EL60auTVto=\""},{"Name":"Last-Modified","Value":"Sun, 17 Aug 2025 15:04:25 GMT"},{"Name":"Vary","Value":"Content-Encoding"}],"EndpointProperties":[{"Name":"fingerprint","Value":"uq903uw8zb"},{"Name":"integrity","Value":"sha256-qrPQYY03AByel3aE+uxOiNiNvToRCfxF5EL60auTVto="},{"Name":"label","Value":"js/document-handler.js"}]},{"Route":"js/document-handler.uq903uw8zb.js","AssetFile":"js/document-handler.js","Selectors":[],"ResponseHeaders":[{"Name":"Accept-Ranges","Value":"bytes"},{"Name":"Cache-Control","Value":"max-age=31536000, immutable"},{"Name":"Content-Length","Value":"5474"},{"Name":"Content-Type","Value":"text/javascript"},{"Name":"ETag","Value":"\"qrPQYY03AByel3aE+uxOiNiNvToRCfxF5EL60auTVto=\""},{"Name":"Last-Modified","Value":"Sun, 17 Aug 2025 15:03:50 GMT"}],"EndpointProperties":[{"Name":"fingerprint","Value":"uq903uw8zb"},{"Name":"integrity","Value":"sha256-qrPQYY03AByel3aE+uxOiNiNvToRCfxF5EL60auTVto="},{"Name":"label","Value":"js/document-handler.js"}]},{"Route":"js/document-handler.uq903uw8zb.js.br","AssetFile":"js/document-handler.js.br","Selectors":[],"ResponseHeaders":[{"Name":"Accept-Ranges","Value":"bytes"},{"Name":"Cache-Control","Value":"max-age=31536000, immutable"},{"Name":"Content-Encoding","Value":"br"},{"Name":"Content-Length","Value":"1354"},{"Name":"Content-Type","Value":"text/javascript"},{"Name":"ETag","Value":"\"+VI1us+cG/vXfloWOEt8Yj7XDeuklXyTO+ZKtK/ienE=\""},{"Name":"Last-Modified","Value":"Sun, 17 Aug 2025 15:04:25 GMT"},{"Name":"Vary","Value":"Content-Encoding"}],"EndpointProperties":[{"Name":"fingerprint","Value":"uq903uw8zb"},{"Name":"integrity","Value":"sha256-+VI1us+cG/vXfloWOEt8Yj7XDeuklXyTO+ZKtK/ienE="},{"Name":"label","Value":"js/document-handler.js.br"}]},{"Route":"js/document-handler.uq903uw8zb.js.gz","AssetFile":"js/document-handler.js.gz","Selectors":[],"ResponseHeaders":[{"Name":"Accept-Ranges","Value":"bytes"},{"Name":"Cache-Control","Value":"max-age=31536000, immutable"},{"Name":"Content-Encoding","Value":"gzip"},{"Name":"Content-Length","Value":"1661"},{"Name":"Content-Type","Value":"text/javascript"},{"Name":"ETag","Value":"\"qVYzhllVbyiZTZVCC9ksWx76f2USZQKGdAxmZSy1LnI=\""},{"Name":"Last-Modified","Value":"Sun, 17 Aug 2025 15:04:25 GMT"},{"Name":"Vary","Value":"Content-Encoding"}],"EndpointProperties":[{"Name":"fingerprint","Value":"uq903uw8zb"},{"Name":"integrity","Value":"sha256-qVYzhllVbyiZTZVCC9ksWx76f2USZQKGdAxmZSy1LnI="},{"Name":"label","Value":"js/document-handler.js.gz"}]},{"Route":"js/msal-browser.min.fplmt88rd0.js","AssetFile":"js/msal-browser.min.js.gz","Selectors":[{"Name":"Content-Encoding","Value":"gzip","Quality":"0.000012958404"}],"ResponseHeaders":[{"Name":"Accept-Ranges","Value":"bytes"},{"Name":"Cache-Control","Value":"max-age=31536000, immutable"},{"Name":"Content-Encoding","Value":"gzip"},{"Name":"Content-Length","Value":"77169"},{"Name":"Content-Type","Value":"text/javascript"},{"Name":"ETag","Value":"\"IbSpVz2NfQjLS/TXnh1/RmaCvVmZ0jSGVIwkV8U5zI8=\""},{"Name":"ETag","Value":"W/\"nUuteCkFi6Xv+0tPHV/WLrRoT00diiLac4JVAQlDyCE=\""},{"Name":"Last-Modified","Value":"Tue, 12 Aug 2025 12:30:54 GMT"},{"Name":"Vary","Value":"Content-Encoding"}],"EndpointProperties":[{"Name":"fingerprint","Value":"fplmt88rd0"},{"Name":"integrity","Value":"sha256-nUuteCkFi6Xv+0tPHV/WLrRoT00diiLac4JVAQlDyCE="},{"Name":"label","Value":"js/msal-browser.min.js"}]},{"Route":"js/msal-browser.min.fplmt88rd0.js","AssetFile":"js/msal-browser.min.js.br","Selectors":[{"Name":"Content-Encoding","Value":"br","Quality":"0.000015997952"}],"ResponseHeaders":[{"Name":"Accept-Ranges","Value":"bytes"},{"Name":"Cache-Control","Value":"max-age=31536000, immutable"},{"Name":"Content-Encoding","Value":"br"},{"Name":"Content-Length","Value":"62507"},{"Name":"Content-Type","Value":"text/javascript"},{"Name":"ETag","Value":"\"6e/+F0iKH9EYI9oYGZPmyz5EUMW6FhxLHqR6d9SNHb8=\""},{"Name":"ETag","Value":"W/\"nUuteCkFi6Xv+0tPHV/WLrRoT00diiLac4JVAQlDyCE=\""},{"Name":"Last-Modified","Value":"Tue, 12 Aug 2025 12:30:55 GMT"},{"Name":"Vary","Value":"Content-Encoding"}],"EndpointProperties":[{"Name":"fingerprint","Value":"fplmt88rd0"},{"Name":"integrity","Value":"sha256-nUuteCkFi6Xv+0tPHV/WLrRoT00diiLac4JVAQlDyCE="},{"Name":"label","Value":"js/msal-browser.min.js"}]},{"Route":"js/msal-browser.min.fplmt88rd0.js","AssetFile":"js/msal-browser.min.js","Selectors":[],"ResponseHeaders":[{"Name":"Accept-Ranges","Value":"bytes"},{"Name":"Cache-Control","Value":"max-age=31536000, immutable"},{"Name":"Content-Length","Value":"314785"},{"Name":"Content-Type","Value":"text/javascript"},{"Name":"ETag","Value":"\"nUuteCkFi6Xv+0tPHV/WLrRoT00diiLac4JVAQlDyCE=\""},{"Name":"Last-Modified","Value":"Tue, 12 Aug 2025 12:27:14 GMT"}],"EndpointProperties":[{"Name":"fingerprint","Value":"fplmt88rd0"},{"Name":"integrity","Value":"sha256-nUuteCkFi6Xv+0tPHV/WLrRoT00diiLac4JVAQlDyCE="},{"Name":"label","Value":"js/msal-browser.min.js"}]},{"Route":"js/msal-browser.min.fplmt88rd0.js.br","AssetFile":"js/msal-browser.min.js.br","Selectors":[],"ResponseHeaders":[{"Name":"Accept-Ranges","Value":"bytes"},{"Name":"Cache-Control","Value":"max-age=31536000, immutable"},{"Name":"Content-Encoding","Value":"br"},{"Name":"Content-Length","Value":"62507"},{"Name":"Content-Type","Value":"text/javascript"},{"Name":"ETag","Value":"\"6e/+F0iKH9EYI9oYGZPmyz5EUMW6FhxLHqR6d9SNHb8=\""},{"Name":"Last-Modified","Value":"Tue, 12 Aug 2025 12:30:55 GMT"},{"Name":"Vary","Value":"Content-Encoding"}],"EndpointProperties":[{"Name":"fingerprint","Value":"fplmt88rd0"},{"Name":"integrity","Value":"sha256-6e/+F0iKH9EYI9oYGZPmyz5EUMW6FhxLHqR6d9SNHb8="},{"Name":"label","Value":"js/msal-browser.min.js.br"}]},{"Route":"js/msal-browser.min.fplmt88rd0.js.gz","AssetFile":"js/msal-browser.min.js.gz","Selectors":[],"ResponseHeaders":[{"Name":"Accept-Ranges","Value":"bytes"},{"Name":"Cache-Control","Value":"max-age=31536000, immutable"},{"Name":"Content-Encoding","Value":"gzip"},{"Name":"Content-Length","Value":"77169"},{"Name":"Content-Type","Value":"text/javascript"},{"Name":"ETag","Value":"\"IbSpVz2NfQjLS/TXnh1/RmaCvVmZ0jSGVIwkV8U5zI8=\""},{"Name":"Last-Modified","Value":"Tue, 12 Aug 2025 12:30:54 GMT"},{"Name":"Vary","Value":"Content-Encoding"}],"EndpointProperties":[{"Name":"fingerprint","Value":"fplmt88rd0"},{"Name":"integrity","Value":"sha256-IbSpVz2NfQjLS/TXnh1/RmaCvVmZ0jSGVIwkV8U5zI8="},{"Name":"label","Value":"js/msal-browser.min.js.gz"}]},{"Route":"js/msal-browser.min.js","AssetFile":"js/msal-browser.min.js.gz","Selectors":[{"Name":"Content-Encoding","Value":"gzip","Quality":"0.000012958404"}],"ResponseHeaders":[{"Name":"Accept-Ranges","Value":"bytes"},{"Name":"Cache-Control","Value":"no-cache"},{"Name":"Content-Encoding","Value":"gzip"},{"Name":"Content-Length","Value":"77169"},{"Name":"Content-Type","Value":"text/javascript"},{"Name":"ETag","Value":"\"IbSpVz2NfQjLS/TXnh1/RmaCvVmZ0jSGVIwkV8U5zI8=\""},{"Name":"ETag","Value":"W/\"nUuteCkFi6Xv+0tPHV/WLrRoT00diiLac4JVAQlDyCE=\""},{"Name":"Last-Modified","Value":"Tue, 12 Aug 2025 12:30:54 GMT"},{"Name":"Vary","Value":"Content-Encoding"}],"EndpointProperties":[{"Name":"integrity","Value":"sha256-nUuteCkFi6Xv+0tPHV/WLrRoT00diiLac4JVAQlDyCE="}]},{"Route":"js/msal-browser.min.js","AssetFile":"js/msal-browser.min.js.br","Selectors":[{"Name":"Content-Encoding","Value":"br","Quality":"0.000015997952"}],"ResponseHeaders":[{"Name":"Accept-Ranges","Value":"bytes"},{"Name":"Cache-Control","Value":"no-cache"},{"Name":"Content-Encoding","Value":"br"},{"Name":"Content-Length","Value":"62507"},{"Name":"Content-Type","Value":"text/javascript"},{"Name":"ETag","Value":"\"6e/+F0iKH9EYI9oYGZPmyz5EUMW6FhxLHqR6d9SNHb8=\""},{"Name":"ETag","Value":"W/\"nUuteCkFi6Xv+0tPHV/WLrRoT00diiLac4JVAQlDyCE=\""},{"Name":"Last-Modified","Value":"Tue, 12 Aug 2025 12:30:55 GMT"},{"Name":"Vary","Value":"Content-Encoding"}],"EndpointProperties":[{"Name":"integrity","Value":"sha256-nUuteCkFi6Xv+0tPHV/WLrRoT00diiLac4JVAQlDyCE="}]},{"Route":"js/msal-browser.min.js","AssetFile":"js/msal-browser.min.js","Selectors":[],"ResponseHeaders":[{"Name":"Accept-Ranges","Value":"bytes"},{"Name":"Cache-Control","Value":"no-cache"},{"Name":"Content-Length","Value":"314785"},{"Name":"Content-Type","Value":"text/javascript"},{"Name":"ETag","Value":"\"nUuteCkFi6Xv+0tPHV/WLrRoT00diiLac4JVAQlDyCE=\""},{"Name":"Last-Modified","Value":"Tue, 12 Aug 2025 12:27:14 GMT"}],"EndpointProperties":[{"Name":"integrity","Value":"sha256-nUuteCkFi6Xv+0tPHV/WLrRoT00diiLac4JVAQlDyCE="}]},{"Route":"js/msal-browser.min.js.br","AssetFile":"js/msal-browser.min.js.br","Selectors":[],"ResponseHeaders":[{"Name":"Accept-Ranges","Value":"bytes"},{"Name":"Cache-Control","Value":"no-cache"},{"Name":"Content-Encoding","Value":"br"},{"Name":"Content-Length","Value":"62507"},{"Name":"Content-Type","Value":"text/javascript"},{"Name":"ETag","Value":"\"6e/+F0iKH9EYI9oYGZPmyz5EUMW6FhxLHqR6d9SNHb8=\""},{"Name":"Last-Modified","Value":"Tue, 12 Aug 2025 12:30:55 GMT"},{"Name":"Vary","Value":"Content-Encoding"}],"EndpointProperties":[{"Name":"integrity","Value":"sha256-6e/+F0iKH9EYI9oYGZPmyz5EUMW6FhxLHqR6d9SNHb8="}]},{"Route":"js/msal-browser.min.js.gz","AssetFile":"js/msal-browser.min.js.gz","Selectors":[],"ResponseHeaders":[{"Name":"Accept-Ranges","Value":"bytes"},{"Name":"Cache-Control","Value":"no-cache"},{"Name":"Content-Encoding","Value":"gzip"},{"Name":"Content-Length","Value":"77169"},{"Name":"Content-Type","Value":"text/javascript"},{"Name":"ETag","Value":"\"IbSpVz2NfQjLS/TXnh1/RmaCvVmZ0jSGVIwkV8U5zI8=\""},{"Name":"Last-Modified","Value":"Tue, 12 Aug 2025 12:30:54 GMT"},{"Name":"Vary","Value":"Content-Encoding"}],"EndpointProperties":[{"Name":"integrity","Value":"sha256-IbSpVz2NfQjLS/TXnh1/RmaCvVmZ0jSGVIwkV8U5zI8="}]},{"Route":"js/script.js","AssetFile":"js/script.js.gz","Selectors":[{"Name":"Content-Encoding","Value":"gzip","Quality":"0.000556483027"}],"ResponseHeaders":[{"Name":"Accept-Ranges","Value":"bytes"},{"Name":"Cache-Control","Value":"no-cache"},{"Name":"Content-Encoding","Value":"gzip"},{"Name":"Content-Length","Value":"1796"},{"Name":"Content-Type","Value":"text/javascript"},{"Name":"ETag","Value":"\"JXagovt+P44zmC5lpb0peMMM+L8sPAwEENutGBGjjNk=\""},{"Name":"ETag","Value":"W/\"EU/FVDZG3hv1o2a8+R8Aafa5NepC5jukJuOY35LOJrA=\""},{"Name":"Last-Modified","Value":"Mon, 11 Aug 2025 20:35:24 GMT"},{"Name":"Vary","Value":"Content-Encoding"}],"EndpointProperties":[{"Name":"integrity","Value":"sha256-EU/FVDZG3hv1o2a8+R8Aafa5NepC5jukJuOY35LOJrA="}]},{"Route":"js/script.js","AssetFile":"js/script.js.br","Selectors":[{"Name":"Content-Encoding","Value":"br","Quality":"0.000671591672"}],"ResponseHeaders":[{"Name":"Accept-Ranges","Value":"bytes"},{"Name":"Cache-Control","Value":"no-cache"},{"Name":"Content-Encoding","Value":"br"},{"Name":"Content-Length","Value":"1488"},{"Name":"Content-Type","Value":"text/javascript"},{"Name":"ETag","Value":"\"hvju/vQvy4T/JUGka4YzS8UNmic1QiXiOsbFeiBCWT0=\""},{"Name":"ETag","Value":"W/\"EU/FVDZG3hv1o2a8+R8Aafa5NepC5jukJuOY35LOJrA=\""},{"Name":"Last-Modified","Value":"Mon, 11 Aug 2025 20:35:25 GMT"},{"Name":"Vary","Value":"Content-Encoding"}],"EndpointProperties":[{"Name":"integrity","Value":"sha256-EU/FVDZG3hv1o2a8+R8Aafa5NepC5jukJuOY35LOJrA="}]},{"Route":"js/script.js","AssetFile":"js/script.js","Selectors":[],"ResponseHeaders":[{"Name":"Accept-Ranges","Value":"bytes"},{"Name":"Cache-Control","Value":"no-cache"},{"Name":"Content-Length","Value":"6523"},{"Name":"Content-Type","Value":"text/javascript"},{"Name":"ETag","Value":"\"EU/FVDZG3hv1o2a8+R8Aafa5NepC5jukJuOY35LOJrA=\""},{"Name":"Last-Modified","Value":"Fri, 08 Aug 2025 14:28:18 GMT"}],"EndpointProperties":[{"Name":"integrity","Value":"sha256-EU/FVDZG3hv1o2a8+R8Aafa5NepC5jukJuOY35LOJrA="}]},{"Route":"js/script.js.br","AssetFile":"js/script.js.br","Selectors":[],"ResponseHeaders":[{"Name":"Accept-Ranges","Value":"bytes"},{"Name":"Cache-Control","Value":"no-cache"},{"Name":"Content-Encoding","Value":"br"},{"Name":"Content-Length","Value":"1488"},{"Name":"Content-Type","Value":"text/javascript"},{"Name":"ETag","Value":"\"hvju/vQvy4T/JUGka4YzS8UNmic1QiXiOsbFeiBCWT0=\""},{"Name":"Last-Modified","Value":"Mon, 11 Aug 2025 20:35:25 GMT"},{"Name":"Vary","Value":"Content-Encoding"}],"EndpointProperties":[{"Name":"integrity","Value":"sha256-hvju/vQvy4T/JUGka4YzS8UNmic1QiXiOsbFeiBCWT0="}]},{"Route":"js/script.js.gz","AssetFile":"js/script.js.gz","Selectors":[],"ResponseHeaders":[{"Name":"Accept-Ranges","Value":"bytes"},{"Name":"Cache-Control","Value":"no-cache"},{"Name":"Content-Encoding","Value":"gzip"},{"Name":"Content-Length","Value":"1796"},{"Name":"Content-Type","Value":"text/javascript"},{"Name":"ETag","Value":"\"JXagovt+P44zmC5lpb0peMMM+L8sPAwEENutGBGjjNk=\""},{"Name":"Last-Modified","Value":"Mon, 11 Aug 2025 20:35:24 GMT"},{"Name":"Vary","Value":"Content-Encoding"}],"EndpointProperties":[{"Name":"integrity","Value":"sha256-JXagovt+P44zmC5lpb0peMMM+L8sPAwEENutGBGjjNk="}]},{"Route":"js/script.zvfetz0bk1.js","AssetFile":"js/script.js.gz","Selectors":[{"Name":"Content-Encoding","Value":"gzip","Quality":"0.000556483027"}],"ResponseHeaders":[{"Name":"Accept-Ranges","Value":"bytes"},{"Name":"Cache-Control","Value":"max-age=31536000, immutable"},{"Name":"Content-Encoding","Value":"gzip"},{"Name":"Content-Length","Value":"1796"},{"Name":"Content-Type","Value":"text/javascript"},{"Name":"ETag","Value":"\"JXagovt+P44zmC5lpb0peMMM+L8sPAwEENutGBGjjNk=\""},{"Name":"ETag","Value":"W/\"EU/FVDZG3hv1o2a8+R8Aafa5NepC5jukJuOY35LOJrA=\""},{"Name":"Last-Modified","Value":"Mon, 11 Aug 2025 20:35:24 GMT"},{"Name":"Vary","Value":"Content-Encoding"}],"EndpointProperties":[{"Name":"fingerprint","Value":"zvfetz0bk1"},{"Name":"integrity","Value":"sha256-EU/FVDZG3hv1o2a8+R8Aafa5NepC5jukJuOY35LOJrA="},{"Name":"label","Value":"js/script.js"}]},{"Route":"js/script.zvfetz0bk1.js","AssetFile":"js/script.js.br","Selectors":[{"Name":"Content-Encoding","Value":"br","Quality":"0.000671591672"}],"ResponseHeaders":[{"Name":"Accept-Ranges","Value":"bytes"},{"Name":"Cache-Control","Value":"max-age=31536000, immutable"},{"Name":"Content-Encoding","Value":"br"},{"Name":"Content-Length","Value":"1488"},{"Name":"Content-Type","Value":"text/javascript"},{"Name":"ETag","Value":"\"hvju/vQvy4T/JUGka4YzS8UNmic1QiXiOsbFeiBCWT0=\""},{"Name":"ETag","Value":"W/\"EU/FVDZG3hv1o2a8+R8Aafa5NepC5jukJuOY35LOJrA=\""},{"Name":"Last-Modified","Value":"Mon, 11 Aug 2025 20:35:25 GMT"},{"Name":"Vary","Value":"Content-Encoding"}],"EndpointProperties":[{"Name":"fingerprint","Value":"zvfetz0bk1"},{"Name":"integrity","Value":"sha256-EU/FVDZG3hv1o2a8+R8Aafa5NepC5jukJuOY35LOJrA="},{"Name":"label","Value":"js/script.js"}]},{"Route":"js/script.zvfetz0bk1.js","AssetFile":"js/script.js","Selectors":[],"ResponseHeaders":[{"Name":"Accept-Ranges","Value":"bytes"},{"Name":"Cache-Control","Value":"max-age=31536000, immutable"},{"Name":"Content-Length","Value":"6523"},{"Name":"Content-Type","Value":"text/javascript"},{"Name":"ETag","Value":"\"EU/FVDZG3hv1o2a8+R8Aafa5NepC5jukJuOY35LOJrA=\""},{"Name":"Last-Modified","Value":"Fri, 08 Aug 2025 14:28:18 GMT"}],"EndpointProperties":[{"Name":"fingerprint","Value":"zvfetz0bk1"},{"Name":"integrity","Value":"sha256-EU/FVDZG3hv1o2a8+R8Aafa5NepC5jukJuOY35LOJrA="},{"Name":"label","Value":"js/script.js"}]},{"Route":"js/script.zvfetz0bk1.js.br","AssetFile":"js/script.js.br","Selectors":[],"ResponseHeaders":[{"Name":"Accept-Ranges","Value":"bytes"},{"Name":"Cache-Control","Value":"max-age=31536000, immutable"},{"Name":"Content-Encoding","Value":"br"},{"Name":"Content-Length","Value":"1488"},{"Name":"Content-Type","Value":"text/javascript"},{"Name":"ETag","Value":"\"hvju/vQvy4T/JUGka4YzS8UNmic1QiXiOsbFeiBCWT0=\""},{"Name":"Last-Modified","Value":"Mon, 11 Aug 2025 20:35:25 GMT"},{"Name":"Vary","Value":"Content-Encoding"}],"EndpointProperties":[{"Name":"fingerprint","Value":"zvfetz0bk1"},{"Name":"integrity","Value":"sha256-hvju/vQvy4T/JUGka4YzS8UNmic1QiXiOsbFeiBCWT0="},{"Name":"label","Value":"js/script.js.br"}]},{"Route":"js/script.zvfetz0bk1.js.gz","AssetFile":"js/script.js.gz","Selectors":[],"ResponseHeaders":[{"Name":"Accept-Ranges","Value":"bytes"},{"Name":"Cache-Control","Value":"max-age=31536000, immutable"},{"Name":"Content-Encoding","Value":"gzip"},{"Name":"Content-Length","Value":"1796"},{"Name":"Content-Type","Value":"text/javascript"},{"Name":"ETag","Value":"\"JXagovt+P44zmC5lpb0peMMM+L8sPAwEENutGBGjjNk=\""},{"Name":"Last-Modified","Value":"Mon, 11 Aug 2025 20:35:24 GMT"},{"Name":"Vary","Value":"Content-Encoding"}],"EndpointProperties":[{"Name":"fingerprint","Value":"zvfetz0bk1"},{"Name":"integrity","Value":"sha256-JXagovt+P44zmC5lpb0peMMM+L8sPAwEENutGBGjjNk="},{"Name":"label","Value":"js/script.js.gz"}]},{"Route":"js/ui.js","AssetFile":"js/ui.js.gz","Selectors":[{"Name":"Content-Encoding","Value":"gzip","Quality":"0.000634920635"}],"ResponseHeaders":[{"Name":"Accept-Ranges","Value":"bytes"},{"Name":"Cache-Control","Value":"no-cache"},{"Name":"Content-Encoding","Value":"gzip"},{"Name":"Content-Length","Value":"1574"},{"Name":"Content-Type","Value":"text/javascript"},{"Name":"ETag","Value":"\"tbZXfRNLUIr4YV3QIAM9sMzwgfeA5VcvepD+kAVWVaI=\""},{"Name":"ETag","Value":"W/\"FcQVx8D5QqxuqfQvNxYKVO+doK0BLeG4mn1I+2Jqd2A=\""},{"Name":"Last-Modified","Value":"Mon, 11 Aug 2025 20:35:24 GMT"},{"Name":"Vary","Value":"Content-Encoding"}],"EndpointProperties":[{"Name":"integrity","Value":"sha256-FcQVx8D5QqxuqfQvNxYKVO+doK0BLeG4mn1I+2Jqd2A="}]},{"Route":"js/ui.js","AssetFile":"js/ui.js.br","Selectors":[{"Name":"Content-Encoding","Value":"br","Quality":"0.000775193798"}],"ResponseHeaders":[{"Name":"Accept-Ranges","Value":"bytes"},{"Name":"Cache-Control","Value":"no-cache"},{"Name":"Content-Encoding","Value":"br"},{"Name":"Content-Length","Value":"1289"},{"Name":"Content-Type","Value":"text/javascript"},{"Name":"ETag","Value":"\"8O7c+Y2JYyXslUp9H3jWjBMo7qnAFcbteK26g1UZxfo=\""},{"Name":"ETag","Value":"W/\"FcQVx8D5QqxuqfQvNxYKVO+doK0BLeG4mn1I+2Jqd2A=\""},{"Name":"Last-Modified","Value":"Mon, 11 Aug 2025 20:35:25 GMT"},{"Name":"Vary","Value":"Content-Encoding"}],"EndpointProperties":[{"Name":"integrity","Value":"sha256-FcQVx8D5QqxuqfQvNxYKVO+doK0BLeG4mn1I+2Jqd2A="}]},{"Route":"js/ui.js","AssetFile":"js/ui.js","Selectors":[],"ResponseHeaders":[{"Name":"Accept-Ranges","Value":"bytes"},{"Name":"Cache-Control","Value":"no-cache"},{"Name":"Content-Length","Value":"5095"},{"Name":"Content-Type","Value":"text/javascript"},{"Name":"ETag","Value":"\"FcQVx8D5QqxuqfQvNxYKVO+doK0BLeG4mn1I+2Jqd2A=\""},{"Name":"Last-Modified","Value":"Mon, 14 Jul 2025 18:37:07 GMT"}],"EndpointProperties":[{"Name":"integrity","Value":"sha256-FcQVx8D5QqxuqfQvNxYKVO+doK0BLeG4mn1I+2Jqd2A="}]},{"Route":"js/ui.js.br","AssetFile":"js/ui.js.br","Selectors":[],"ResponseHeaders":[{"Name":"Accept-Ranges","Value":"bytes"},{"Name":"Cache-Control","Value":"no-cache"},{"Name":"Content-Encoding","Value":"br"},{"Name":"Content-Length","Value":"1289"},{"Name":"Content-Type","Value":"text/javascript"},{"Name":"ETag","Value":"\"8O7c+Y2JYyXslUp9H3jWjBMo7qnAFcbteK26g1UZxfo=\""},{"Name":"Last-Modified","Value":"Mon, 11 Aug 2025 20:35:25 GMT"},{"Name":"Vary","Value":"Content-Encoding"}],"EndpointProperties":[{"Name":"integrity","Value":"sha256-8O7c+Y2JYyXslUp9H3jWjBMo7qnAFcbteK26g1UZxfo="}]},{"Route":"js/ui.js.gz","AssetFile":"js/ui.js.gz","Selectors":[],"ResponseHeaders":[{"Name":"Accept-Ranges","Value":"bytes"},{"Name":"Cache-Control","Value":"no-cache"},{"Name":"Content-Encoding","Value":"gzip"},{"Name":"Content-Length","Value":"1574"},{"Name":"Content-Type","Value":"text/javascript"},{"Name":"ETag","Value":"\"tbZXfRNLUIr4YV3QIAM9sMzwgfeA5VcvepD+kAVWVaI=\""},{"Name":"Last-Modified","Value":"Mon, 11 Aug 2025 20:35:24 GMT"},{"Name":"Vary","Value":"Content-Encoding"}],"EndpointProperties":[{"Name":"integrity","Value":"sha256-tbZXfRNLUIr4YV3QIAM9sMzwgfeA5VcvepD+kAVWVaI="}]},{"Route":"js/ui.t6mrjmlr4w.js","AssetFile":"js/ui.js.gz","Selectors":[{"Name":"Content-Encoding","Value":"gzip","Quality":"0.000634920635"}],"ResponseHeaders":[{"Name":"Accept-Ranges","Value":"bytes"},{"Name":"Cache-Control","Value":"max-age=31536000, immutable"},{"Name":"Content-Encoding","Value":"gzip"},{"Name":"Content-Length","Value":"1574"},{"Name":"Content-Type","Value":"text/javascript"},{"Name":"ETag","Value":"\"tbZXfRNLUIr4YV3QIAM9sMzwgfeA5VcvepD+kAVWVaI=\""},{"Name":"ETag","Value":"W/\"FcQVx8D5QqxuqfQvNxYKVO+doK0BLeG4mn1I+2Jqd2A=\""},{"Name":"Last-Modified","Value":"Mon, 11 Aug 2025 20:35:24 GMT"},{"Name":"Vary","Value":"Content-Encoding"}],"EndpointProperties":[{"Name":"fingerprint","Value":"t6mrjmlr4w"},{"Name":"integrity","Value":"sha256-FcQVx8D5QqxuqfQvNxYKVO+doK0BLeG4mn1I+2Jqd2A="},{"Name":"label","Value":"js/ui.js"}]},{"Route":"js/ui.t6mrjmlr4w.js","AssetFile":"js/ui.js.br","Selectors":[{"Name":"Content-Encoding","Value":"br","Quality":"0.000775193798"}],"ResponseHeaders":[{"Name":"Accept-Ranges","Value":"bytes"},{"Name":"Cache-Control","Value":"max-age=31536000, immutable"},{"Name":"Content-Encoding","Value":"br"},{"Name":"Content-Length","Value":"1289"},{"Name":"Content-Type","Value":"text/javascript"},{"Name":"ETag","Value":"\"8O7c+Y2JYyXslUp9H3jWjBMo7qnAFcbteK26g1UZxfo=\""},{"Name":"ETag","Value":"W/\"FcQVx8D5QqxuqfQvNxYKVO+doK0BLeG4mn1I+2Jqd2A=\""},{"Name":"Last-Modified","Value":"Mon, 11 Aug 2025 20:35:25 GMT"},{"Name":"Vary","Value":"Content-Encoding"}],"EndpointProperties":[{"Name":"fingerprint","Value":"t6mrjmlr4w"},{"Name":"integrity","Value":"sha256-FcQVx8D5QqxuqfQvNxYKVO+doK0BLeG4mn1I+2Jqd2A="},{"Name":"label","Value":"js/ui.js"}]},{"Route":"js/ui.t6mrjmlr4w.js","AssetFile":"js/ui.js","Selectors":[],"ResponseHeaders":[{"Name":"Accept-Ranges","Value":"bytes"},{"Name":"Cache-Control","Value":"max-age=31536000, immutable"},{"Name":"Content-Length","Value":"5095"},{"Name":"Content-Type","Value":"text/javascript"},{"Name":"ETag","Value":"\"FcQVx8D5QqxuqfQvNxYKVO+doK0BLeG4mn1I+2Jqd2A=\""},{"Name":"Last-Modified","Value":"Mon, 14 Jul 2025 18:37:07 GMT"}],"EndpointProperties":[{"Name":"fingerprint","Value":"t6mrjmlr4w"},{"Name":"integrity","Value":"sha256-FcQVx8D5QqxuqfQvNxYKVO+doK0BLeG4mn1I+2Jqd2A="},{"Name":"label","Value":"js/ui.js"}]},{"Route":"js/ui.t6mrjmlr4w.js.br","AssetFile":"js/ui.js.br","Selectors":[],"ResponseHeaders":[{"Name":"Accept-Ranges","Value":"bytes"},{"Name":"Cache-Control","Value":"max-age=31536000, immutable"},{"Name":"Content-Encoding","Value":"br"},{"Name":"Content-Length","Value":"1289"},{"Name":"Content-Type","Value":"text/javascript"},{"Name":"ETag","Value":"\"8O7c+Y2JYyXslUp9H3jWjBMo7qnAFcbteK26g1UZxfo=\""},{"Name":"Last-Modified","Value":"Mon, 11 Aug 2025 20:35:25 GMT"},{"Name":"Vary","Value":"Content-Encoding"}],"EndpointProperties":[{"Name":"fingerprint","Value":"t6mrjmlr4w"},{"Name":"integrity","Value":"sha256-8O7c+Y2JYyXslUp9H3jWjBMo7qnAFcbteK26g1UZxfo="},{"Name":"label","Value":"js/ui.js.br"}]},{"Route":"js/ui.t6mrjmlr4w.js.gz","AssetFile":"js/ui.js.gz","Selectors":[],"ResponseHeaders":[{"Name":"Accept-Ranges","Value":"bytes"},{"Name":"Cache-Control","Value":"max-age=31536000, immutable"},{"Name":"Content-Encoding","Value":"gzip"},{"Name":"Content-Length","Value":"1574"},{"Name":"Content-Type","Value":"text/javascript"},{"Name":"ETag","Value":"\"tbZXfRNLUIr4YV3QIAM9sMzwgfeA5VcvepD+kAVWVaI=\""},{"Name":"Last-Modified","Value":"Mon, 11 Aug 2025 20:35:24 GMT"},{"Name":"Vary","Value":"Content-Encoding"}],"EndpointProperties":[{"Name":"fingerprint","Value":"t6mrjmlr4w"},{"Name":"integrity","Value":"sha256-tbZXfRNLUIr4YV3QIAM9sMzwgfeA5VcvepD+kAVWVaI="},{"Name":"label","Value":"js/ui.js.gz"}]}]}